INSERT INTO CITY (ZIPCODE, NAME) VALUES ('0555', 'Scanning');INSERT INTO CITY (ZIPCODE, NAME) VALUES ('0800', 'Høje Taastrup');INSERT INTO CITY (ZIPCODE, NAME) VALUES ('0877', 'København C');INSERT INTO CITY (ZIPCODE, NAME) VALUES ('0892', 'Sjælland USF P');INSERT INTO CITY (ZIPCODE, NAME) VALUES ('0893', 'Sjælland USF B');INSERT INTO CITY (ZIPCODE, NAME) VALUES ('0894', 'Udbetaling');INSERT INTO CITY (ZIPCODE, NAME) VALUES ('0897', 'eBrevsprækken');INSERT INTO CITY (ZIPCODE, NAME) VALUES ('0899', 'Kommuneservice');INSERT INTO CITY (ZIPCODE, NAME) VALUES ('0900', 'København C');INSERT INTO CITY (ZIPCODE, NAME) VALUES ('0910', 'København C');INSERT INTO CITY (ZIPCODE, NAME) VALUES ('0917', 'Københavns Pakkecenter');INSERT INTO CITY (ZIPCODE, NAME) VALUES ('0918', 'Københavns Pakke BRC');INSERT INTO CITY (ZIPCODE, NAME) VALUES ('0919', 'Returprint BRC');INSERT INTO CITY (ZIPCODE, NAME) VALUES ('0929', 'København C');INSERT INTO CITY (ZIPCODE, NAME) VALUES ('0960', 'Internationalt Postcenter');INSERT INTO CITY (ZIPCODE, NAME) VALUES ('999', 'København C');INSERT INTO CITY (ZIPCODE, NAME) VALUES ('1000', 'København K');INSERT INTO CITY (ZIPCODE, NAME) VALUES ('1001', 'København K');INSERT INTO CITY (ZIPCODE, NAME) VALUES ('1002', 'København K');INSERT INTO CITY (ZIPCODE, NAME) VALUES ('1003', 'København K');INSERT INTO CITY (ZIPCODE, NAME) VALUES ('1004', 'København K');INSERT INTO CITY (ZIPCODE, NAME) VALUES ('1005', 'København K');INSERT INTO CITY (ZIPCODE, NAME) VALUES ('1006', 'København K');INSERT INTO CITY (ZIPCODE, NAME) VALUES ('1007', 'København K');INSERT INTO CITY (ZIPCODE, NAME) VALUES ('1008', 'København K');INSERT INTO CITY (ZIPCODE, NAME) VALUES ('1009', 'København K');INSERT INTO CITY (ZIPCODE, NAME) VALUES ('1010', 'København K');INSERT INTO CITY (ZIPCODE, NAME) VALUES ('1011', 'København K');INSERT INTO CITY (ZIPCODE, NAME) VALUES ('1012', 'København K');INSERT INTO CITY (ZIPCODE, NAME) VALUES ('1013', 'København K');INSERT INTO CITY (ZIPCODE, NAME) VALUES ('1014', 'København K');INSERT INTO CITY (ZIPCODE, NAME) VALUES ('1015', 'København K');INSERT INTO CITY (ZIPCODE, NAME) VALUES ('1016', 'København K');INSERT INTO CITY (ZIPCODE, NAME) VALUES ('1017', 'København K');INSERT INTO CITY (ZIPCODE, NAME) VALUES ('1018', 'København K');INSERT INTO CITY (ZIPCODE, NAME) VALUES ('1019', 'København K');INSERT INTO CITY (ZIPCODE, NAME) VALUES ('1020', 'København K');INSERT INTO CITY (ZIPCODE, NAME) VALUES ('1021', 'København K');INSERT INTO CITY (ZIPCODE, NAME) VALUES ('1022', 'København K');INSERT INTO CITY (ZIPCODE, NAME) VALUES ('1023', 'København K');INSERT INTO CITY (ZIPCODE, NAME) VALUES ('1024', 'København K');INSERT INTO CITY (ZIPCODE, NAME) VALUES ('1025', 'København K');INSERT INTO CITY (ZIPCODE, NAME) VALUES ('1026', 'København K');INSERT INTO CITY (ZIPCODE, NAME) VALUES ('1045', 'København K');INSERT INTO CITY (ZIPCODE, NAME) VALUES ('1050', 'København K');INSERT INTO CITY (ZIPCODE, NAME) VALUES ('1051', 'København K');INSERT INTO CITY (ZIPCODE, NAME) VALUES ('1052', 'København K');INSERT INTO CITY (ZIPCODE, NAME) VALUES ('1053', 'København K');INSERT INTO CITY (ZIPCODE, NAME) VALUES ('1054', 'København K');INSERT INTO CITY (ZIPCODE, NAME) VALUES ('1055', 'København K');INSERT INTO CITY (ZIPCODE, NAME) VALUES ('1056', 'København K');INSERT INTO CITY (ZIPCODE, NAME) VALUES ('1057', 'København K');INSERT INTO CITY (ZIPCODE, NAME) VALUES ('1058', 'København K');INSERT INTO CITY (ZIPCODE, NAME) VALUES ('1059', 'København K');INSERT INTO CITY (ZIPCODE, NAME) VALUES ('1060', 'København K');INSERT INTO CITY (ZIPCODE, NAME) VALUES ('1061', 'København K');INSERT INTO CITY (ZIPCODE, NAME) VALUES ('1062', 'København K');INSERT INTO CITY (ZIPCODE, NAME) VALUES ('1063', 'København K');INSERT INTO CITY (ZIPCODE, NAME) VALUES ('1064', 'København K');INSERT INTO CITY (ZIPCODE, NAME) VALUES ('1065', 'København K');INSERT INTO CITY (ZIPCODE, NAME) VALUES ('1066', 'København K');INSERT INTO CITY (ZIPCODE, NAME) VALUES ('1067', 'København K');INSERT INTO CITY (ZIPCODE, NAME) VALUES ('1068', 'København K');INSERT INTO CITY (ZIPCODE, NAME) VALUES ('1069', 'København K');INSERT INTO CITY (ZIPCODE, NAME) VALUES ('1070', 'København K');INSERT INTO CITY (ZIPCODE, NAME) VALUES ('1071', 'København K');INSERT INTO CITY (ZIPCODE, NAME) VALUES ('1072', 'København K');INSERT INTO CITY (ZIPCODE, NAME) VALUES ('1073', 'København K');INSERT INTO CITY (ZIPCODE, NAME) VALUES ('1074', 'København K');INSERT INTO CITY (ZIPCODE, NAME) VALUES ('1092', 'København K');INSERT INTO CITY (ZIPCODE, NAME) VALUES ('1093', 'København K');INSERT INTO CITY (ZIPCODE, NAME) VALUES ('1095', 'København K');INSERT INTO CITY (ZIPCODE, NAME) VALUES ('1098', 'København K');INSERT INTO CITY (ZIPCODE, NAME) VALUES ('1100', 'København K');INSERT INTO CITY (ZIPCODE, NAME) VALUES ('1101', 'København K');INSERT INTO CITY (ZIPCODE, NAME) VALUES ('1102', 'København K');INSERT INTO CITY (ZIPCODE, NAME) VALUES ('1103', 'København K');INSERT INTO CITY (ZIPCODE, NAME) VALUES ('1104', 'København K');INSERT INTO CITY (ZIPCODE, NAME) VALUES ('1105', 'København K');INSERT INTO CITY (ZIPCODE, NAME) VALUES ('1106', 'København K');INSERT INTO CITY (ZIPCODE, NAME) VALUES ('1107', 'København K');INSERT INTO CITY (ZIPCODE, NAME) VALUES ('1110', 'København K');INSERT INTO CITY (ZIPCODE, NAME) VALUES ('1111', 'København K');INSERT INTO CITY (ZIPCODE, NAME) VALUES ('1112', 'København K');INSERT INTO CITY (ZIPCODE, NAME) VALUES ('1113', 'København K');INSERT INTO CITY (ZIPCODE, NAME) VALUES ('1114', 'København K');INSERT INTO CITY (ZIPCODE, NAME) VALUES ('1115', 'København K');INSERT INTO CITY (ZIPCODE, NAME) VALUES ('1116', 'København K');INSERT INTO CITY (ZIPCODE, NAME) VALUES ('1117', 'København K');INSERT INTO CITY (ZIPCODE, NAME) VALUES ('1118', 'København K');INSERT INTO CITY (ZIPCODE, NAME) VALUES ('1119', 'København K');INSERT INTO CITY (ZIPCODE, NAME) VALUES ('1120', 'København K');INSERT INTO CITY (ZIPCODE, NAME) VALUES ('1121', 'København K');INSERT INTO CITY (ZIPCODE, NAME) VALUES ('1122', 'København K');INSERT INTO CITY (ZIPCODE, NAME) VALUES ('1123', 'København K');INSERT INTO CITY (ZIPCODE, NAME) VALUES ('1124', 'København K');INSERT INTO CITY (ZIPCODE, NAME) VALUES ('1125', 'København K');INSERT INTO CITY (ZIPCODE, NAME) VALUES ('1126', 'København K');INSERT INTO CITY (ZIPCODE, NAME) VALUES ('1127', 'København K');INSERT INTO CITY (ZIPCODE, NAME) VALUES ('1128', 'København K');INSERT INTO CITY (ZIPCODE, NAME) VALUES ('1129', 'København K');INSERT INTO CITY (ZIPCODE, NAME) VALUES ('1130', 'København K');INSERT INTO CITY (ZIPCODE, NAME) VALUES ('1131', 'København K');INSERT INTO CITY (ZIPCODE, NAME) VALUES ('1140', 'København K');INSERT INTO CITY (ZIPCODE, NAME) VALUES ('1147', 'København K');INSERT INTO CITY (ZIPCODE, NAME) VALUES ('1148', 'København K');INSERT INTO CITY (ZIPCODE, NAME) VALUES ('1150', 'København K');INSERT INTO CITY (ZIPCODE, NAME) VALUES ('1151', 'København K');INSERT INTO CITY (ZIPCODE, NAME) VALUES ('1152', 'København K');INSERT INTO CITY (ZIPCODE, NAME) VALUES ('1153', 'København K');INSERT INTO CITY (ZIPCODE, NAME) VALUES ('1154', 'København K');INSERT INTO CITY (ZIPCODE, NAME) VALUES ('1155', 'København K');INSERT INTO CITY (ZIPCODE, NAME) VALUES ('1156', 'København K');INSERT INTO CITY (ZIPCODE, NAME) VALUES ('1157', 'København K');INSERT INTO CITY (ZIPCODE, NAME) VALUES ('1158', 'København K');INSERT INTO CITY (ZIPCODE, NAME) VALUES ('1159', 'København K');INSERT INTO CITY (ZIPCODE, NAME) VALUES ('1160', 'København K');INSERT INTO CITY (ZIPCODE, NAME) VALUES ('1161', 'København K');INSERT INTO CITY (ZIPCODE, NAME) VALUES ('1162', 'København K');INSERT INTO CITY (ZIPCODE, NAME) VALUES ('1163', 'København K');INSERT INTO CITY (ZIPCODE, NAME) VALUES ('1164', 'København K');INSERT INTO CITY (ZIPCODE, NAME) VALUES ('1165', 'København K');INSERT INTO CITY (ZIPCODE, NAME) VALUES ('1166', 'København K');INSERT INTO CITY (ZIPCODE, NAME) VALUES ('1167', 'København K');INSERT INTO CITY (ZIPCODE, NAME) VALUES ('1168', 'København K');INSERT INTO CITY (ZIPCODE, NAME) VALUES ('1169', 'København K');INSERT INTO CITY (ZIPCODE, NAME) VALUES ('1170', 'København K');INSERT INTO CITY (ZIPCODE, NAME) VALUES ('1171', 'København K');INSERT INTO CITY (ZIPCODE, NAME) VALUES ('1172', 'København K');INSERT INTO CITY (ZIPCODE, NAME) VALUES ('1173', 'København K');INSERT INTO CITY (ZIPCODE, NAME) VALUES ('1174', 'København K');INSERT INTO CITY (ZIPCODE, NAME) VALUES ('1175', 'København K');INSERT INTO CITY (ZIPCODE, NAME) VALUES ('1200', 'København K');INSERT INTO CITY (ZIPCODE, NAME) VALUES ('1201', 'København K');INSERT INTO CITY (ZIPCODE, NAME) VALUES ('1202', 'København K');INSERT INTO CITY (ZIPCODE, NAME) VALUES ('1203', 'København K');INSERT INTO CITY (ZIPCODE, NAME) VALUES ('1204', 'København K');INSERT INTO CITY (ZIPCODE, NAME) VALUES ('1205', 'København K');INSERT INTO CITY (ZIPCODE, NAME) VALUES ('1206', 'København K');INSERT INTO CITY (ZIPCODE, NAME) VALUES ('1207', 'København K');INSERT INTO CITY (ZIPCODE, NAME) VALUES ('1208', 'København K');INSERT INTO CITY (ZIPCODE, NAME) VALUES ('1209', 'København K');INSERT INTO CITY (ZIPCODE, NAME) VALUES ('1210', 'København K');INSERT INTO CITY (ZIPCODE, NAME) VALUES ('1211', 'København K');INSERT INTO CITY (ZIPCODE, NAME) VALUES ('1212', 'København K');INSERT INTO CITY (ZIPCODE, NAME) VALUES ('1213', 'København K');INSERT INTO CITY (ZIPCODE, NAME) VALUES ('1214', 'København K');INSERT INTO CITY (ZIPCODE, NAME) VALUES ('1215', 'København K');INSERT INTO CITY (ZIPCODE, NAME) VALUES ('1216', 'København K');INSERT INTO CITY (ZIPCODE, NAME) VALUES ('1217', 'København K');INSERT INTO CITY (ZIPCODE, NAME) VALUES ('1218', 'København K');INSERT INTO CITY (ZIPCODE, NAME) VALUES ('1219', 'København K');INSERT INTO CITY (ZIPCODE, NAME) VALUES ('1220', 'København K');INSERT INTO CITY (ZIPCODE, NAME) VALUES ('1221', 'København K');INSERT INTO CITY (ZIPCODE, NAME) VALUES ('1240', 'København K');INSERT INTO CITY (ZIPCODE, NAME) VALUES ('1250', 'København K');INSERT INTO CITY (ZIPCODE, NAME) VALUES ('1251', 'København K');INSERT INTO CITY (ZIPCODE, NAME) VALUES ('1252', 'København K');INSERT INTO CITY (ZIPCODE, NAME) VALUES ('1253', 'København K');INSERT INTO CITY (ZIPCODE, NAME) VALUES ('1254', 'København K');INSERT INTO CITY (ZIPCODE, NAME) VALUES ('1255', 'København K');INSERT INTO CITY (ZIPCODE, NAME) VALUES ('1256', 'København K');INSERT INTO CITY (ZIPCODE, NAME) VALUES ('1257', 'København K');INSERT INTO CITY (ZIPCODE, NAME) VALUES ('1258', 'København K');INSERT INTO CITY (ZIPCODE, NAME) VALUES ('1259', 'København K');INSERT INTO CITY (ZIPCODE, NAME) VALUES ('1260', 'København K');INSERT INTO CITY (ZIPCODE, NAME) VALUES ('1261', 'København K');INSERT INTO CITY (ZIPCODE, NAME) VALUES ('1263', 'København K');INSERT INTO CITY (ZIPCODE, NAME) VALUES ('1264', 'København K');INSERT INTO CITY (ZIPCODE, NAME) VALUES ('1265', 'København K');INSERT INTO CITY (ZIPCODE, NAME) VALUES ('1266', 'København K');INSERT INTO CITY (ZIPCODE, NAME) VALUES ('1267', 'København K');INSERT INTO CITY (ZIPCODE, NAME) VALUES ('1268', 'København K');INSERT INTO CITY (ZIPCODE, NAME) VALUES ('1270', 'København K');INSERT INTO CITY (ZIPCODE, NAME) VALUES ('1271', 'København K');INSERT INTO CITY (ZIPCODE, NAME) VALUES ('1291', 'København K');INSERT INTO CITY (ZIPCODE, NAME) VALUES ('1300', 'København K');INSERT INTO CITY (ZIPCODE, NAME) VALUES ('1301', 'København K');INSERT INTO CITY (ZIPCODE, NAME) VALUES ('1302', 'København K');INSERT INTO CITY (ZIPCODE, NAME) VALUES ('1303', 'København K');INSERT INTO CITY (ZIPCODE, NAME) VALUES ('1304', 'København K');INSERT INTO CITY (ZIPCODE, NAME) VALUES ('1306', 'København K');INSERT INTO CITY (ZIPCODE, NAME) VALUES ('1307', 'København K');INSERT INTO CITY (ZIPCODE, NAME) VALUES ('1308', 'København K');INSERT INTO CITY (ZIPCODE, NAME) VALUES ('1309', 'København K');INSERT INTO CITY (ZIPCODE, NAME) VALUES ('1310', 'København K');INSERT INTO CITY (ZIPCODE, NAME) VALUES ('1311', 'København K');INSERT INTO CITY (ZIPCODE, NAME) VALUES ('1312', 'København K');INSERT INTO CITY (ZIPCODE, NAME) VALUES ('1313', 'København K');INSERT INTO CITY (ZIPCODE, NAME) VALUES ('1314', 'København K');INSERT INTO CITY (ZIPCODE, NAME) VALUES ('1315', 'København K');INSERT INTO CITY (ZIPCODE, NAME) VALUES ('1316', 'København K');INSERT INTO CITY (ZIPCODE, NAME) VALUES ('1317', 'København K');INSERT INTO CITY (ZIPCODE, NAME) VALUES ('1318', 'København K');INSERT INTO CITY (ZIPCODE, NAME) VALUES ('1319', 'København K');INSERT INTO CITY (ZIPCODE, NAME) VALUES ('1320', 'København K');INSERT INTO CITY (ZIPCODE, NAME) VALUES ('1321', 'København K');INSERT INTO CITY (ZIPCODE, NAME) VALUES ('1322', 'København K');INSERT INTO CITY (ZIPCODE, NAME) VALUES ('1323', 'København K');INSERT INTO CITY (ZIPCODE, NAME) VALUES ('1324', 'København K');INSERT INTO CITY (ZIPCODE, NAME) VALUES ('1325', 'København K');INSERT INTO CITY (ZIPCODE, NAME) VALUES ('1326', 'København K');INSERT INTO CITY (ZIPCODE, NAME) VALUES ('1327', 'København K');INSERT INTO CITY (ZIPCODE, NAME) VALUES ('1328', 'København K');INSERT INTO CITY (ZIPCODE, NAME) VALUES ('1329', 'København K');INSERT INTO CITY (ZIPCODE, NAME) VALUES ('1350', 'København K');INSERT INTO CITY (ZIPCODE, NAME) VALUES ('1352', 'København K');INSERT INTO CITY (ZIPCODE, NAME) VALUES ('1353', 'København K');INSERT INTO CITY (ZIPCODE, NAME) VALUES ('1354', 'København K');INSERT INTO CITY (ZIPCODE, NAME) VALUES ('1355', 'København K');INSERT INTO CITY (ZIPCODE, NAME) VALUES ('1356', 'København K');INSERT INTO CITY (ZIPCODE, NAME) VALUES ('1357', 'København K');INSERT INTO CITY (ZIPCODE, NAME) VALUES ('1358', 'København K');INSERT INTO CITY (ZIPCODE, NAME) VALUES ('1359', 'København K');INSERT INTO CITY (ZIPCODE, NAME) VALUES ('1360', 'København K');INSERT INTO CITY (ZIPCODE, NAME) VALUES ('1361', 'København K');INSERT INTO CITY (ZIPCODE, NAME) VALUES ('1362', 'København K');INSERT INTO CITY (ZIPCODE, NAME) VALUES ('1363', 'København K');INSERT INTO CITY (ZIPCODE, NAME) VALUES ('1364', 'København K');INSERT INTO CITY (ZIPCODE, NAME) VALUES ('1365', 'København K');INSERT INTO CITY (ZIPCODE, NAME) VALUES ('1366', 'København K');INSERT INTO CITY (ZIPCODE, NAME) VALUES ('1367', 'København K');INSERT INTO CITY (ZIPCODE, NAME) VALUES ('1368', 'København K');INSERT INTO CITY (ZIPCODE, NAME) VALUES ('1369', 'København K');INSERT INTO CITY (ZIPCODE, NAME) VALUES ('1370', 'København K');INSERT INTO CITY (ZIPCODE, NAME) VALUES ('1371', 'København K');INSERT INTO CITY (ZIPCODE, NAME) VALUES ('1400', 'København K');INSERT INTO CITY (ZIPCODE, NAME) VALUES ('1401', 'København K');INSERT INTO CITY (ZIPCODE, NAME) VALUES ('1402', 'København K');INSERT INTO CITY (ZIPCODE, NAME) VALUES ('1403', 'København K');INSERT INTO CITY (ZIPCODE, NAME) VALUES ('1404', 'København K');INSERT INTO CITY (ZIPCODE, NAME) VALUES ('1406', 'København K');INSERT INTO CITY (ZIPCODE, NAME) VALUES ('1407', 'København K');INSERT INTO CITY (ZIPCODE, NAME) VALUES ('1408', 'København K');INSERT INTO CITY (ZIPCODE, NAME) VALUES ('1409', 'København K');INSERT INTO CITY (ZIPCODE, NAME) VALUES ('1410', 'København K');INSERT INTO CITY (ZIPCODE, NAME) VALUES ('1411', 'København K');INSERT INTO CITY (ZIPCODE, NAME) VALUES ('1412', 'København K');INSERT INTO CITY (ZIPCODE, NAME) VALUES ('1413', 'København K');INSERT INTO CITY (ZIPCODE, NAME) VALUES ('1414', 'København K');INSERT INTO CITY (ZIPCODE, NAME) VALUES ('1415', 'København K');INSERT INTO CITY (ZIPCODE, NAME) VALUES ('1416', 'København K');INSERT INTO CITY (ZIPCODE, NAME) VALUES ('1417', 'København K');INSERT INTO CITY (ZIPCODE, NAME) VALUES ('1418', 'København K');INSERT INTO CITY (ZIPCODE, NAME) VALUES ('1419', 'København K');INSERT INTO CITY (ZIPCODE, NAME) VALUES ('1420', 'København K');INSERT INTO CITY (ZIPCODE, NAME) VALUES ('1421', 'København K');INSERT INTO CITY (ZIPCODE, NAME) VALUES ('1422', 'København K');INSERT INTO CITY (ZIPCODE, NAME) VALUES ('1423', 'København K');INSERT INTO CITY (ZIPCODE, NAME) VALUES ('1424', 'København K');INSERT INTO CITY (ZIPCODE, NAME) VALUES ('1425', 'København K');INSERT INTO CITY (ZIPCODE, NAME) VALUES ('1426', 'København K');INSERT INTO CITY (ZIPCODE, NAME) VALUES ('1427', 'København K');INSERT INTO CITY (ZIPCODE, NAME) VALUES ('1428', 'København K');INSERT INTO CITY (ZIPCODE, NAME) VALUES ('1429', 'København K');INSERT INTO CITY (ZIPCODE, NAME) VALUES ('1430', 'København K');INSERT INTO CITY (ZIPCODE, NAME) VALUES ('1431', 'København K');INSERT INTO CITY (ZIPCODE, NAME) VALUES ('1432', 'København K');INSERT INTO CITY (ZIPCODE, NAME) VALUES ('1433', 'København K');INSERT INTO CITY (ZIPCODE, NAME) VALUES ('1434', 'København K');INSERT INTO CITY (ZIPCODE, NAME) VALUES ('1435', 'København K');INSERT INTO CITY (ZIPCODE, NAME) VALUES ('1436', 'København K');INSERT INTO CITY (ZIPCODE, NAME) VALUES ('1437', 'København K');INSERT INTO CITY (ZIPCODE, NAME) VALUES ('1438', 'København K');INSERT INTO CITY (ZIPCODE, NAME) VALUES ('1439', 'København K');INSERT INTO CITY (ZIPCODE, NAME) VALUES ('1440', 'København K');INSERT INTO CITY (ZIPCODE, NAME) VALUES ('1441', 'København K');INSERT INTO CITY (ZIPCODE, NAME) VALUES ('1448', 'København K');INSERT INTO CITY (ZIPCODE, NAME) VALUES ('1450', 'København K');INSERT INTO CITY (ZIPCODE, NAME) VALUES ('1451', 'København K');INSERT INTO CITY (ZIPCODE, NAME) VALUES ('1452', 'København K');INSERT INTO CITY (ZIPCODE, NAME) VALUES ('1453', 'København K');INSERT INTO CITY (ZIPCODE, NAME) VALUES ('1454', 'København K');INSERT INTO CITY (ZIPCODE, NAME) VALUES ('1455', 'København K');INSERT INTO CITY (ZIPCODE, NAME) VALUES ('1456', 'København K');INSERT INTO CITY (ZIPCODE, NAME) VALUES ('1457', 'København K');INSERT INTO CITY (ZIPCODE, NAME) VALUES ('1458', 'København K');INSERT INTO CITY (ZIPCODE, NAME) VALUES ('1459', 'København K');INSERT INTO CITY (ZIPCODE, NAME) VALUES ('1460', 'København K');INSERT INTO CITY (ZIPCODE, NAME) VALUES ('1461', 'København K');INSERT INTO CITY (ZIPCODE, NAME) VALUES ('1462', 'København K');INSERT INTO CITY (ZIPCODE, NAME) VALUES ('1463', 'København K');INSERT INTO CITY (ZIPCODE, NAME) VALUES ('1464', 'København K');INSERT INTO CITY (ZIPCODE, NAME) VALUES ('1465', 'København K');INSERT INTO CITY (ZIPCODE, NAME) VALUES ('1466', 'København K');INSERT INTO CITY (ZIPCODE, NAME) VALUES ('1467', 'København K');INSERT INTO CITY (ZIPCODE, NAME) VALUES ('1468', 'København K');INSERT INTO CITY (ZIPCODE, NAME) VALUES ('1470', 'København K');INSERT INTO CITY (ZIPCODE, NAME) VALUES ('1471', 'København K');INSERT INTO CITY (ZIPCODE, NAME) VALUES ('1472', 'København K');INSERT INTO CITY (ZIPCODE, NAME) VALUES ('1473', 'København K');INSERT INTO CITY (ZIPCODE, NAME) VALUES ('1500', 'København V');INSERT INTO CITY (ZIPCODE, NAME) VALUES ('1501', 'København V');INSERT INTO CITY (ZIPCODE, NAME) VALUES ('1502', 'København V');INSERT INTO CITY (ZIPCODE, NAME) VALUES ('1503', 'København V');INSERT INTO CITY (ZIPCODE, NAME) VALUES ('1504', 'København V');INSERT INTO CITY (ZIPCODE, NAME) VALUES ('1505', 'København V');INSERT INTO CITY (ZIPCODE, NAME) VALUES ('1506', 'København V');INSERT INTO CITY (ZIPCODE, NAME) VALUES ('1507', 'København V');INSERT INTO CITY (ZIPCODE, NAME) VALUES ('1508', 'København V');INSERT INTO CITY (ZIPCODE, NAME) VALUES ('1509', 'København V');INSERT INTO CITY (ZIPCODE, NAME) VALUES ('1510', 'København V');INSERT INTO CITY (ZIPCODE, NAME) VALUES ('1512', 'Returpost');INSERT INTO CITY (ZIPCODE, NAME) VALUES ('1513', 'Centraltastning');INSERT INTO CITY (ZIPCODE, NAME) VALUES ('1532', 'København V');INSERT INTO CITY (ZIPCODE, NAME) VALUES ('1533', 'København V');INSERT INTO CITY (ZIPCODE, NAME) VALUES ('1550', 'København V');INSERT INTO CITY (ZIPCODE, NAME) VALUES ('1551', 'København V');INSERT INTO CITY (ZIPCODE, NAME) VALUES ('1552', 'København V');INSERT INTO CITY (ZIPCODE, NAME) VALUES ('1553', 'København V');INSERT INTO CITY (ZIPCODE, NAME) VALUES ('1554', 'København V');INSERT INTO CITY (ZIPCODE, NAME) VALUES ('1555', 'København V');INSERT INTO CITY (ZIPCODE, NAME) VALUES ('1556', 'København V');INSERT INTO CITY (ZIPCODE, NAME) VALUES ('1557', 'København V');INSERT INTO CITY (ZIPCODE, NAME) VALUES ('1558', 'København V');INSERT INTO CITY (ZIPCODE, NAME) VALUES ('1559', 'København V');INSERT INTO CITY (ZIPCODE, NAME) VALUES ('1560', 'København V');INSERT INTO CITY (ZIPCODE, NAME) VALUES ('1561', 'København V');INSERT INTO CITY (ZIPCODE, NAME) VALUES ('1562', 'København V');INSERT INTO CITY (ZIPCODE, NAME) VALUES ('1563', 'København V');INSERT INTO CITY (ZIPCODE, NAME) VALUES ('1564', 'København V');INSERT INTO CITY (ZIPCODE, NAME) VALUES ('1566', 'København V');INSERT INTO CITY (ZIPCODE, NAME) VALUES ('1567', 'København V');INSERT INTO CITY (ZIPCODE, NAME) VALUES ('1568', 'København V');INSERT INTO CITY (ZIPCODE, NAME) VALUES ('1569', 'København V');INSERT INTO CITY (ZIPCODE, NAME) VALUES ('1570', 'København V');INSERT INTO CITY (ZIPCODE, NAME) VALUES ('1571', 'København V');INSERT INTO CITY (ZIPCODE, NAME) VALUES ('1572', 'København V');INSERT INTO CITY (ZIPCODE, NAME) VALUES ('1573', 'København V');INSERT INTO CITY (ZIPCODE, NAME) VALUES ('1574', 'København V');INSERT INTO CITY (ZIPCODE, NAME) VALUES ('1575', 'København V');INSERT INTO CITY (ZIPCODE, NAME) VALUES ('1576', 'København V');INSERT INTO CITY (ZIPCODE, NAME) VALUES ('1577', 'København V');INSERT INTO CITY (ZIPCODE, NAME) VALUES ('1592', 'København V');INSERT INTO CITY (ZIPCODE, NAME) VALUES ('1599', 'København V');INSERT INTO CITY (ZIPCODE, NAME) VALUES ('1600', 'København V');INSERT INTO CITY (ZIPCODE, NAME) VALUES ('1601', 'København V');INSERT INTO CITY (ZIPCODE, NAME) VALUES ('1602', 'København V');INSERT INTO CITY (ZIPCODE, NAME) VALUES ('1603', 'København V');INSERT INTO CITY (ZIPCODE, NAME) VALUES ('1604', 'København V');INSERT INTO CITY (ZIPCODE, NAME) VALUES ('1605', 'København V');INSERT INTO CITY (ZIPCODE, NAME) VALUES ('1606', 'København V');INSERT INTO CITY (ZIPCODE, NAME) VALUES ('1607', 'København V');INSERT INTO CITY (ZIPCODE, NAME) VALUES ('1608', 'København V');INSERT INTO CITY (ZIPCODE, NAME) VALUES ('1609', 'København V');INSERT INTO CITY (ZIPCODE, NAME) VALUES ('1610', 'København V');INSERT INTO CITY (ZIPCODE, NAME) VALUES ('1611', 'København V');INSERT INTO CITY (ZIPCODE, NAME) VALUES ('1612', 'København V');INSERT INTO CITY (ZIPCODE, NAME) VALUES ('1613', 'København V');INSERT INTO CITY (ZIPCODE, NAME) VALUES ('1614', 'København V');INSERT INTO CITY (ZIPCODE, NAME) VALUES ('1615', 'København V');INSERT INTO CITY (ZIPCODE, NAME) VALUES ('1616', 'København V');INSERT INTO CITY (ZIPCODE, NAME) VALUES ('1617', 'København V');INSERT INTO CITY (ZIPCODE, NAME) VALUES ('1618', 'København V');INSERT INTO CITY (ZIPCODE, NAME) VALUES ('1619', 'København V');INSERT INTO CITY (ZIPCODE, NAME) VALUES ('1620', 'København V');INSERT INTO CITY (ZIPCODE, NAME) VALUES ('1621', 'København V');INSERT INTO CITY (ZIPCODE, NAME) VALUES ('1622', 'København V');INSERT INTO CITY (ZIPCODE, NAME) VALUES ('1623', 'København V');INSERT INTO CITY (ZIPCODE, NAME) VALUES ('1624', 'København V');INSERT INTO CITY (ZIPCODE, NAME) VALUES ('1630', 'København V');INSERT INTO CITY (ZIPCODE, NAME) VALUES ('1631', 'København V');INSERT INTO CITY (ZIPCODE, NAME) VALUES ('1632', 'København V');INSERT INTO CITY (ZIPCODE, NAME) VALUES ('1633', 'København V');INSERT INTO CITY (ZIPCODE, NAME) VALUES ('1634', 'København V');INSERT INTO CITY (ZIPCODE, NAME) VALUES ('1635', 'København V');INSERT INTO CITY (ZIPCODE, NAME) VALUES ('1650', 'København V');INSERT INTO CITY (ZIPCODE, NAME) VALUES ('1651', 'København V');INSERT INTO CITY (ZIPCODE, NAME) VALUES ('1652', 'København V');INSERT INTO CITY (ZIPCODE, NAME) VALUES ('1653', 'København V');INSERT INTO CITY (ZIPCODE, NAME) VALUES ('1654', 'København V');INSERT INTO CITY (ZIPCODE, NAME) VALUES ('1655', 'København V');INSERT INTO CITY (ZIPCODE, NAME) VALUES ('1656', 'København V');INSERT INTO CITY (ZIPCODE, NAME) VALUES ('1657', 'København V');INSERT INTO CITY (ZIPCODE, NAME) VALUES ('1658', 'København V');INSERT INTO CITY (ZIPCODE, NAME) VALUES ('1659', 'København V');INSERT INTO CITY (ZIPCODE, NAME) VALUES ('1660', 'København V');INSERT INTO CITY (ZIPCODE, NAME) VALUES ('1661', 'København V');INSERT INTO CITY (ZIPCODE, NAME) VALUES ('1662', 'København V');INSERT INTO CITY (ZIPCODE, NAME) VALUES ('1663', 'København V');INSERT INTO CITY (ZIPCODE, NAME) VALUES ('1664', 'København V');INSERT INTO CITY (ZIPCODE, NAME) VALUES ('1665', 'København V');INSERT INTO CITY (ZIPCODE, NAME) VALUES ('1666', 'København V');INSERT INTO CITY (ZIPCODE, NAME) VALUES ('1667', 'København V');INSERT INTO CITY (ZIPCODE, NAME) VALUES ('1668', 'København V');INSERT INTO CITY (ZIPCODE, NAME) VALUES ('1669', 'København V');INSERT INTO CITY (ZIPCODE, NAME) VALUES ('1670', 'København V');INSERT INTO CITY (ZIPCODE, NAME) VALUES ('1671', 'København V');INSERT INTO CITY (ZIPCODE, NAME) VALUES ('1672', 'København V');INSERT INTO CITY (ZIPCODE, NAME) VALUES ('1673', 'København V');INSERT INTO CITY (ZIPCODE, NAME) VALUES ('1674', 'København V');INSERT INTO CITY (ZIPCODE, NAME) VALUES ('1675', 'København V');INSERT INTO CITY (ZIPCODE, NAME) VALUES ('1676', 'København V');INSERT INTO CITY (ZIPCODE, NAME) VALUES ('1677', 'København V');INSERT INTO CITY (ZIPCODE, NAME) VALUES ('1699', 'København V');INSERT INTO CITY (ZIPCODE, NAME) VALUES ('1700', 'København V');INSERT INTO CITY (ZIPCODE, NAME) VALUES ('1701', 'København V');INSERT INTO CITY (ZIPCODE, NAME) VALUES ('1702', 'København V');INSERT INTO CITY (ZIPCODE, NAME) VALUES ('1703', 'København V');INSERT INTO CITY (ZIPCODE, NAME) VALUES ('1704', 'København V');INSERT INTO CITY (ZIPCODE, NAME) VALUES ('1705', 'København V');INSERT INTO CITY (ZIPCODE, NAME) VALUES ('1706', 'København V');INSERT INTO CITY (ZIPCODE, NAME) VALUES ('1707', 'København V');INSERT INTO CITY (ZIPCODE, NAME) VALUES ('1708', 'København V');INSERT INTO CITY (ZIPCODE, NAME) VALUES ('1709', 'København V');INSERT INTO CITY (ZIPCODE, NAME) VALUES ('1710', 'København V');INSERT INTO CITY (ZIPCODE, NAME) VALUES ('1711', 'København V');INSERT INTO CITY (ZIPCODE, NAME) VALUES ('1712', 'København V');INSERT INTO CITY (ZIPCODE, NAME) VALUES ('1713', 'København V');INSERT INTO CITY (ZIPCODE, NAME) VALUES ('1714', 'København V');INSERT INTO CITY (ZIPCODE, NAME) VALUES ('1715', 'København V');INSERT INTO CITY (ZIPCODE, NAME) VALUES ('1716', 'København V');INSERT INTO CITY (ZIPCODE, NAME) VALUES ('1717', 'København V');INSERT INTO CITY (ZIPCODE, NAME) VALUES ('1718', 'København V');INSERT INTO CITY (ZIPCODE, NAME) VALUES ('1719', 'København V');INSERT INTO CITY (ZIPCODE, NAME) VALUES ('1720', 'København V');INSERT INTO CITY (ZIPCODE, NAME) VALUES ('1721', 'København V');INSERT INTO CITY (ZIPCODE, NAME) VALUES ('1722', 'København V');INSERT INTO CITY (ZIPCODE, NAME) VALUES ('1723', 'København V');INSERT INTO CITY (ZIPCODE, NAME) VALUES ('1724', 'København V');INSERT INTO CITY (ZIPCODE, NAME) VALUES ('1725', 'København V');INSERT INTO CITY (ZIPCODE, NAME) VALUES ('1726', 'København V');INSERT INTO CITY (ZIPCODE, NAME) VALUES ('1727', 'København V');INSERT INTO CITY (ZIPCODE, NAME) VALUES ('1728', 'København V');INSERT INTO CITY (ZIPCODE, NAME) VALUES ('1729', 'København V');INSERT INTO CITY (ZIPCODE, NAME) VALUES ('1730', 'København V');INSERT INTO CITY (ZIPCODE, NAME) VALUES ('1731', 'København V');INSERT INTO CITY (ZIPCODE, NAME) VALUES ('1732', 'København V');INSERT INTO CITY (ZIPCODE, NAME) VALUES ('1733', 'København V');INSERT INTO CITY (ZIPCODE, NAME) VALUES ('1734', 'København V');INSERT INTO CITY (ZIPCODE, NAME) VALUES ('1735', 'København V');INSERT INTO CITY (ZIPCODE, NAME) VALUES ('1736', 'København V');INSERT INTO CITY (ZIPCODE, NAME) VALUES ('1737', 'København V');INSERT INTO CITY (ZIPCODE, NAME) VALUES ('1738', 'København V');INSERT INTO CITY (ZIPCODE, NAME) VALUES ('1739', 'København V');INSERT INTO CITY (ZIPCODE, NAME) VALUES ('1749', 'København V');INSERT INTO CITY (ZIPCODE, NAME) VALUES ('1750', 'København V');INSERT INTO CITY (ZIPCODE, NAME) VALUES ('1751', 'København V');INSERT INTO CITY (ZIPCODE, NAME) VALUES ('1752', 'København V');INSERT INTO CITY (ZIPCODE, NAME) VALUES ('1753', 'København V');INSERT INTO CITY (ZIPCODE, NAME) VALUES ('1754', 'København V');INSERT INTO CITY (ZIPCODE, NAME) VALUES ('1755', 'København V');INSERT INTO CITY (ZIPCODE, NAME) VALUES ('1756', 'København V');INSERT INTO CITY (ZIPCODE, NAME) VALUES ('1757', 'København V');INSERT INTO CITY (ZIPCODE, NAME) VALUES ('1758', 'København V');INSERT INTO CITY (ZIPCODE, NAME) VALUES ('1759', 'København V');INSERT INTO CITY (ZIPCODE, NAME) VALUES ('1760', 'København V');INSERT INTO CITY (ZIPCODE, NAME) VALUES ('1761', 'København V');INSERT INTO CITY (ZIPCODE, NAME) VALUES ('1762', 'København V');INSERT INTO CITY (ZIPCODE, NAME) VALUES ('1763', 'København V');INSERT INTO CITY (ZIPCODE, NAME) VALUES ('1764', 'København V');INSERT INTO CITY (ZIPCODE, NAME) VALUES ('1765', 'København V');INSERT INTO CITY (ZIPCODE, NAME) VALUES ('1766', 'København V');INSERT INTO CITY (ZIPCODE, NAME) VALUES ('1770', 'København V');INSERT INTO CITY (ZIPCODE, NAME) VALUES ('1771', 'København V');INSERT INTO CITY (ZIPCODE, NAME) VALUES ('1772', 'København V');INSERT INTO CITY (ZIPCODE, NAME) VALUES ('1773', 'København V');INSERT INTO CITY (ZIPCODE, NAME) VALUES ('1774', 'København V');INSERT INTO CITY (ZIPCODE, NAME) VALUES ('1775', 'København V');INSERT INTO CITY (ZIPCODE, NAME) VALUES ('1777', 'København V');INSERT INTO CITY (ZIPCODE, NAME) VALUES ('1780', 'København V');INSERT INTO CITY (ZIPCODE, NAME) VALUES ('1782', 'København V');INSERT INTO CITY (ZIPCODE, NAME) VALUES ('1785', 'København V');INSERT INTO CITY (ZIPCODE, NAME) VALUES ('1786', 'København V');INSERT INTO CITY (ZIPCODE, NAME) VALUES ('1787', 'København V');INSERT INTO CITY (ZIPCODE, NAME) VALUES ('1790', 'København V');INSERT INTO CITY (ZIPCODE, NAME) VALUES ('1799', 'København V');INSERT INTO CITY (ZIPCODE, NAME) VALUES ('1800', 'Frederiksberg C');INSERT INTO CITY (ZIPCODE, NAME) VALUES ('1801', 'Frederiksberg C');INSERT INTO CITY (ZIPCODE, NAME) VALUES ('1802', 'Frederiksberg C');INSERT INTO CITY (ZIPCODE, NAME) VALUES ('1803', 'Frederiksberg C');INSERT INTO CITY (ZIPCODE, NAME) VALUES ('1804', 'Frederiksberg C');INSERT INTO CITY (ZIPCODE, NAME) VALUES ('1805', 'Frederiksberg C');INSERT INTO CITY (ZIPCODE, NAME) VALUES ('1806', 'Frederiksberg C');INSERT INTO CITY (ZIPCODE, NAME) VALUES ('1807', 'Frederiksberg C');INSERT INTO CITY (ZIPCODE, NAME) VALUES ('1808', 'Frederiksberg C');INSERT INTO CITY (ZIPCODE, NAME) VALUES ('1809', 'Frederiksberg C');INSERT INTO CITY (ZIPCODE, NAME) VALUES ('1810', 'Frederiksberg C');INSERT INTO CITY (ZIPCODE, NAME) VALUES ('1811', 'Frederiksberg C');INSERT INTO CITY (ZIPCODE, NAME) VALUES ('1812', 'Frederiksberg C');INSERT INTO CITY (ZIPCODE, NAME) VALUES ('1813', 'Frederiksberg C');INSERT INTO CITY (ZIPCODE, NAME) VALUES ('1814', 'Frederiksberg C');INSERT INTO CITY (ZIPCODE, NAME) VALUES ('1815', 'Frederiksberg C');INSERT INTO CITY (ZIPCODE, NAME) VALUES ('1816', 'Frederiksberg C');INSERT INTO CITY (ZIPCODE, NAME) VALUES ('1817', 'Frederiksberg C');INSERT INTO CITY (ZIPCODE, NAME) VALUES ('1818', 'Frederiksberg C');INSERT INTO CITY (ZIPCODE, NAME) VALUES ('1819', 'Frederiksberg C');INSERT INTO CITY (ZIPCODE, NAME) VALUES ('1820', 'Frederiksberg C');INSERT INTO CITY (ZIPCODE, NAME) VALUES ('1822', 'Frederiksberg C');INSERT INTO CITY (ZIPCODE, NAME) VALUES ('1823', 'Frederiksberg C');INSERT INTO CITY (ZIPCODE, NAME) VALUES ('1824', 'Frederiksberg C');INSERT INTO CITY (ZIPCODE, NAME) VALUES ('1825', 'Frederiksberg C');INSERT INTO CITY (ZIPCODE, NAME) VALUES ('1826', 'Frederiksberg C');INSERT INTO CITY (ZIPCODE, NAME) VALUES ('1827', 'Frederiksberg C');INSERT INTO CITY (ZIPCODE, NAME) VALUES ('1828', 'Frederiksberg C');INSERT INTO CITY (ZIPCODE, NAME) VALUES ('1829', 'Frederiksberg C');INSERT INTO CITY (ZIPCODE, NAME) VALUES ('1835', 'Frederiksberg C');INSERT INTO CITY (ZIPCODE, NAME) VALUES ('1850', 'Frederiksberg C');INSERT INTO CITY (ZIPCODE, NAME) VALUES ('1851', 'Frederiksberg C');INSERT INTO CITY (ZIPCODE, NAME) VALUES ('1852', 'Frederiksberg C');INSERT INTO CITY (ZIPCODE, NAME) VALUES ('1853', 'Frederiksberg C');INSERT INTO CITY (ZIPCODE, NAME) VALUES ('1854', 'Frederiksberg C');INSERT INTO CITY (ZIPCODE, NAME) VALUES ('1855', 'Frederiksberg C');INSERT INTO CITY (ZIPCODE, NAME) VALUES ('1856', 'Frederiksberg C');INSERT INTO CITY (ZIPCODE, NAME) VALUES ('1857', 'Frederiksberg C');INSERT INTO CITY (ZIPCODE, NAME) VALUES ('1860', 'Frederiksberg C');INSERT INTO CITY (ZIPCODE, NAME) VALUES ('1861', 'Frederiksberg C');INSERT INTO CITY (ZIPCODE, NAME) VALUES ('1862', 'Frederiksberg C');INSERT INTO CITY (ZIPCODE, NAME) VALUES ('1863', 'Frederiksberg C');INSERT INTO CITY (ZIPCODE, NAME) VALUES ('1864', 'Frederiksberg C');INSERT INTO CITY (ZIPCODE, NAME) VALUES ('1865', 'Frederiksberg C');INSERT INTO CITY (ZIPCODE, NAME) VALUES ('1866', 'Frederiksberg C');INSERT INTO CITY (ZIPCODE, NAME) VALUES ('1867', 'Frederiksberg C');INSERT INTO CITY (ZIPCODE, NAME) VALUES ('1868', 'Frederiksberg C');INSERT INTO CITY (ZIPCODE, NAME) VALUES ('1870', 'Frederiksberg C');INSERT INTO CITY (ZIPCODE, NAME) VALUES ('1871', 'Frederiksberg C');INSERT INTO CITY (ZIPCODE, NAME) VALUES ('1872', 'Frederiksberg C');INSERT INTO CITY (ZIPCODE, NAME) VALUES ('1873', 'Frederiksberg C');INSERT INTO CITY (ZIPCODE, NAME) VALUES ('1874', 'Frederiksberg C');INSERT INTO CITY (ZIPCODE, NAME) VALUES ('1875', 'Frederiksberg C');INSERT INTO CITY (ZIPCODE, NAME) VALUES ('1876', 'Frederiksberg C');INSERT INTO CITY (ZIPCODE, NAME) VALUES ('1877', 'Frederiksberg C');INSERT INTO CITY (ZIPCODE, NAME) VALUES ('1878', 'Frederiksberg C');INSERT INTO CITY (ZIPCODE, NAME) VALUES ('1879', 'Frederiksberg C');INSERT INTO CITY (ZIPCODE, NAME) VALUES ('1900', 'Frederiksberg C');INSERT INTO CITY (ZIPCODE, NAME) VALUES ('1901', 'Frederiksberg C');INSERT INTO CITY (ZIPCODE, NAME) VALUES ('1902', 'Frederiksberg C');INSERT INTO CITY (ZIPCODE, NAME) VALUES ('1903', 'Frederiksberg C');INSERT INTO CITY (ZIPCODE, NAME) VALUES ('1904', 'Frederiksberg C');INSERT INTO CITY (ZIPCODE, NAME) VALUES ('1905', 'Frederiksberg C');INSERT INTO CITY (ZIPCODE, NAME) VALUES ('1906', 'Frederiksberg C');INSERT INTO CITY (ZIPCODE, NAME) VALUES ('1908', 'Frederiksberg C');INSERT INTO CITY (ZIPCODE, NAME) VALUES ('1909', 'Frederiksberg C');INSERT INTO CITY (ZIPCODE, NAME) VALUES ('1910', 'Frederiksberg C');INSERT INTO CITY (ZIPCODE, NAME) VALUES ('1911', 'Frederiksberg C');INSERT INTO CITY (ZIPCODE, NAME) VALUES ('1912', 'Frederiksberg C');INSERT INTO CITY (ZIPCODE, NAME) VALUES ('1913', 'Frederiksberg C');INSERT INTO CITY (ZIPCODE, NAME) VALUES ('1914', 'Frederiksberg C');INSERT INTO CITY (ZIPCODE, NAME) VALUES ('1915', 'Frederiksberg C');INSERT INTO CITY (ZIPCODE, NAME) VALUES ('1916', 'Frederiksberg C');INSERT INTO CITY (ZIPCODE, NAME) VALUES ('1917', 'Frederiksberg C');INSERT INTO CITY (ZIPCODE, NAME) VALUES ('1920', 'Frederiksberg C');INSERT INTO CITY (ZIPCODE, NAME) VALUES ('1921', 'Frederiksberg C');INSERT INTO CITY (ZIPCODE, NAME) VALUES ('1922', 'Frederiksberg C');INSERT INTO CITY (ZIPCODE, NAME) VALUES ('1923', 'Frederiksberg C');INSERT INTO CITY (ZIPCODE, NAME) VALUES ('1924', 'Frederiksberg C');INSERT INTO CITY (ZIPCODE, NAME) VALUES ('1925', 'Frederiksberg C');INSERT INTO CITY (ZIPCODE, NAME) VALUES ('1926', 'Frederiksberg C');INSERT INTO CITY (ZIPCODE, NAME) VALUES ('1927', 'Frederiksberg C');INSERT INTO CITY (ZIPCODE, NAME) VALUES ('1928', 'Frederiksberg C');INSERT INTO CITY (ZIPCODE, NAME) VALUES ('1931', 'Frederiksberg C');INSERT INTO CITY (ZIPCODE, NAME) VALUES ('1950', 'Frederiksberg C');INSERT INTO CITY (ZIPCODE, NAME) VALUES ('1951', 'Frederiksberg C');INSERT INTO CITY (ZIPCODE, NAME) VALUES ('1952', 'Frederiksberg C');INSERT INTO CITY (ZIPCODE, NAME) VALUES ('1953', 'Frederiksberg C');INSERT INTO CITY (ZIPCODE, NAME) VALUES ('1954', 'Frederiksberg C');INSERT INTO CITY (ZIPCODE, NAME) VALUES ('1955', 'Frederiksberg C');INSERT INTO CITY (ZIPCODE, NAME) VALUES ('1956', 'Frederiksberg C');INSERT INTO CITY (ZIPCODE, NAME) VALUES ('1957', 'Frederiksberg C');INSERT INTO CITY (ZIPCODE, NAME) VALUES ('1958', 'Frederiksberg C');INSERT INTO CITY (ZIPCODE, NAME) VALUES ('1959', 'Frederiksberg C');INSERT INTO CITY (ZIPCODE, NAME) VALUES ('1960', 'Frederiksberg C');INSERT INTO CITY (ZIPCODE, NAME) VALUES ('1961', 'Frederiksberg C');INSERT INTO CITY (ZIPCODE, NAME) VALUES ('1962', 'Frederiksberg C');INSERT INTO CITY (ZIPCODE, NAME) VALUES ('1963', 'Frederiksberg C');INSERT INTO CITY (ZIPCODE, NAME) VALUES ('1964', 'Frederiksberg C');INSERT INTO CITY (ZIPCODE, NAME) VALUES ('1965', 'Frederiksberg C');INSERT INTO CITY (ZIPCODE, NAME) VALUES ('1966', 'Frederiksberg C');INSERT INTO CITY (ZIPCODE, NAME) VALUES ('1967', 'Frederiksberg C');INSERT INTO CITY (ZIPCODE, NAME) VALUES ('1970', 'Frederiksberg C');INSERT INTO CITY (ZIPCODE, NAME) VALUES ('1971', 'Frederiksberg C');INSERT INTO CITY (ZIPCODE, NAME) VALUES ('1972', 'Frederiksberg C');INSERT INTO CITY (ZIPCODE, NAME) VALUES ('1973', 'Frederiksberg C');INSERT INTO CITY (ZIPCODE, NAME) VALUES ('1974', 'Frederiksberg C');INSERT INTO CITY (ZIPCODE, NAME) VALUES ('2000', 'Frederiksberg');INSERT INTO CITY (ZIPCODE, NAME) VALUES ('2100', 'København Ø');INSERT INTO CITY (ZIPCODE, NAME) VALUES ('2150', 'Nordhavn');INSERT INTO CITY (ZIPCODE, NAME) VALUES ('2200', 'København N');INSERT INTO CITY (ZIPCODE, NAME) VALUES ('2300', 'København S');INSERT INTO CITY (ZIPCODE, NAME) VALUES ('2400', 'København NV');INSERT INTO CITY (ZIPCODE, NAME) VALUES ('2450', 'København SV');INSERT INTO CITY (ZIPCODE, NAME) VALUES ('2500', 'Valby');INSERT INTO CITY (ZIPCODE, NAME) VALUES ('2600', 'Glostrup');INSERT INTO CITY (ZIPCODE, NAME) VALUES ('2605', 'Brøndby');INSERT INTO CITY (ZIPCODE, NAME) VALUES ('2610', 'Rødovre');INSERT INTO CITY (ZIPCODE, NAME) VALUES ('2620', 'Albertslund');INSERT INTO CITY (ZIPCODE, NAME) VALUES ('2625', 'Vallensbæk');INSERT INTO CITY (ZIPCODE, NAME) VALUES ('2630', 'Taastrup');INSERT INTO CITY (ZIPCODE, NAME) VALUES ('2635', 'Ishøj');INSERT INTO CITY (ZIPCODE, NAME) VALUES ('2640', 'Hedehusene');INSERT INTO CITY (ZIPCODE, NAME) VALUES ('2650', 'Hvidovre');INSERT INTO CITY (ZIPCODE, NAME) VALUES ('2660', 'Brøndby Strand');INSERT INTO CITY (ZIPCODE, NAME) VALUES ('2665', 'Vallensbæk Strand');INSERT INTO CITY (ZIPCODE, NAME) VALUES ('2670', 'Greve');INSERT INTO CITY (ZIPCODE, NAME) VALUES ('2680', 'Solrød Strand');INSERT INTO CITY (ZIPCODE, NAME) VALUES ('2690', 'Karlslunde');INSERT INTO CITY (ZIPCODE, NAME) VALUES ('2700', 'Brønshøj');INSERT INTO CITY (ZIPCODE, NAME) VALUES ('2720', 'Vanløse');INSERT INTO CITY (ZIPCODE, NAME) VALUES ('2730', 'Herlev');INSERT INTO CITY (ZIPCODE, NAME) VALUES ('2740', 'Skovlunde');INSERT INTO CITY (ZIPCODE, NAME) VALUES ('2750', 'Ballerup');INSERT INTO CITY (ZIPCODE, NAME) VALUES ('2760', 'Måløv');INSERT INTO CITY (ZIPCODE, NAME) VALUES ('2765', 'Smørum');INSERT INTO CITY (ZIPCODE, NAME) VALUES ('2770', 'Kastrup');INSERT INTO CITY (ZIPCODE, NAME) VALUES ('2791', 'Dragør');INSERT INTO CITY (ZIPCODE, NAME) VALUES ('2800', 'Kongens Lyngby');INSERT INTO CITY (ZIPCODE, NAME) VALUES ('2820', 'Gentofte');INSERT INTO CITY (ZIPCODE, NAME) VALUES ('2830', 'Virum');INSERT INTO CITY (ZIPCODE, NAME) VALUES ('2840', 'Holte');INSERT INTO CITY (ZIPCODE, NAME) VALUES ('2850', 'Nærum');INSERT INTO CITY (ZIPCODE, NAME) VALUES ('2860', 'Søborg');INSERT INTO CITY (ZIPCODE, NAME) VALUES ('2870', 'Dyssegård');INSERT INTO CITY (ZIPCODE, NAME) VALUES ('2880', 'Bagsværd');INSERT INTO CITY (ZIPCODE, NAME) VALUES ('2900', 'Hellerup');INSERT INTO CITY (ZIPCODE, NAME) VALUES ('2920', 'Charlottenlund');INSERT INTO CITY (ZIPCODE, NAME) VALUES ('2930', 'Klampenborg');INSERT INTO CITY (ZIPCODE, NAME) VALUES ('2942', 'Skodsborg');INSERT INTO CITY (ZIPCODE, NAME) VALUES ('2950', 'Vedbæk');INSERT INTO CITY (ZIPCODE, NAME) VALUES ('2960', 'Rungsted Kyst');INSERT INTO CITY (ZIPCODE, NAME) VALUES ('2970', 'Hørsholm');INSERT INTO CITY (ZIPCODE, NAME) VALUES ('2980', 'Kokkedal');INSERT INTO CITY (ZIPCODE, NAME) VALUES ('2990', 'Nivå');INSERT INTO CITY (ZIPCODE, NAME) VALUES ('3000', 'Helsingør');INSERT INTO CITY (ZIPCODE, NAME) VALUES ('3050', 'Humlebæk');INSERT INTO CITY (ZIPCODE, NAME) VALUES ('3060', 'Espergærde');INSERT INTO CITY (ZIPCODE, NAME) VALUES ('3070', 'Snekkersten');INSERT INTO CITY (ZIPCODE, NAME) VALUES ('3080', 'Tikøb');INSERT INTO CITY (ZIPCODE, NAME) VALUES ('3100', 'Hornbæk');INSERT INTO CITY (ZIPCODE, NAME) VALUES ('3120', 'Dronningmølle');INSERT INTO CITY (ZIPCODE, NAME) VALUES ('3140', 'Ålsgårde');INSERT INTO CITY (ZIPCODE, NAME) VALUES ('3150', 'Hellebæk');INSERT INTO CITY (ZIPCODE, NAME) VALUES ('3200', 'Helsinge');INSERT INTO CITY (ZIPCODE, NAME) VALUES ('3210', 'Vejby');INSERT INTO CITY (ZIPCODE, NAME) VALUES ('3220', 'Tisvildeleje');INSERT INTO CITY (ZIPCODE, NAME) VALUES ('3230', 'Græsted');INSERT INTO CITY (ZIPCODE, NAME) VALUES ('3250', 'Gilleleje');INSERT INTO CITY (ZIPCODE, NAME) VALUES ('3300', 'Frederiksværk');INSERT INTO CITY (ZIPCODE, NAME) VALUES ('3310', 'Ølsted');INSERT INTO CITY (ZIPCODE, NAME) VALUES ('3320', 'Skævinge');INSERT INTO CITY (ZIPCODE, NAME) VALUES ('3330', 'Gørløse');INSERT INTO CITY (ZIPCODE, NAME) VALUES ('3360', 'Liseleje');INSERT INTO CITY (ZIPCODE, NAME) VALUES ('3370', 'Melby');INSERT INTO CITY (ZIPCODE, NAME) VALUES ('3390', 'Hundested');INSERT INTO CITY (ZIPCODE, NAME) VALUES ('3400', 'Hillerød');INSERT INTO CITY (ZIPCODE, NAME) VALUES ('3450', 'Allerød');INSERT INTO CITY (ZIPCODE, NAME) VALUES ('3460', 'Birkerød');INSERT INTO CITY (ZIPCODE, NAME) VALUES ('3480', 'Fredensborg');INSERT INTO CITY (ZIPCODE, NAME) VALUES ('3490', 'Kvistgård');INSERT INTO CITY (ZIPCODE, NAME) VALUES ('3500', 'Værløse');INSERT INTO CITY (ZIPCODE, NAME) VALUES ('3520', 'Farum');INSERT INTO CITY (ZIPCODE, NAME) VALUES ('3540', 'Lynge');INSERT INTO CITY (ZIPCODE, NAME) VALUES ('3550', 'Slangerup');INSERT INTO CITY (ZIPCODE, NAME) VALUES ('3600', 'Frederikssund');INSERT INTO CITY (ZIPCODE, NAME) VALUES ('3630', 'Jægerspris');INSERT INTO CITY (ZIPCODE, NAME) VALUES ('3650', 'Ølstykke');INSERT INTO CITY (ZIPCODE, NAME) VALUES ('3660', 'Stenløse');INSERT INTO CITY (ZIPCODE, NAME) VALUES ('3670', 'Veksø Sjælland');INSERT INTO CITY (ZIPCODE, NAME) VALUES ('3700', 'Rønne');INSERT INTO CITY (ZIPCODE, NAME) VALUES ('3720', 'Aakirkeby');INSERT INTO CITY (ZIPCODE, NAME) VALUES ('3730', 'Nexø');INSERT INTO CITY (ZIPCODE, NAME) VALUES ('3740', 'Svaneke');INSERT INTO CITY (ZIPCODE, NAME) VALUES ('3751', 'Østermarie');INSERT INTO CITY (ZIPCODE, NAME) VALUES ('3760', 'Gudhjem');INSERT INTO CITY (ZIPCODE, NAME) VALUES ('3770', 'Allinge');INSERT INTO CITY (ZIPCODE, NAME) VALUES ('3782', 'Klemensker');INSERT INTO CITY (ZIPCODE, NAME) VALUES ('3790', 'Hasle');INSERT INTO CITY (ZIPCODE, NAME) VALUES ('4000', 'Roskilde');INSERT INTO CITY (ZIPCODE, NAME) VALUES ('4030', 'Tune');INSERT INTO CITY (ZIPCODE, NAME) VALUES ('4040', 'Jyllinge');INSERT INTO CITY (ZIPCODE, NAME) VALUES ('4050', 'Skibby');INSERT INTO CITY (ZIPCODE, NAME) VALUES ('4060', 'Kirke Såby');INSERT INTO CITY (ZIPCODE, NAME) VALUES ('4070', 'Kirke Hyllinge');INSERT INTO CITY (ZIPCODE, NAME) VALUES ('4100', 'Ringsted');INSERT INTO CITY (ZIPCODE, NAME) VALUES ('4129', 'Ringsted');INSERT INTO CITY (ZIPCODE, NAME) VALUES ('4130', 'Viby Sjælland');INSERT INTO CITY (ZIPCODE, NAME) VALUES ('4140', 'Borup');INSERT INTO CITY (ZIPCODE, NAME) VALUES ('4160', 'Herlufmagle');INSERT INTO CITY (ZIPCODE, NAME) VALUES ('4171', 'Glumsø');INSERT INTO CITY (ZIPCODE, NAME) VALUES ('4173', 'Fjenneslev');INSERT INTO CITY (ZIPCODE, NAME) VALUES ('4174', 'Jystrup Midtsj');INSERT INTO CITY (ZIPCODE, NAME) VALUES ('4180', 'Sorø');INSERT INTO CITY (ZIPCODE, NAME) VALUES ('4190', 'Munke Bjergby');INSERT INTO CITY (ZIPCODE, NAME) VALUES ('4200', 'Slagelse');INSERT INTO CITY (ZIPCODE, NAME) VALUES ('4220', 'Korsør');INSERT INTO CITY (ZIPCODE, NAME) VALUES ('4230', 'Skælskør');INSERT INTO CITY (ZIPCODE, NAME) VALUES ('4241', 'Vemmelev');INSERT INTO CITY (ZIPCODE, NAME) VALUES ('4242', 'Boeslunde');INSERT INTO CITY (ZIPCODE, NAME) VALUES ('4243', 'Rude');INSERT INTO CITY (ZIPCODE, NAME) VALUES ('4250', 'Fuglebjerg');INSERT INTO CITY (ZIPCODE, NAME) VALUES ('4261', 'Dalmose');INSERT INTO CITY (ZIPCODE, NAME) VALUES ('4262', 'Sandved');INSERT INTO CITY (ZIPCODE, NAME) VALUES ('4270', 'Høng');INSERT INTO CITY (ZIPCODE, NAME) VALUES ('4281', 'Gørlev');INSERT INTO CITY (ZIPCODE, NAME) VALUES ('4291', 'Ruds Vedby');INSERT INTO CITY (ZIPCODE, NAME) VALUES ('4293', 'Dianalund');INSERT INTO CITY (ZIPCODE, NAME) VALUES ('4295', 'Stenlille');INSERT INTO CITY (ZIPCODE, NAME) VALUES ('4296', 'Nyrup');INSERT INTO CITY (ZIPCODE, NAME) VALUES ('4300', 'Holbæk');INSERT INTO CITY (ZIPCODE, NAME) VALUES ('4320', 'Lejre');INSERT INTO CITY (ZIPCODE, NAME) VALUES ('4330', 'Hvalsø');INSERT INTO CITY (ZIPCODE, NAME) VALUES ('4340', 'Tølløse');INSERT INTO CITY (ZIPCODE, NAME) VALUES ('4350', 'Ugerløse');INSERT INTO CITY (ZIPCODE, NAME) VALUES ('4360', 'Kirke Eskilstrup');INSERT INTO CITY (ZIPCODE, NAME) VALUES ('4370', 'Store Merløse');INSERT INTO CITY (ZIPCODE, NAME) VALUES ('4390', 'Vipperød');INSERT INTO CITY (ZIPCODE, NAME) VALUES ('4400', 'Kalundborg');INSERT INTO CITY (ZIPCODE, NAME) VALUES ('4420', 'Regstrup');INSERT INTO CITY (ZIPCODE, NAME) VALUES ('4440', 'Mørkøv');INSERT INTO CITY (ZIPCODE, NAME) VALUES ('4450', 'Jyderup');INSERT INTO CITY (ZIPCODE, NAME) VALUES ('4460', 'Snertinge');INSERT INTO CITY (ZIPCODE, NAME) VALUES ('4470', 'Svebølle');INSERT INTO CITY (ZIPCODE, NAME) VALUES ('4480', 'Store Fuglede');INSERT INTO CITY (ZIPCODE, NAME) VALUES ('4490', 'Jerslev Sjælland');INSERT INTO CITY (ZIPCODE, NAME) VALUES ('4500', 'Nykøbing Sj');INSERT INTO CITY (ZIPCODE, NAME) VALUES ('4520', 'Svinninge');INSERT INTO CITY (ZIPCODE, NAME) VALUES ('4532', 'Gislinge');INSERT INTO CITY (ZIPCODE, NAME) VALUES ('4534', 'Hørve');INSERT INTO CITY (ZIPCODE, NAME) VALUES ('4540', 'Fårevejle');INSERT INTO CITY (ZIPCODE, NAME) VALUES ('4550', 'Asnæs');INSERT INTO CITY (ZIPCODE, NAME) VALUES ('4560', 'Vig');INSERT INTO CITY (ZIPCODE, NAME) VALUES ('4571', 'Grevinge');INSERT INTO CITY (ZIPCODE, NAME) VALUES ('4572', 'Nørre Asmindrup');INSERT INTO CITY (ZIPCODE, NAME) VALUES ('4573', 'Højby');INSERT INTO CITY (ZIPCODE, NAME) VALUES ('4581', 'Rørvig');INSERT INTO CITY (ZIPCODE, NAME) VALUES ('4583', 'Sjællands Odde');INSERT INTO CITY (ZIPCODE, NAME) VALUES ('4591', 'Føllenslev');INSERT INTO CITY (ZIPCODE, NAME) VALUES ('4592', 'Sejerø');INSERT INTO CITY (ZIPCODE, NAME) VALUES ('4593', 'Eskebjerg');INSERT INTO CITY (ZIPCODE, NAME) VALUES ('4600', 'Køge');INSERT INTO CITY (ZIPCODE, NAME) VALUES ('4621', 'Gadstrup');INSERT INTO CITY (ZIPCODE, NAME) VALUES ('4622', 'Havdrup');INSERT INTO CITY (ZIPCODE, NAME) VALUES ('4623', 'Lille Skensved');INSERT INTO CITY (ZIPCODE, NAME) VALUES ('4632', 'Bjæverskov');INSERT INTO CITY (ZIPCODE, NAME) VALUES ('4640', 'Faxe');INSERT INTO CITY (ZIPCODE, NAME) VALUES ('4652', 'Hårlev');INSERT INTO CITY (ZIPCODE, NAME) VALUES ('4653', 'Karise');INSERT INTO CITY (ZIPCODE, NAME) VALUES ('4654', 'Faxe Ladeplads');INSERT INTO CITY (ZIPCODE, NAME) VALUES ('4660', 'Store Heddinge');INSERT INTO CITY (ZIPCODE, NAME) VALUES ('4671', 'Strøby');INSERT INTO CITY (ZIPCODE, NAME) VALUES ('4672', 'Klippinge');INSERT INTO CITY (ZIPCODE, NAME) VALUES ('4673', 'Rødvig Stevns');INSERT INTO CITY (ZIPCODE, NAME) VALUES ('4681', 'Herfølge');INSERT INTO CITY (ZIPCODE, NAME) VALUES ('4682', 'Tureby');INSERT INTO CITY (ZIPCODE, NAME) VALUES ('4683', 'Rønnede');INSERT INTO CITY (ZIPCODE, NAME) VALUES ('4684', 'Holmegaard');INSERT INTO CITY (ZIPCODE, NAME) VALUES ('4690', 'Haslev');INSERT INTO CITY (ZIPCODE, NAME) VALUES ('4700', 'Næstved');INSERT INTO CITY (ZIPCODE, NAME) VALUES ('4720', 'Præstø');INSERT INTO CITY (ZIPCODE, NAME) VALUES ('4733', 'Tappernøje');INSERT INTO CITY (ZIPCODE, NAME) VALUES ('4735', 'Mern');INSERT INTO CITY (ZIPCODE, NAME) VALUES ('4736', 'Karrebæksminde');INSERT INTO CITY (ZIPCODE, NAME) VALUES ('4750', 'Lundby');INSERT INTO CITY (ZIPCODE, NAME) VALUES ('4760', 'Vordingborg');INSERT INTO CITY (ZIPCODE, NAME) VALUES ('4771', 'Kalvehave');INSERT INTO CITY (ZIPCODE, NAME) VALUES ('4772', 'Langebæk');INSERT INTO CITY (ZIPCODE, NAME) VALUES ('4773', 'Stensved');INSERT INTO CITY (ZIPCODE, NAME) VALUES ('4780', 'Stege');INSERT INTO CITY (ZIPCODE, NAME) VALUES ('4791', 'Borre');INSERT INTO CITY (ZIPCODE, NAME) VALUES ('4792', 'Askeby');INSERT INTO CITY (ZIPCODE, NAME) VALUES ('4793', 'Bogø By');INSERT INTO CITY (ZIPCODE, NAME) VALUES ('4800', 'Nykøbing F');INSERT INTO CITY (ZIPCODE, NAME) VALUES ('4840', 'Nørre Alslev');INSERT INTO CITY (ZIPCODE, NAME) VALUES ('4850', 'Stubbekøbing');INSERT INTO CITY (ZIPCODE, NAME) VALUES ('4862', 'Guldborg');INSERT INTO CITY (ZIPCODE, NAME) VALUES ('4863', 'Eskilstrup');INSERT INTO CITY (ZIPCODE, NAME) VALUES ('4871', 'Horbelev');INSERT INTO CITY (ZIPCODE, NAME) VALUES ('4872', 'Idestrup');INSERT INTO CITY (ZIPCODE, NAME) VALUES ('4873', 'Væggerløse');INSERT INTO CITY (ZIPCODE, NAME) VALUES ('4874', 'Gedser');INSERT INTO CITY (ZIPCODE, NAME) VALUES ('4880', 'Nysted');INSERT INTO CITY (ZIPCODE, NAME) VALUES ('4891', 'Toreby L');INSERT INTO CITY (ZIPCODE, NAME) VALUES ('4892', 'Kettinge');INSERT INTO CITY (ZIPCODE, NAME) VALUES ('4894', 'Øster Ulslev');INSERT INTO CITY (ZIPCODE, NAME) VALUES ('4895', 'Errindlev');INSERT INTO CITY (ZIPCODE, NAME) VALUES ('4900', 'Nakskov');INSERT INTO CITY (ZIPCODE, NAME) VALUES ('4912', 'Harpelunde');INSERT INTO CITY (ZIPCODE, NAME) VALUES ('4913', 'Horslunde');INSERT INTO CITY (ZIPCODE, NAME) VALUES ('4920', 'Søllested');INSERT INTO CITY (ZIPCODE, NAME) VALUES ('4930', 'Maribo');INSERT INTO CITY (ZIPCODE, NAME) VALUES ('4941', 'Bandholm');INSERT INTO CITY (ZIPCODE, NAME) VALUES ('4943', 'Torrig L');INSERT INTO CITY (ZIPCODE, NAME) VALUES ('4944', 'Fejø');INSERT INTO CITY (ZIPCODE, NAME) VALUES ('4951', 'Nørreballe');INSERT INTO CITY (ZIPCODE, NAME) VALUES ('4952', 'Stokkemarke');INSERT INTO CITY (ZIPCODE, NAME) VALUES ('4953', 'Vesterborg');INSERT INTO CITY (ZIPCODE, NAME) VALUES ('4960', 'Holeby');INSERT INTO CITY (ZIPCODE, NAME) VALUES ('4970', 'Rødby');INSERT INTO CITY (ZIPCODE, NAME) VALUES ('4983', 'Dannemare');INSERT INTO CITY (ZIPCODE, NAME) VALUES ('4990', 'Sakskøbing');INSERT INTO CITY (ZIPCODE, NAME) VALUES ('4992', 'Midtsjælland USF P');INSERT INTO CITY (ZIPCODE, NAME) VALUES ('5000', 'Odense C');INSERT INTO CITY (ZIPCODE, NAME) VALUES ('5029', 'Odense C');INSERT INTO CITY (ZIPCODE, NAME) VALUES ('5100', 'Odense C');INSERT INTO CITY (ZIPCODE, NAME) VALUES ('5200', 'Odense V');INSERT INTO CITY (ZIPCODE, NAME) VALUES ('5210', 'Odense NV');INSERT INTO CITY (ZIPCODE, NAME) VALUES ('5220', 'Odense SØ');INSERT INTO CITY (ZIPCODE, NAME) VALUES ('5230', 'Odense M');INSERT INTO CITY (ZIPCODE, NAME) VALUES ('5240', 'Odense NØ');INSERT INTO CITY (ZIPCODE, NAME) VALUES ('5250', 'Odense SV');INSERT INTO CITY (ZIPCODE, NAME) VALUES ('5260', 'Odense S');INSERT INTO CITY (ZIPCODE, NAME) VALUES ('5270', 'Odense N');INSERT INTO CITY (ZIPCODE, NAME) VALUES ('5290', 'Marslev');INSERT INTO CITY (ZIPCODE, NAME) VALUES ('5300', 'Kerteminde');INSERT INTO CITY (ZIPCODE, NAME) VALUES ('5320', 'Agedrup');INSERT INTO CITY (ZIPCODE, NAME) VALUES ('5330', 'Munkebo');INSERT INTO CITY (ZIPCODE, NAME) VALUES ('5350', 'Rynkeby');INSERT INTO CITY (ZIPCODE, NAME) VALUES ('5370', 'Mesinge');INSERT INTO CITY (ZIPCODE, NAME) VALUES ('5380', 'Dalby');INSERT INTO CITY (ZIPCODE, NAME) VALUES ('5390', 'Martofte');INSERT INTO CITY (ZIPCODE, NAME) VALUES ('5400', 'Bogense');INSERT INTO CITY (ZIPCODE, NAME) VALUES ('5450', 'Otterup');INSERT INTO CITY (ZIPCODE, NAME) VALUES ('5462', 'Morud');INSERT INTO CITY (ZIPCODE, NAME) VALUES ('5463', 'Harndrup');INSERT INTO CITY (ZIPCODE, NAME) VALUES ('5464', 'Brenderup Fyn');INSERT INTO CITY (ZIPCODE, NAME) VALUES ('5466', 'Asperup');INSERT INTO CITY (ZIPCODE, NAME) VALUES ('5471', 'Søndersø');INSERT INTO CITY (ZIPCODE, NAME) VALUES ('5474', 'Veflinge');INSERT INTO CITY (ZIPCODE, NAME) VALUES ('5485', 'Skamby');INSERT INTO CITY (ZIPCODE, NAME) VALUES ('5491', 'Blommenslyst');INSERT INTO CITY (ZIPCODE, NAME) VALUES ('5492', 'Vissenbjerg');INSERT INTO CITY (ZIPCODE, NAME) VALUES ('5500', 'Middelfart');INSERT INTO CITY (ZIPCODE, NAME) VALUES ('5540', 'Ullerslev');INSERT INTO CITY (ZIPCODE, NAME) VALUES ('5550', 'Langeskov');INSERT INTO CITY (ZIPCODE, NAME) VALUES ('5560', 'Aarup');INSERT INTO CITY (ZIPCODE, NAME) VALUES ('5580', 'Nørre Aaby');INSERT INTO CITY (ZIPCODE, NAME) VALUES ('5591', 'Gelsted');INSERT INTO CITY (ZIPCODE, NAME) VALUES ('5592', 'Ejby');INSERT INTO CITY (ZIPCODE, NAME) VALUES ('5600', 'Faaborg');INSERT INTO CITY (ZIPCODE, NAME) VALUES ('5610', 'Assens');INSERT INTO CITY (ZIPCODE, NAME) VALUES ('5620', 'Glamsbjerg');INSERT INTO CITY (ZIPCODE, NAME) VALUES ('5631', 'Ebberup');INSERT INTO CITY (ZIPCODE, NAME) VALUES ('5642', 'Millinge');INSERT INTO CITY (ZIPCODE, NAME) VALUES ('5672', 'Broby');INSERT INTO CITY (ZIPCODE, NAME) VALUES ('5683', 'Haarby');INSERT INTO CITY (ZIPCODE, NAME) VALUES ('5690', 'Tommerup');INSERT INTO CITY (ZIPCODE, NAME) VALUES ('5700', 'Svendborg');INSERT INTO CITY (ZIPCODE, NAME) VALUES ('5750', 'Ringe');INSERT INTO CITY (ZIPCODE, NAME) VALUES ('5762', 'Vester Skerninge');INSERT INTO CITY (ZIPCODE, NAME) VALUES ('5771', 'Stenstrup');INSERT INTO CITY (ZIPCODE, NAME) VALUES ('5772', 'Kværndrup');INSERT INTO CITY (ZIPCODE, NAME) VALUES ('5792', 'Årslev');INSERT INTO CITY (ZIPCODE, NAME) VALUES ('5800', 'Nyborg');INSERT INTO CITY (ZIPCODE, NAME) VALUES ('5853', 'Ørbæk');INSERT INTO CITY (ZIPCODE, NAME) VALUES ('5854', 'Gislev');INSERT INTO CITY (ZIPCODE, NAME) VALUES ('5856', 'Ryslinge');INSERT INTO CITY (ZIPCODE, NAME) VALUES ('5863', 'Ferritslev Fyn');INSERT INTO CITY (ZIPCODE, NAME) VALUES ('5871', 'Frørup');INSERT INTO CITY (ZIPCODE, NAME) VALUES ('5874', 'Hesselager');INSERT INTO CITY (ZIPCODE, NAME) VALUES ('5881', 'Skårup Fyn');INSERT INTO CITY (ZIPCODE, NAME) VALUES ('5882', 'Vejstrup');INSERT INTO CITY (ZIPCODE, NAME) VALUES ('5883', 'Oure');INSERT INTO CITY (ZIPCODE, NAME) VALUES ('5884', 'Gudme');INSERT INTO CITY (ZIPCODE, NAME) VALUES ('5892', 'Gudbjerg Sydfyn');INSERT INTO CITY (ZIPCODE, NAME) VALUES ('5900', 'Rudkøbing');INSERT INTO CITY (ZIPCODE, NAME) VALUES ('5932', 'Humble');INSERT INTO CITY (ZIPCODE, NAME) VALUES ('5935', 'Bagenkop');INSERT INTO CITY (ZIPCODE, NAME) VALUES ('5953', 'Tranekær');INSERT INTO CITY (ZIPCODE, NAME) VALUES ('5960', 'Marstal');INSERT INTO CITY (ZIPCODE, NAME) VALUES ('5970', 'Ærøskøbing');INSERT INTO CITY (ZIPCODE, NAME) VALUES ('5985', 'Søby Ærø');INSERT INTO CITY (ZIPCODE, NAME) VALUES ('6000', 'Kolding');INSERT INTO CITY (ZIPCODE, NAME) VALUES ('6040', 'Egtved');INSERT INTO CITY (ZIPCODE, NAME) VALUES ('6051', 'Almind');INSERT INTO CITY (ZIPCODE, NAME) VALUES ('6052', 'Viuf');INSERT INTO CITY (ZIPCODE, NAME) VALUES ('6064', 'Jordrup');INSERT INTO CITY (ZIPCODE, NAME) VALUES ('6070', 'Christiansfeld');INSERT INTO CITY (ZIPCODE, NAME) VALUES ('6091', 'Bjert');INSERT INTO CITY (ZIPCODE, NAME) VALUES ('6092', 'Sønder Stenderup');INSERT INTO CITY (ZIPCODE, NAME) VALUES ('6093', 'Sjølund');INSERT INTO CITY (ZIPCODE, NAME) VALUES ('6094', 'Hejls');INSERT INTO CITY (ZIPCODE, NAME) VALUES ('6100', 'Haderslev');INSERT INTO CITY (ZIPCODE, NAME) VALUES ('6200', 'Aabenraa');INSERT INTO CITY (ZIPCODE, NAME) VALUES ('6230', 'Rødekro');INSERT INTO CITY (ZIPCODE, NAME) VALUES ('6240', 'Løgumkloster');INSERT INTO CITY (ZIPCODE, NAME) VALUES ('6261', 'Bredebro');INSERT INTO CITY (ZIPCODE, NAME) VALUES ('6270', 'Tønder');INSERT INTO CITY (ZIPCODE, NAME) VALUES ('6280', 'Højer');INSERT INTO CITY (ZIPCODE, NAME) VALUES ('6300', 'Gråsten');INSERT INTO CITY (ZIPCODE, NAME) VALUES ('6310', 'Broager');INSERT INTO CITY (ZIPCODE, NAME) VALUES ('6320', 'Egernsund');INSERT INTO CITY (ZIPCODE, NAME) VALUES ('6330', 'Padborg');INSERT INTO CITY (ZIPCODE, NAME) VALUES ('6340', 'Kruså');INSERT INTO CITY (ZIPCODE, NAME) VALUES ('6360', 'Tinglev');INSERT INTO CITY (ZIPCODE, NAME) VALUES ('6372', 'Bylderup-Bov');INSERT INTO CITY (ZIPCODE, NAME) VALUES ('6392', 'Bolderslev');INSERT INTO CITY (ZIPCODE, NAME) VALUES ('6400', 'Sønderborg');INSERT INTO CITY (ZIPCODE, NAME) VALUES ('6430', 'Nordborg');INSERT INTO CITY (ZIPCODE, NAME) VALUES ('6440', 'Augustenborg');INSERT INTO CITY (ZIPCODE, NAME) VALUES ('6470', 'Sydals');INSERT INTO CITY (ZIPCODE, NAME) VALUES ('6500', 'Vojens');INSERT INTO CITY (ZIPCODE, NAME) VALUES ('6510', 'Gram');INSERT INTO CITY (ZIPCODE, NAME) VALUES ('6520', 'Toftlund');INSERT INTO CITY (ZIPCODE, NAME) VALUES ('6534', 'Agerskov');INSERT INTO CITY (ZIPCODE, NAME) VALUES ('6535', 'Branderup J');INSERT INTO CITY (ZIPCODE, NAME) VALUES ('6541', 'Bevtoft');INSERT INTO CITY (ZIPCODE, NAME) VALUES ('6560', 'Sommersted');INSERT INTO CITY (ZIPCODE, NAME) VALUES ('6580', 'Vamdrup');INSERT INTO CITY (ZIPCODE, NAME) VALUES ('6600', 'Vejen');INSERT INTO CITY (ZIPCODE, NAME) VALUES ('6621', 'Gesten');INSERT INTO CITY (ZIPCODE, NAME) VALUES ('6622', 'Bække');INSERT INTO CITY (ZIPCODE, NAME) VALUES ('6623', 'Vorbasse');INSERT INTO CITY (ZIPCODE, NAME) VALUES ('6630', 'Rødding');INSERT INTO CITY (ZIPCODE, NAME) VALUES ('6640', 'Lunderskov');INSERT INTO CITY (ZIPCODE, NAME) VALUES ('6650', 'Brørup');INSERT INTO CITY (ZIPCODE, NAME) VALUES ('6660', 'Lintrup');INSERT INTO CITY (ZIPCODE, NAME) VALUES ('6670', 'Holsted');INSERT INTO CITY (ZIPCODE, NAME) VALUES ('6682', 'Hovborg');INSERT INTO CITY (ZIPCODE, NAME) VALUES ('6683', 'Føvling');INSERT INTO CITY (ZIPCODE, NAME) VALUES ('6690', 'Gørding');INSERT INTO CITY (ZIPCODE, NAME) VALUES ('6700', 'Esbjerg');INSERT INTO CITY (ZIPCODE, NAME) VALUES ('6701', 'Esbjerg');INSERT INTO CITY (ZIPCODE, NAME) VALUES ('6705', 'Esbjerg Ø');INSERT INTO CITY (ZIPCODE, NAME) VALUES ('6710', 'Esbjerg V');INSERT INTO CITY (ZIPCODE, NAME) VALUES ('6715', 'Esbjerg N');INSERT INTO CITY (ZIPCODE, NAME) VALUES ('6720', 'Fanø');INSERT INTO CITY (ZIPCODE, NAME) VALUES ('6731', 'Tjæreborg');INSERT INTO CITY (ZIPCODE, NAME) VALUES ('6740', 'Bramming');INSERT INTO CITY (ZIPCODE, NAME) VALUES ('6752', 'Glejbjerg');INSERT INTO CITY (ZIPCODE, NAME) VALUES ('6753', 'Agerbæk');INSERT INTO CITY (ZIPCODE, NAME) VALUES ('6760', 'Ribe');INSERT INTO CITY (ZIPCODE, NAME) VALUES ('6771', 'Gredstedbro');INSERT INTO CITY (ZIPCODE, NAME) VALUES ('6780', 'Skærbæk');INSERT INTO CITY (ZIPCODE, NAME) VALUES ('6792', 'Rømø');INSERT INTO CITY (ZIPCODE, NAME) VALUES ('6800', 'Varde');INSERT INTO CITY (ZIPCODE, NAME) VALUES ('6818', 'Årre');INSERT INTO CITY (ZIPCODE, NAME) VALUES ('6823', 'Ansager');INSERT INTO CITY (ZIPCODE, NAME) VALUES ('6830', 'Nørre Nebel');INSERT INTO CITY (ZIPCODE, NAME) VALUES ('6840', 'Oksbøl');INSERT INTO CITY (ZIPCODE, NAME) VALUES ('6851', 'Janderup Vestj');INSERT INTO CITY (ZIPCODE, NAME) VALUES ('6852', 'Billum');INSERT INTO CITY (ZIPCODE, NAME) VALUES ('6853', 'Vejers Strand');INSERT INTO CITY (ZIPCODE, NAME) VALUES ('6854', 'Henne');INSERT INTO CITY (ZIPCODE, NAME) VALUES ('6855', 'Outrup');INSERT INTO CITY (ZIPCODE, NAME) VALUES ('6857', 'Blåvand');INSERT INTO CITY (ZIPCODE, NAME) VALUES ('6862', 'Tistrup');INSERT INTO CITY (ZIPCODE, NAME) VALUES ('6870', 'Ølgod');INSERT INTO CITY (ZIPCODE, NAME) VALUES ('6880', 'Tarm');INSERT INTO CITY (ZIPCODE, NAME) VALUES ('6893', 'Hemmet');INSERT INTO CITY (ZIPCODE, NAME) VALUES ('6900', 'Skjern');INSERT INTO CITY (ZIPCODE, NAME) VALUES ('6920', 'Videbæk');INSERT INTO CITY (ZIPCODE, NAME) VALUES ('6933', 'Kibæk');INSERT INTO CITY (ZIPCODE, NAME) VALUES ('6940', 'Lem St');INSERT INTO CITY (ZIPCODE, NAME) VALUES ('6950', 'Ringkøbing');INSERT INTO CITY (ZIPCODE, NAME) VALUES ('6960', 'Hvide Sande');INSERT INTO CITY (ZIPCODE, NAME) VALUES ('6971', 'Spjald');INSERT INTO CITY (ZIPCODE, NAME) VALUES ('6973', 'Ørnhøj');INSERT INTO CITY (ZIPCODE, NAME) VALUES ('6980', 'Tim');INSERT INTO CITY (ZIPCODE, NAME) VALUES ('6990', 'Ulfborg');INSERT INTO CITY (ZIPCODE, NAME) VALUES ('7000', 'Fredericia');INSERT INTO CITY (ZIPCODE, NAME) VALUES ('7007', 'Fredericia');INSERT INTO CITY (ZIPCODE, NAME) VALUES ('7017', 'Taulov Pakkecenter');INSERT INTO CITY (ZIPCODE, NAME) VALUES ('7018', 'Pakker TLP');INSERT INTO CITY (ZIPCODE, NAME) VALUES ('7029', 'Fredericia');INSERT INTO CITY (ZIPCODE, NAME) VALUES ('7080', 'Børkop');INSERT INTO CITY (ZIPCODE, NAME) VALUES ('7100', 'Vejle');INSERT INTO CITY (ZIPCODE, NAME) VALUES ('7120', 'Vejle Øst');INSERT INTO CITY (ZIPCODE, NAME) VALUES ('7130', 'Juelsminde');INSERT INTO CITY (ZIPCODE, NAME) VALUES ('7140', 'Stouby');INSERT INTO CITY (ZIPCODE, NAME) VALUES ('7150', 'Barrit');INSERT INTO CITY (ZIPCODE, NAME) VALUES ('7160', 'Tørring');INSERT INTO CITY (ZIPCODE, NAME) VALUES ('7171', 'Uldum');INSERT INTO CITY (ZIPCODE, NAME) VALUES ('7173', 'Vonge');INSERT INTO CITY (ZIPCODE, NAME) VALUES ('7182', 'Bredsten');INSERT INTO CITY (ZIPCODE, NAME) VALUES ('7183', 'Randbøl');INSERT INTO CITY (ZIPCODE, NAME) VALUES ('7184', 'Vandel');INSERT INTO CITY (ZIPCODE, NAME) VALUES ('7190', 'Billund');INSERT INTO CITY (ZIPCODE, NAME) VALUES ('7200', 'Grindsted');INSERT INTO CITY (ZIPCODE, NAME) VALUES ('7250', 'Hejnsvig');INSERT INTO CITY (ZIPCODE, NAME) VALUES ('7260', 'Sønder Omme');INSERT INTO CITY (ZIPCODE, NAME) VALUES ('7270', 'Stakroge');INSERT INTO CITY (ZIPCODE, NAME) VALUES ('7280', 'Sønder Felding');INSERT INTO CITY (ZIPCODE, NAME) VALUES ('7300', 'Jelling');INSERT INTO CITY (ZIPCODE, NAME) VALUES ('7321', 'Gadbjerg');INSERT INTO CITY (ZIPCODE, NAME) VALUES ('7323', 'Give');INSERT INTO CITY (ZIPCODE, NAME) VALUES ('7330', 'Brande');INSERT INTO CITY (ZIPCODE, NAME) VALUES ('7361', 'Ejstrupholm');INSERT INTO CITY (ZIPCODE, NAME) VALUES ('7362', 'Hampen');INSERT INTO CITY (ZIPCODE, NAME) VALUES ('7400', 'Herning');INSERT INTO CITY (ZIPCODE, NAME) VALUES ('7429', 'Herning');INSERT INTO CITY (ZIPCODE, NAME) VALUES ('7430', 'Ikast');INSERT INTO CITY (ZIPCODE, NAME) VALUES ('7441', 'Bording');INSERT INTO CITY (ZIPCODE, NAME) VALUES ('7442', 'Engesvang');INSERT INTO CITY (ZIPCODE, NAME) VALUES ('7451', 'Sunds');INSERT INTO CITY (ZIPCODE, NAME) VALUES ('7470', 'Karup J');INSERT INTO CITY (ZIPCODE, NAME) VALUES ('7480', 'Vildbjerg');INSERT INTO CITY (ZIPCODE, NAME) VALUES ('7490', 'Aulum');INSERT INTO CITY (ZIPCODE, NAME) VALUES ('7500', 'Holstebro');INSERT INTO CITY (ZIPCODE, NAME) VALUES ('7540', 'Haderup');INSERT INTO CITY (ZIPCODE, NAME) VALUES ('7550', 'Sørvad');INSERT INTO CITY (ZIPCODE, NAME) VALUES ('7560', 'Hjerm');INSERT INTO CITY (ZIPCODE, NAME) VALUES ('7570', 'Vemb');INSERT INTO CITY (ZIPCODE, NAME) VALUES ('7600', 'Struer');INSERT INTO CITY (ZIPCODE, NAME) VALUES ('7620', 'Lemvig');INSERT INTO CITY (ZIPCODE, NAME) VALUES ('7650', 'Bøvlingbjerg');INSERT INTO CITY (ZIPCODE, NAME) VALUES ('7660', 'Bækmarksbro');INSERT INTO CITY (ZIPCODE, NAME) VALUES ('7673', 'Harboøre');INSERT INTO CITY (ZIPCODE, NAME) VALUES ('7680', 'Thyborøn');INSERT INTO CITY (ZIPCODE, NAME) VALUES ('7700', 'Thisted');INSERT INTO CITY (ZIPCODE, NAME) VALUES ('7730', 'Hanstholm');INSERT INTO CITY (ZIPCODE, NAME) VALUES ('7741', 'Frøstrup');INSERT INTO CITY (ZIPCODE, NAME) VALUES ('7742', 'Vesløs');INSERT INTO CITY (ZIPCODE, NAME) VALUES ('7752', 'Snedsted');INSERT INTO CITY (ZIPCODE, NAME) VALUES ('7755', 'Bedsted Thy');INSERT INTO CITY (ZIPCODE, NAME) VALUES ('7760', 'Hurup Thy');INSERT INTO CITY (ZIPCODE, NAME) VALUES ('7770', 'Vestervig');INSERT INTO CITY (ZIPCODE, NAME) VALUES ('7790', 'Thyholm');INSERT INTO CITY (ZIPCODE, NAME) VALUES ('7800', 'Skive');INSERT INTO CITY (ZIPCODE, NAME) VALUES ('7830', 'Vinderup');INSERT INTO CITY (ZIPCODE, NAME) VALUES ('7840', 'Højslev');INSERT INTO CITY (ZIPCODE, NAME) VALUES ('7850', 'Stoholm Jyll');INSERT INTO CITY (ZIPCODE, NAME) VALUES ('7860', 'Spøttrup');INSERT INTO CITY (ZIPCODE, NAME) VALUES ('7870', 'Roslev');INSERT INTO CITY (ZIPCODE, NAME) VALUES ('7884', 'Fur');INSERT INTO CITY (ZIPCODE, NAME) VALUES ('7900', 'Nykøbing M');INSERT INTO CITY (ZIPCODE, NAME) VALUES ('7950', 'Erslev');INSERT INTO CITY (ZIPCODE, NAME) VALUES ('7960', 'Karby');INSERT INTO CITY (ZIPCODE, NAME) VALUES ('7970', 'Redsted M');INSERT INTO CITY (ZIPCODE, NAME) VALUES ('7980', 'Vils');INSERT INTO CITY (ZIPCODE, NAME) VALUES ('7990', 'Øster Assels');INSERT INTO CITY (ZIPCODE, NAME) VALUES ('7992', 'Sydjylland/Fyn USF P');INSERT INTO CITY (ZIPCODE, NAME) VALUES ('7993', 'Sydjylland/Fyn USF B');INSERT INTO CITY (ZIPCODE, NAME) VALUES ('7996', 'Fakturaservice');INSERT INTO CITY (ZIPCODE, NAME) VALUES ('7997', 'Fakturascanning');INSERT INTO CITY (ZIPCODE, NAME) VALUES ('7998', 'Statsservice');INSERT INTO CITY (ZIPCODE, NAME) VALUES ('7999', 'Kommunepost');INSERT INTO CITY (ZIPCODE, NAME) VALUES ('8000', 'Aarhus C');INSERT INTO CITY (ZIPCODE, NAME) VALUES ('8100', 'Aarhus C');INSERT INTO CITY (ZIPCODE, NAME) VALUES ('8200', 'Aarhus N');INSERT INTO CITY (ZIPCODE, NAME) VALUES ('8210', 'Aarhus V');INSERT INTO CITY (ZIPCODE, NAME) VALUES ('8220', 'Brabrand');INSERT INTO CITY (ZIPCODE, NAME) VALUES ('8229', 'Risskov Ø');INSERT INTO CITY (ZIPCODE, NAME) VALUES ('8230', 'Åbyhøj');INSERT INTO CITY (ZIPCODE, NAME) VALUES ('8240', 'Risskov');INSERT INTO CITY (ZIPCODE, NAME) VALUES ('8245', 'Risskov Ø');INSERT INTO CITY (ZIPCODE, NAME) VALUES ('8250', 'Egå');INSERT INTO CITY (ZIPCODE, NAME) VALUES ('8260', 'Viby J');INSERT INTO CITY (ZIPCODE, NAME) VALUES ('8270', 'Højbjerg');INSERT INTO CITY (ZIPCODE, NAME) VALUES ('8300', 'Odder');INSERT INTO CITY (ZIPCODE, NAME) VALUES ('8305', 'Samsø');INSERT INTO CITY (ZIPCODE, NAME) VALUES ('8310', 'Tranbjerg J');INSERT INTO CITY (ZIPCODE, NAME) VALUES ('8320', 'Mårslet');INSERT INTO CITY (ZIPCODE, NAME) VALUES ('8330', 'Beder');INSERT INTO CITY (ZIPCODE, NAME) VALUES ('8340', 'Malling');INSERT INTO CITY (ZIPCODE, NAME) VALUES ('8350', 'Hundslund');INSERT INTO CITY (ZIPCODE, NAME) VALUES ('8355', 'Solbjerg');INSERT INTO CITY (ZIPCODE, NAME) VALUES ('8361', 'Hasselager');INSERT INTO CITY (ZIPCODE, NAME) VALUES ('8362', 'Hørning');INSERT INTO CITY (ZIPCODE, NAME) VALUES ('8370', 'Hadsten');INSERT INTO CITY (ZIPCODE, NAME) VALUES ('8380', 'Trige');INSERT INTO CITY (ZIPCODE, NAME) VALUES ('8381', 'Tilst');INSERT INTO CITY (ZIPCODE, NAME) VALUES ('8382', 'Hinnerup');INSERT INTO CITY (ZIPCODE, NAME) VALUES ('8400', 'Ebeltoft');INSERT INTO CITY (ZIPCODE, NAME) VALUES ('8410', 'Rønde');INSERT INTO CITY (ZIPCODE, NAME) VALUES ('8420', 'Knebel');INSERT INTO CITY (ZIPCODE, NAME) VALUES ('8444', 'Balle');INSERT INTO CITY (ZIPCODE, NAME) VALUES ('8450', 'Hammel');INSERT INTO CITY (ZIPCODE, NAME) VALUES ('8462', 'Harlev J');INSERT INTO CITY (ZIPCODE, NAME) VALUES ('8464', 'Galten');INSERT INTO CITY (ZIPCODE, NAME) VALUES ('8471', 'Sabro');INSERT INTO CITY (ZIPCODE, NAME) VALUES ('8472', 'Sporup');INSERT INTO CITY (ZIPCODE, NAME) VALUES ('8500', 'Grenaa');INSERT INTO CITY (ZIPCODE, NAME) VALUES ('8520', 'Lystrup');INSERT INTO CITY (ZIPCODE, NAME) VALUES ('8530', 'Hjortshøj');INSERT INTO CITY (ZIPCODE, NAME) VALUES ('8541', 'Skødstrup');INSERT INTO CITY (ZIPCODE, NAME) VALUES ('8543', 'Hornslet');INSERT INTO CITY (ZIPCODE, NAME) VALUES ('8544', 'Mørke');INSERT INTO CITY (ZIPCODE, NAME) VALUES ('8550', 'Ryomgård');INSERT INTO CITY (ZIPCODE, NAME) VALUES ('8560', 'Kolind');INSERT INTO CITY (ZIPCODE, NAME) VALUES ('8570', 'Trustrup');INSERT INTO CITY (ZIPCODE, NAME) VALUES ('8581', 'Nimtofte');INSERT INTO CITY (ZIPCODE, NAME) VALUES ('8585', 'Glesborg');INSERT INTO CITY (ZIPCODE, NAME) VALUES ('8586', 'Ørum Djurs');INSERT INTO CITY (ZIPCODE, NAME) VALUES ('8592', 'Anholt');INSERT INTO CITY (ZIPCODE, NAME) VALUES ('8600', 'Silkeborg');INSERT INTO CITY (ZIPCODE, NAME) VALUES ('8620', 'Kjellerup');INSERT INTO CITY (ZIPCODE, NAME) VALUES ('8632', 'Lemming');INSERT INTO CITY (ZIPCODE, NAME) VALUES ('8641', 'Sorring');INSERT INTO CITY (ZIPCODE, NAME) VALUES ('8643', 'Ans By');INSERT INTO CITY (ZIPCODE, NAME) VALUES ('8653', 'Them');INSERT INTO CITY (ZIPCODE, NAME) VALUES ('8654', 'Bryrup');INSERT INTO CITY (ZIPCODE, NAME) VALUES ('8660', 'Skanderborg');INSERT INTO CITY (ZIPCODE, NAME) VALUES ('8670', 'Låsby');INSERT INTO CITY (ZIPCODE, NAME) VALUES ('8680', 'Ry');INSERT INTO CITY (ZIPCODE, NAME) VALUES ('8700', 'Horsens');INSERT INTO CITY (ZIPCODE, NAME) VALUES ('8721', 'Daugård');INSERT INTO CITY (ZIPCODE, NAME) VALUES ('8722', 'Hedensted');INSERT INTO CITY (ZIPCODE, NAME) VALUES ('8723', 'Løsning');INSERT INTO CITY (ZIPCODE, NAME) VALUES ('8732', 'Hovedgård');INSERT INTO CITY (ZIPCODE, NAME) VALUES ('8740', 'Brædstrup');INSERT INTO CITY (ZIPCODE, NAME) VALUES ('8751', 'Gedved');INSERT INTO CITY (ZIPCODE, NAME) VALUES ('8752', 'Østbirk');INSERT INTO CITY (ZIPCODE, NAME) VALUES ('8762', 'Flemming');INSERT INTO CITY (ZIPCODE, NAME) VALUES ('8763', 'Rask Mølle');INSERT INTO CITY (ZIPCODE, NAME) VALUES ('8765', 'Klovborg');INSERT INTO CITY (ZIPCODE, NAME) VALUES ('8766', 'Nørre Snede');INSERT INTO CITY (ZIPCODE, NAME) VALUES ('8781', 'Stenderup');INSERT INTO CITY (ZIPCODE, NAME) VALUES ('8783', 'Hornsyld');INSERT INTO CITY (ZIPCODE, NAME) VALUES ('8800', 'Viborg');INSERT INTO CITY (ZIPCODE, NAME) VALUES ('8830', 'Tjele');INSERT INTO CITY (ZIPCODE, NAME) VALUES ('8831', 'Løgstrup');INSERT INTO CITY (ZIPCODE, NAME) VALUES ('8832', 'Skals');INSERT INTO CITY (ZIPCODE, NAME) VALUES ('8840', 'Rødkærsbro');INSERT INTO CITY (ZIPCODE, NAME) VALUES ('8850', 'Bjerringbro');INSERT INTO CITY (ZIPCODE, NAME) VALUES ('8860', 'Ulstrup');INSERT INTO CITY (ZIPCODE, NAME) VALUES ('8870', 'Langå');INSERT INTO CITY (ZIPCODE, NAME) VALUES ('8881', 'Thorsø');INSERT INTO CITY (ZIPCODE, NAME) VALUES ('8882', 'Fårvang');INSERT INTO CITY (ZIPCODE, NAME) VALUES ('8883', 'Gjern');INSERT INTO CITY (ZIPCODE, NAME) VALUES ('8900', 'Randers C');INSERT INTO CITY (ZIPCODE, NAME) VALUES ('8920', 'Randers NV');INSERT INTO CITY (ZIPCODE, NAME) VALUES ('8930', 'Randers NØ');INSERT INTO CITY (ZIPCODE, NAME) VALUES ('8940', 'Randers SV');INSERT INTO CITY (ZIPCODE, NAME) VALUES ('8950', 'Ørsted');INSERT INTO CITY (ZIPCODE, NAME) VALUES ('8960', 'Randers SØ');INSERT INTO CITY (ZIPCODE, NAME) VALUES ('8961', 'Allingåbro');INSERT INTO CITY (ZIPCODE, NAME) VALUES ('8963', 'Auning');INSERT INTO CITY (ZIPCODE, NAME) VALUES ('8970', 'Havndal');INSERT INTO CITY (ZIPCODE, NAME) VALUES ('8981', 'Spentrup');INSERT INTO CITY (ZIPCODE, NAME) VALUES ('8983', 'Gjerlev J');INSERT INTO CITY (ZIPCODE, NAME) VALUES ('8990', 'Fårup');INSERT INTO CITY (ZIPCODE, NAME) VALUES ('9000', 'Aalborg');INSERT INTO CITY (ZIPCODE, NAME) VALUES ('9029', 'Aalborg');INSERT INTO CITY (ZIPCODE, NAME) VALUES ('9100', 'Aalborg');INSERT INTO CITY (ZIPCODE, NAME) VALUES ('9200', 'Aalborg SV');INSERT INTO CITY (ZIPCODE, NAME) VALUES ('9210', 'Aalborg SØ');INSERT INTO CITY (ZIPCODE, NAME) VALUES ('9220', 'Aalborg Øst');INSERT INTO CITY (ZIPCODE, NAME) VALUES ('9230', 'Svenstrup J');INSERT INTO CITY (ZIPCODE, NAME) VALUES ('9240', 'Nibe');INSERT INTO CITY (ZIPCODE, NAME) VALUES ('9260', 'Gistrup');INSERT INTO CITY (ZIPCODE, NAME) VALUES ('9270', 'Klarup');INSERT INTO CITY (ZIPCODE, NAME) VALUES ('9280', 'Storvorde');INSERT INTO CITY (ZIPCODE, NAME) VALUES ('9293', 'Kongerslev');INSERT INTO CITY (ZIPCODE, NAME) VALUES ('9300', 'Sæby');INSERT INTO CITY (ZIPCODE, NAME) VALUES ('9310', 'Vodskov');INSERT INTO CITY (ZIPCODE, NAME) VALUES ('9320', 'Hjallerup');INSERT INTO CITY (ZIPCODE, NAME) VALUES ('9330', 'Dronninglund');INSERT INTO CITY (ZIPCODE, NAME) VALUES ('9340', 'Asaa');INSERT INTO CITY (ZIPCODE, NAME) VALUES ('9352', 'Dybvad');INSERT INTO CITY (ZIPCODE, NAME) VALUES ('9362', 'Gandrup');INSERT INTO CITY (ZIPCODE, NAME) VALUES ('9370', 'Hals');INSERT INTO CITY (ZIPCODE, NAME) VALUES ('9380', 'Vestbjerg');INSERT INTO CITY (ZIPCODE, NAME) VALUES ('9381', 'Sulsted');INSERT INTO CITY (ZIPCODE, NAME) VALUES ('9382', 'Tylstrup');INSERT INTO CITY (ZIPCODE, NAME) VALUES ('9400', 'Nørresundby');INSERT INTO CITY (ZIPCODE, NAME) VALUES ('9430', 'Vadum');INSERT INTO CITY (ZIPCODE, NAME) VALUES ('9440', 'Aabybro');INSERT INTO CITY (ZIPCODE, NAME) VALUES ('9460', 'Brovst');INSERT INTO CITY (ZIPCODE, NAME) VALUES ('9480', 'Løkken');INSERT INTO CITY (ZIPCODE, NAME) VALUES ('9490', 'Pandrup');INSERT INTO CITY (ZIPCODE, NAME) VALUES ('9492', 'Blokhus');INSERT INTO CITY (ZIPCODE, NAME) VALUES ('9493', 'Saltum');INSERT INTO CITY (ZIPCODE, NAME) VALUES ('9500', 'Hobro');INSERT INTO CITY (ZIPCODE, NAME) VALUES ('9510', 'Arden');INSERT INTO CITY (ZIPCODE, NAME) VALUES ('9520', 'Skørping');INSERT INTO CITY (ZIPCODE, NAME) VALUES ('9530', 'Støvring');INSERT INTO CITY (ZIPCODE, NAME) VALUES ('9541', 'Suldrup');INSERT INTO CITY (ZIPCODE, NAME) VALUES ('9550', 'Mariager');INSERT INTO CITY (ZIPCODE, NAME) VALUES ('9560', 'Hadsund');INSERT INTO CITY (ZIPCODE, NAME) VALUES ('9574', 'Bælum');INSERT INTO CITY (ZIPCODE, NAME) VALUES ('9575', 'Terndrup');INSERT INTO CITY (ZIPCODE, NAME) VALUES ('9600', 'Aars');INSERT INTO CITY (ZIPCODE, NAME) VALUES ('9610', 'Nørager');INSERT INTO CITY (ZIPCODE, NAME) VALUES ('9620', 'Aalestrup');INSERT INTO CITY (ZIPCODE, NAME) VALUES ('9631', 'Gedsted');INSERT INTO CITY (ZIPCODE, NAME) VALUES ('9632', 'Møldrup');INSERT INTO CITY (ZIPCODE, NAME) VALUES ('9640', 'Farsø');INSERT INTO CITY (ZIPCODE, NAME) VALUES ('9670', 'Løgstør');INSERT INTO CITY (ZIPCODE, NAME) VALUES ('9681', 'Ranum');INSERT INTO CITY (ZIPCODE, NAME) VALUES ('9690', 'Fjerritslev');INSERT INTO CITY (ZIPCODE, NAME) VALUES ('9700', 'Brønderslev');INSERT INTO CITY (ZIPCODE, NAME) VALUES ('9740', 'Jerslev J');INSERT INTO CITY (ZIPCODE, NAME) VALUES ('9750', 'Østervrå');INSERT INTO CITY (ZIPCODE, NAME) VALUES ('9760', 'Vrå');INSERT INTO CITY (ZIPCODE, NAME) VALUES ('9800', 'Hjørring');INSERT INTO CITY (ZIPCODE, NAME) VALUES ('9830', 'Tårs');INSERT INTO CITY (ZIPCODE, NAME) VALUES ('9850', 'Hirtshals');INSERT INTO CITY (ZIPCODE, NAME) VALUES ('9870', 'Sindal');INSERT INTO CITY (ZIPCODE, NAME) VALUES ('9881', 'Bindslev');INSERT INTO CITY (ZIPCODE, NAME) VALUES ('9900', 'Frederikshavn');INSERT INTO CITY (ZIPCODE, NAME) VALUES ('9940', 'Læsø');INSERT INTO CITY (ZIPCODE, NAME) VALUES ('9970', 'Strandby');INSERT INTO CITY (ZIPCODE, NAME) VALUES ('9981', 'Jerup');INSERT INTO CITY (ZIPCODE, NAME) VALUES ('9982', 'Ålbæk');INSERT INTO CITY (ZIPCODE, NAME) VALUES ('9990', 'Skagen');INSERT INTO CITY (ZIPCODE, NAME) VALUES ('9992', 'Jylland USF P');INSERT INTO CITY (ZIPCODE, NAME) VALUES ('9993', 'Jylland USF B');INSERT INTO CITY (ZIPCODE, NAME) VALUES ('9996', 'Fakturaservice');INSERT INTO CITY (ZIPCODE, NAME) VALUES ('9997', 'Fakturascanning');INSERT INTO CITY (ZIPCODE, NAME) VALUES ('9998', 'Borgerservice');INSERT INTO CITY (ZIPCODE, NAME) VALUES ('2412', 'Santa Claus/Julemanden');INSERT INTO CITY (ZIPCODE, NAME) VALUES ('3900', 'Nuuk');INSERT INTO CITY (ZIPCODE, NAME) VALUES ('3905', 'Nuussuaq');INSERT INTO CITY (ZIPCODE, NAME) VALUES ('3910', 'Kangerlussuaq');INSERT INTO CITY (ZIPCODE, NAME) VALUES ('3911', 'Sisimiut');INSERT INTO CITY (ZIPCODE, NAME) VALUES ('3912', 'Maniitsoq');INSERT INTO CITY (ZIPCODE, NAME) VALUES ('3913', 'Tasiilaq');INSERT INTO CITY (ZIPCODE, NAME) VALUES ('3915', 'Kulusuk');INSERT INTO CITY (ZIPCODE, NAME) VALUES ('3919', 'Alluitsup Paa');INSERT INTO CITY (ZIPCODE, NAME) VALUES ('3920', 'Qaqortoq');INSERT INTO CITY (ZIPCODE, NAME) VALUES ('3921', 'Narsaq');INSERT INTO CITY (ZIPCODE, NAME) VALUES ('3922', 'Nanortalik');INSERT INTO CITY (ZIPCODE, NAME) VALUES ('3923', 'Narsarsuaq');INSERT INTO CITY (ZIPCODE, NAME) VALUES ('3924', 'Ikerasassuaq');INSERT INTO CITY (ZIPCODE, NAME) VALUES ('3930', 'Kangilinnguit');INSERT INTO CITY (ZIPCODE, NAME) VALUES ('3932', 'Arsuk');INSERT INTO CITY (ZIPCODE, NAME) VALUES ('3940', 'Paamiut');INSERT INTO CITY (ZIPCODE, NAME) VALUES ('3950', 'Aasiaat');INSERT INTO CITY (ZIPCODE, NAME) VALUES ('3951', 'Qasigiannguit');INSERT INTO CITY (ZIPCODE, NAME) VALUES ('3952', 'Ilulissat');INSERT INTO CITY (ZIPCODE, NAME) VALUES ('3953', 'Qeqertarsuaq');INSERT INTO CITY (ZIPCODE, NAME) VALUES ('3955', 'Kangaatsiaq');INSERT INTO CITY (ZIPCODE, NAME) VALUES ('3961', 'Uummannaq');INSERT INTO CITY (ZIPCODE, NAME) VALUES ('3962', 'Upernavik');INSERT INTO CITY (ZIPCODE, NAME) VALUES ('3964', 'Qaarsut');INSERT INTO CITY (ZIPCODE, NAME) VALUES ('3970', 'Pituffik');INSERT INTO CITY (ZIPCODE, NAME) VALUES ('3971', 'Qaanaaq');INSERT INTO CITY (ZIPCODE, NAME) VALUES ('3972', 'Station Nord');INSERT INTO CITY (ZIPCODE, NAME) VALUES ('3980', 'Ittoqqortoormiit');INSERT INTO CITY (ZIPCODE, NAME) VALUES ('3982', 'Mestersvig');INSERT INTO CITY (ZIPCODE, NAME) VALUES ('3984', 'Danmarkshavn');INSERT INTO CITY (ZIPCODE, NAME) VALUES ('3985', 'Constable Pynt');INSERT INTO CITY (ZIPCODE, NAME) VALUES ('3992', 'Slædepatrulje Sirius');INSERT INTO CITY (ZIPCODE, NAME) VALUES ('100', 'Tórshavn');INSERT INTO CITY (ZIPCODE, NAME) VALUES ('110', 'Tórshavn ');INSERT INTO CITY (ZIPCODE, NAME) VALUES ('160', 'Argir');INSERT INTO CITY (ZIPCODE, NAME) VALUES ('165', 'Argir ');INSERT INTO CITY (ZIPCODE, NAME) VALUES ('175', 'Kirkjubøur');INSERT INTO CITY (ZIPCODE, NAME) VALUES ('176', 'Velbastadur');INSERT INTO CITY (ZIPCODE, NAME) VALUES ('177', 'Sydradalur, Streymoy');INSERT INTO CITY (ZIPCODE, NAME) VALUES ('178', 'Nordradalur');INSERT INTO CITY (ZIPCODE, NAME) VALUES ('180', 'Kaldbak');INSERT INTO CITY (ZIPCODE, NAME) VALUES ('185', 'Kaldbaksbotnur');INSERT INTO CITY (ZIPCODE, NAME) VALUES ('186', 'Sund');INSERT INTO CITY (ZIPCODE, NAME) VALUES ('187', 'Hvitanes');INSERT INTO CITY (ZIPCODE, NAME) VALUES ('188', 'Hoyvík');INSERT INTO CITY (ZIPCODE, NAME) VALUES ('210', 'Sandur');INSERT INTO CITY (ZIPCODE, NAME) VALUES ('215', 'Sandur');INSERT INTO CITY (ZIPCODE, NAME) VALUES ('220', 'Skálavík');INSERT INTO CITY (ZIPCODE, NAME) VALUES ('230', 'Húsavík');INSERT INTO CITY (ZIPCODE, NAME) VALUES ('235', 'Dalur');INSERT INTO CITY (ZIPCODE, NAME) VALUES ('236', 'Skarvanes');INSERT INTO CITY (ZIPCODE, NAME) VALUES ('240', 'Skopun');INSERT INTO CITY (ZIPCODE, NAME) VALUES ('260', 'Skúvoy');INSERT INTO CITY (ZIPCODE, NAME) VALUES ('270', 'Nólsoy');INSERT INTO CITY (ZIPCODE, NAME) VALUES ('280', 'Hestur');INSERT INTO CITY (ZIPCODE, NAME) VALUES ('285', 'Koltur');INSERT INTO CITY (ZIPCODE, NAME) VALUES ('286', 'Stóra Dimun');INSERT INTO CITY (ZIPCODE, NAME) VALUES ('330', 'Stykkid');INSERT INTO CITY (ZIPCODE, NAME) VALUES ('335', 'Leynar');INSERT INTO CITY (ZIPCODE, NAME) VALUES ('336', 'Skællingur');INSERT INTO CITY (ZIPCODE, NAME) VALUES ('340', 'Kvívík');INSERT INTO CITY (ZIPCODE, NAME) VALUES ('350', 'Vestmanna');INSERT INTO CITY (ZIPCODE, NAME) VALUES ('355', 'Vestmanna');INSERT INTO CITY (ZIPCODE, NAME) VALUES ('358', 'Válur');INSERT INTO CITY (ZIPCODE, NAME) VALUES ('360', 'Sandavágur');INSERT INTO CITY (ZIPCODE, NAME) VALUES ('370', 'Midvágur');INSERT INTO CITY (ZIPCODE, NAME) VALUES ('375', 'Midvágur');INSERT INTO CITY (ZIPCODE, NAME) VALUES ('380', 'Sørvágur');INSERT INTO CITY (ZIPCODE, NAME) VALUES ('385', 'Vatnsoyrar');INSERT INTO CITY (ZIPCODE, NAME) VALUES ('386', 'Bøur');INSERT INTO CITY (ZIPCODE, NAME) VALUES ('387', 'Gásadalur');INSERT INTO CITY (ZIPCODE, NAME) VALUES ('388', 'Mykines');INSERT INTO CITY (ZIPCODE, NAME) VALUES ('400', 'Oyrarbakki');INSERT INTO CITY (ZIPCODE, NAME) VALUES ('405', 'Oyrarbakki');INSERT INTO CITY (ZIPCODE, NAME) VALUES ('410', 'Kollafjørdur');INSERT INTO CITY (ZIPCODE, NAME) VALUES ('415', 'Oyrareingir');INSERT INTO CITY (ZIPCODE, NAME) VALUES ('416', 'Signabøur');INSERT INTO CITY (ZIPCODE, NAME) VALUES ('420', 'Hósvík');INSERT INTO CITY (ZIPCODE, NAME) VALUES ('430', 'Hvalvík');INSERT INTO CITY (ZIPCODE, NAME) VALUES ('435', 'Streymnes');INSERT INTO CITY (ZIPCODE, NAME) VALUES ('436', 'Saksun');INSERT INTO CITY (ZIPCODE, NAME) VALUES ('437', 'Nesvík');INSERT INTO CITY (ZIPCODE, NAME) VALUES ('438', 'Langasandur');INSERT INTO CITY (ZIPCODE, NAME) VALUES ('440', 'Haldarsvík');INSERT INTO CITY (ZIPCODE, NAME) VALUES ('445', 'Tjørnuvík');INSERT INTO CITY (ZIPCODE, NAME) VALUES ('450', 'Oyri');INSERT INTO CITY (ZIPCODE, NAME) VALUES ('460', 'Nordskáli');INSERT INTO CITY (ZIPCODE, NAME) VALUES ('465', 'Svináir');INSERT INTO CITY (ZIPCODE, NAME) VALUES ('466', 'Ljósá');INSERT INTO CITY (ZIPCODE, NAME) VALUES ('470', 'Eidi');INSERT INTO CITY (ZIPCODE, NAME) VALUES ('475', 'Funningur');INSERT INTO CITY (ZIPCODE, NAME) VALUES ('476', 'Gjógv');INSERT INTO CITY (ZIPCODE, NAME) VALUES ('477', 'Funningsfjørdur');INSERT INTO CITY (ZIPCODE, NAME) VALUES ('478', 'Elduvík');INSERT INTO CITY (ZIPCODE, NAME) VALUES ('480', 'Skáli');INSERT INTO CITY (ZIPCODE, NAME) VALUES ('485', 'Skálafjørdur');INSERT INTO CITY (ZIPCODE, NAME) VALUES ('490', 'Strendur');INSERT INTO CITY (ZIPCODE, NAME) VALUES ('494', 'Innan Glyvur');INSERT INTO CITY (ZIPCODE, NAME) VALUES ('495', 'Kolbanargjógv');INSERT INTO CITY (ZIPCODE, NAME) VALUES ('496', 'Morskranes');INSERT INTO CITY (ZIPCODE, NAME) VALUES ('497', 'Selatrad');INSERT INTO CITY (ZIPCODE, NAME) VALUES ('510', 'Gøta');INSERT INTO CITY (ZIPCODE, NAME) VALUES ('511', 'Gøtugjógv');INSERT INTO CITY (ZIPCODE, NAME) VALUES ('512', 'Nordragøta');INSERT INTO CITY (ZIPCODE, NAME) VALUES ('513', 'Sydrugøta');INSERT INTO CITY (ZIPCODE, NAME) VALUES ('515', 'Gøta');INSERT INTO CITY (ZIPCODE, NAME) VALUES ('520', 'Leirvík');INSERT INTO CITY (ZIPCODE, NAME) VALUES ('530', 'Fuglafjørdur');INSERT INTO CITY (ZIPCODE, NAME) VALUES ('535', 'Fuglafjørdur');INSERT INTO CITY (ZIPCODE, NAME) VALUES ('600', 'Saltangará');INSERT INTO CITY (ZIPCODE, NAME) VALUES ('610', 'Saltangará');INSERT INTO CITY (ZIPCODE, NAME) VALUES ('620', 'Runavík');INSERT INTO CITY (ZIPCODE, NAME) VALUES ('625', 'Glyvrar');INSERT INTO CITY (ZIPCODE, NAME) VALUES ('626', 'Lambareidi');INSERT INTO CITY (ZIPCODE, NAME) VALUES ('627', 'Lambi');INSERT INTO CITY (ZIPCODE, NAME) VALUES ('640', 'Rituvík');INSERT INTO CITY (ZIPCODE, NAME) VALUES ('645', 'Æduvík');INSERT INTO CITY (ZIPCODE, NAME) VALUES ('650', 'Toftir');INSERT INTO CITY (ZIPCODE, NAME) VALUES ('655', 'Nes, Eysturoy');INSERT INTO CITY (ZIPCODE, NAME) VALUES ('656', 'Saltnes');INSERT INTO CITY (ZIPCODE, NAME) VALUES ('660', 'Søldarfjørdur');INSERT INTO CITY (ZIPCODE, NAME) VALUES ('665', 'Skipanes');INSERT INTO CITY (ZIPCODE, NAME) VALUES ('666', 'Gøtueidi');INSERT INTO CITY (ZIPCODE, NAME) VALUES ('690', 'Oyndarfjørdur');INSERT INTO CITY (ZIPCODE, NAME) VALUES ('695', 'Hellur');INSERT INTO CITY (ZIPCODE, NAME) VALUES ('700', 'Klaksvík');INSERT INTO CITY (ZIPCODE, NAME) VALUES ('710', 'Klaksvík');INSERT INTO CITY (ZIPCODE, NAME) VALUES ('725', 'Nordoyri');INSERT INTO CITY (ZIPCODE, NAME) VALUES ('726', 'Ánir');INSERT INTO CITY (ZIPCODE, NAME) VALUES ('727', 'Árnafjørdur');INSERT INTO CITY (ZIPCODE, NAME) VALUES ('730', 'Norddepil');INSERT INTO CITY (ZIPCODE, NAME) VALUES ('735', 'Depil');INSERT INTO CITY (ZIPCODE, NAME) VALUES ('736', 'Nordtoftir');INSERT INTO CITY (ZIPCODE, NAME) VALUES ('737', 'Múli');INSERT INTO CITY (ZIPCODE, NAME) VALUES ('740', 'Hvannasund');INSERT INTO CITY (ZIPCODE, NAME) VALUES ('750', 'Vidareidi');INSERT INTO CITY (ZIPCODE, NAME) VALUES ('765', 'Svinoy');INSERT INTO CITY (ZIPCODE, NAME) VALUES ('766', 'Kirkja');INSERT INTO CITY (ZIPCODE, NAME) VALUES ('767', 'Hattarvík');INSERT INTO CITY (ZIPCODE, NAME) VALUES ('780', 'Kunoy');INSERT INTO CITY (ZIPCODE, NAME) VALUES ('785', 'Haraldssund');INSERT INTO CITY (ZIPCODE, NAME) VALUES ('795', 'Sydradalur, Kalsoy');INSERT INTO CITY (ZIPCODE, NAME) VALUES ('796', 'Húsar');INSERT INTO CITY (ZIPCODE, NAME) VALUES ('797', 'Mikladalur');INSERT INTO CITY (ZIPCODE, NAME) VALUES ('798', 'Trøllanes');INSERT INTO CITY (ZIPCODE, NAME) VALUES ('800', 'Tvøroyri');INSERT INTO CITY (ZIPCODE, NAME) VALUES ('810', 'Tvøroyri');INSERT INTO CITY (ZIPCODE, NAME) VALUES ('825', 'Frodba');INSERT INTO CITY (ZIPCODE, NAME) VALUES ('826', 'Trongisvágur');INSERT INTO CITY (ZIPCODE, NAME) VALUES ('827', 'Øravík');INSERT INTO CITY (ZIPCODE, NAME) VALUES ('850', 'Hvalba');INSERT INTO CITY (ZIPCODE, NAME) VALUES ('860', 'Sandvík');INSERT INTO CITY (ZIPCODE, NAME) VALUES ('870', 'Fámjin');INSERT INTO CITY (ZIPCODE, NAME) VALUES ('900', 'Vágur');INSERT INTO CITY (ZIPCODE, NAME) VALUES ('910', 'Vágur');INSERT INTO CITY (ZIPCODE, NAME) VALUES ('925', 'Nes, Vágur');INSERT INTO CITY (ZIPCODE, NAME) VALUES ('926', 'Lopra');INSERT INTO CITY (ZIPCODE, NAME) VALUES ('927', 'Akrar');INSERT INTO CITY (ZIPCODE, NAME) VALUES ('928', 'Vikarbyrgi');INSERT INTO CITY (ZIPCODE, NAME) VALUES ('950', 'Porkeri');INSERT INTO CITY (ZIPCODE, NAME) VALUES ('960', 'Hov');INSERT INTO CITY (ZIPCODE, NAME) VALUES ('970', 'Sumba');INSERT INTO `hobby` (`DESCRIPTION`, `NAME`) VALUES ('Boldspil med fødder', 'Fodbold');
INSERT INTO `hobby` (`DESCRIPTION`, `NAME`) VALUES ('Boldspil med hænder', 'Håndbold');
INSERT INTO `hobby` (`DESCRIPTION`, `NAME`) VALUES ('Computerspil', 'Esport');
INSERT INTO `hobby` (`DESCRIPTION`, `NAME`) VALUES ('Fiske', 'Fiskeri');
INSERT INTO `hobby` (`DESCRIPTION`, `NAME`) VALUES ('Populærsport', 'Løb');
INSERT INTO `address` (`INFORMATION`, `STREET`, `CITY_ID`) VALUES ('2. tv', 'Østgaardsvej', 713);
INSERT INTO `person` (`ID`, `EMAIL`, `FIRSTNAME`, `LASTNAME`, `ADDRESS_ID`) VALUES (1,'Rune@hotmail.dk', 'Rune', 'Christoffersen', 1);
INSERT INTO `phone` (`DESCRIPTION`, `NUMBER`, `OWNER_ID`) VALUES ('mobile', '50836327', 1);
INSERT INTO `hobby_person` (`hobbies_ID`, `persons_ID`) VALUES (3, 1);
INSERT INTO `address` (`INFORMATION`, `STREET`, `CITY_ID`) VALUES ('stuen', 'Østgaardsvej', 314);
INSERT INTO `person` (`ID`, `EMAIL`, `FIRSTNAME`, `LASTNAME`, `ADDRESS_ID`) VALUES (2,'Isabella@gmail.eu', 'Isabella', 'Filipsen', 2);
INSERT INTO `phone` (`DESCRIPTION`, `NUMBER`, `OWNER_ID`) VALUES ('mobile', '76112253', 2);
INSERT INTO `hobby_person` (`hobbies_ID`, `persons_ID`) VALUES (1, 2);
INSERT INTO `address` (`INFORMATION`, `STREET`, `CITY_ID`) VALUES ('2. th', 'Kronhjortevej', 1246);
INSERT INTO `person` (`ID`, `EMAIL`, `FIRSTNAME`, `LASTNAME`, `ADDRESS_ID`) VALUES (3,'Isabella@protonmail.eu', 'Isabella', 'Kaspersen', 3);
INSERT INTO `phone` (`DESCRIPTION`, `NUMBER`, `OWNER_ID`) VALUES ('home', '72328042', 3);
INSERT INTO `hobby_person` (`hobbies_ID`, `persons_ID`) VALUES (3, 3);
INSERT INTO `address` (`INFORMATION`, `STREET`, `CITY_ID`) VALUES ('stuen', 'Møllevangen', 614);
INSERT INTO `person` (`ID`, `EMAIL`, `FIRSTNAME`, `LASTNAME`, `ADDRESS_ID`) VALUES (4,'Kasper@zoho.com', 'Kasper', 'Filipovic', 4);
INSERT INTO `phone` (`DESCRIPTION`, `NUMBER`, `OWNER_ID`) VALUES ('home', '8592788', 4);
INSERT INTO `hobby_person` (`hobbies_ID`, `persons_ID`) VALUES (2, 4);
INSERT INTO `address` (`INFORMATION`, `STREET`, `CITY_ID`) VALUES ('1. th', 'Milanovicvej', 635);
INSERT INTO `person` (`ID`, `EMAIL`, `FIRSTNAME`, `LASTNAME`, `ADDRESS_ID`) VALUES (5,'Isabella@gmail.dk', 'Isabella', 'Bobsen', 5);
INSERT INTO `phone` (`DESCRIPTION`, `NUMBER`, `OWNER_ID`) VALUES ('work', '49311602', 5);
INSERT INTO `hobby_person` (`hobbies_ID`, `persons_ID`) VALUES (4, 5);
INSERT INTO `address` (`INFORMATION`, `STREET`, `CITY_ID`) VALUES ('stuen', 'Hjortekærsvej', 175);
INSERT INTO `person` (`ID`, `EMAIL`, `FIRSTNAME`, `LASTNAME`, `ADDRESS_ID`) VALUES (6,'Thomas@outlook.dk', 'Thomas', 'Jonassen', 6);
INSERT INTO `phone` (`DESCRIPTION`, `NUMBER`, `OWNER_ID`) VALUES ('mobile', '15671763', 6);
INSERT INTO `hobby_person` (`hobbies_ID`, `persons_ID`) VALUES (1, 6);
INSERT INTO `address` (`INFORMATION`, `STREET`, `CITY_ID`) VALUES ('1. tv', 'Kronhjortevej', 279);
INSERT INTO `person` (`ID`, `EMAIL`, `FIRSTNAME`, `LASTNAME`, `ADDRESS_ID`) VALUES (7,'Mia@outlook.dk', 'Mia', 'Filipovic', 7);
INSERT INTO `phone` (`DESCRIPTION`, `NUMBER`, `OWNER_ID`) VALUES ('mobile', '48656371', 7);
INSERT INTO `hobby_person` (`hobbies_ID`, `persons_ID`) VALUES (2, 7);
INSERT INTO `address` (`INFORMATION`, `STREET`, `CITY_ID`) VALUES ('stuen', 'Milanovicvej', 1259);
INSERT INTO `person` (`ID`, `EMAIL`, `FIRSTNAME`, `LASTNAME`, `ADDRESS_ID`) VALUES (8,'Filip@protonmail.dk', 'Filip', 'Simonsen', 8);
INSERT INTO `phone` (`DESCRIPTION`, `NUMBER`, `OWNER_ID`) VALUES ('work', '86691618', 8);
INSERT INTO `hobby_person` (`hobbies_ID`, `persons_ID`) VALUES (3, 8);
INSERT INTO `address` (`INFORMATION`, `STREET`, `CITY_ID`) VALUES ('stuen', 'Hjortekærsvej', 1144);
INSERT INTO `person` (`ID`, `EMAIL`, `FIRSTNAME`, `LASTNAME`, `ADDRESS_ID`) VALUES (9,'Kirsten@protonmail.eu', 'Kirsten', 'Runesen', 9);
INSERT INTO `phone` (`DESCRIPTION`, `NUMBER`, `OWNER_ID`) VALUES ('home', '87708617', 9);
INSERT INTO `hobby_person` (`hobbies_ID`, `persons_ID`) VALUES (1, 9);
INSERT INTO `address` (`INFORMATION`, `STREET`, `CITY_ID`) VALUES ('1. tv', 'Kullevej', 567);
INSERT INTO `person` (`ID`, `EMAIL`, `FIRSTNAME`, `LASTNAME`, `ADDRESS_ID`) VALUES (10,'Maria@outlook.com', 'Maria', 'Kristiansen', 10);
INSERT INTO `phone` (`DESCRIPTION`, `NUMBER`, `OWNER_ID`) VALUES ('work', '69584375', 10);
INSERT INTO `hobby_person` (`hobbies_ID`, `persons_ID`) VALUES (5, 10);
INSERT INTO `address` (`INFORMATION`, `STREET`, `CITY_ID`) VALUES ('2. th', 'Hjortekærsvej', 477);
INSERT INTO `person` (`ID`, `EMAIL`, `FIRSTNAME`, `LASTNAME`, `ADDRESS_ID`) VALUES (11,'Jonas@outlook.dk', 'Jonas', 'Stevensen', 11);
INSERT INTO `phone` (`DESCRIPTION`, `NUMBER`, `OWNER_ID`) VALUES ('work', '88728755', 11);
INSERT INTO `hobby_person` (`hobbies_ID`, `persons_ID`) VALUES (3, 11);
INSERT INTO `address` (`INFORMATION`, `STREET`, `CITY_ID`) VALUES ('1. th', 'Ryllevej', 545);
INSERT INTO `person` (`ID`, `EMAIL`, `FIRSTNAME`, `LASTNAME`, `ADDRESS_ID`) VALUES (12,'Kasper@zoho.com', 'Kasper', 'Bobsen', 12);
INSERT INTO `phone` (`DESCRIPTION`, `NUMBER`, `OWNER_ID`) VALUES ('home', '56378104', 12);
INSERT INTO `hobby_person` (`hobbies_ID`, `persons_ID`) VALUES (4, 12);
INSERT INTO `address` (`INFORMATION`, `STREET`, `CITY_ID`) VALUES ('1. th', 'Østgaardsvej', 882);
INSERT INTO `person` (`ID`, `EMAIL`, `FIRSTNAME`, `LASTNAME`, `ADDRESS_ID`) VALUES (13,'Mia@gmail.eu', 'Mia', 'Simonsen', 13);
INSERT INTO `phone` (`DESCRIPTION`, `NUMBER`, `OWNER_ID`) VALUES ('mobile', '78444122', 13);
INSERT INTO `hobby_person` (`hobbies_ID`, `persons_ID`) VALUES (2, 13);
INSERT INTO `address` (`INFORMATION`, `STREET`, `CITY_ID`) VALUES ('1. tv', 'Kronhjortevej', 564);
INSERT INTO `person` (`ID`, `EMAIL`, `FIRSTNAME`, `LASTNAME`, `ADDRESS_ID`) VALUES (14,'Kim@yahoo.com', 'Kim', 'Mikkelsen', 14);
INSERT INTO `phone` (`DESCRIPTION`, `NUMBER`, `OWNER_ID`) VALUES ('work', '24768486', 14);
INSERT INTO `hobby_person` (`hobbies_ID`, `persons_ID`) VALUES (5, 14);
INSERT INTO `address` (`INFORMATION`, `STREET`, `CITY_ID`) VALUES ('1. tv', 'Østgaardsvej', 1023);
INSERT INTO `person` (`ID`, `EMAIL`, `FIRSTNAME`, `LASTNAME`, `ADDRESS_ID`) VALUES (15,'Jonas@yahoo.eu', 'Jonas', 'Stevensen', 15);
INSERT INTO `phone` (`DESCRIPTION`, `NUMBER`, `OWNER_ID`) VALUES ('work', '22323046', 15);
INSERT INTO `hobby_person` (`hobbies_ID`, `persons_ID`) VALUES (5, 15);
INSERT INTO `address` (`INFORMATION`, `STREET`, `CITY_ID`) VALUES ('2. th', 'Hjortekærsvej', 930);
INSERT INTO `person` (`ID`, `EMAIL`, `FIRSTNAME`, `LASTNAME`, `ADDRESS_ID`) VALUES (16,'Ida@zoho.dk', 'Ida', 'Vestergaard', 16);
INSERT INTO `phone` (`DESCRIPTION`, `NUMBER`, `OWNER_ID`) VALUES ('work', '63036451', 16);
INSERT INTO `hobby_person` (`hobbies_ID`, `persons_ID`) VALUES (4, 16);
INSERT INTO `address` (`INFORMATION`, `STREET`, `CITY_ID`) VALUES ('1. th', 'Kronhjortevej', 1317);
INSERT INTO `person` (`ID`, `EMAIL`, `FIRSTNAME`, `LASTNAME`, `ADDRESS_ID`) VALUES (17,'Isabella@outlook.com', 'Isabella', 'Mikkelsen', 17);
INSERT INTO `phone` (`DESCRIPTION`, `NUMBER`, `OWNER_ID`) VALUES ('mobile', '54571115', 17);
INSERT INTO `hobby_person` (`hobbies_ID`, `persons_ID`) VALUES (5, 17);
INSERT INTO `address` (`INFORMATION`, `STREET`, `CITY_ID`) VALUES ('stuen', 'Hjortekærsvej', 1201);
INSERT INTO `person` (`ID`, `EMAIL`, `FIRSTNAME`, `LASTNAME`, `ADDRESS_ID`) VALUES (18,'Bob@gmail.dk', 'Bob', 'Runesen', 18);
INSERT INTO `phone` (`DESCRIPTION`, `NUMBER`, `OWNER_ID`) VALUES ('work', '86239684', 18);
INSERT INTO `hobby_person` (`hobbies_ID`, `persons_ID`) VALUES (4, 18);
INSERT INTO `address` (`INFORMATION`, `STREET`, `CITY_ID`) VALUES ('stuen', 'Kullevej', 546);
INSERT INTO `person` (`ID`, `EMAIL`, `FIRSTNAME`, `LASTNAME`, `ADDRESS_ID`) VALUES (19,'Bob@outlook.com', 'Bob', 'Filipsen', 19);
INSERT INTO `phone` (`DESCRIPTION`, `NUMBER`, `OWNER_ID`) VALUES ('mobile', '69923573', 19);
INSERT INTO `hobby_person` (`hobbies_ID`, `persons_ID`) VALUES (4, 19);
INSERT INTO `address` (`INFORMATION`, `STREET`, `CITY_ID`) VALUES ('1. tv', 'Ryllevej', 935);
INSERT INTO `person` (`ID`, `EMAIL`, `FIRSTNAME`, `LASTNAME`, `ADDRESS_ID`) VALUES (20,'Kirsten@hotmail.com', 'Kirsten', 'Runesen', 20);
INSERT INTO `phone` (`DESCRIPTION`, `NUMBER`, `OWNER_ID`) VALUES ('mobile', '24676807', 20);
INSERT INTO `hobby_person` (`hobbies_ID`, `persons_ID`) VALUES (1, 20);
INSERT INTO `address` (`INFORMATION`, `STREET`, `CITY_ID`) VALUES ('1. th', 'Ryllevej', 172);
INSERT INTO `person` (`ID`, `EMAIL`, `FIRSTNAME`, `LASTNAME`, `ADDRESS_ID`) VALUES (21,'Isabella@outlook.dk', 'Isabella', 'Vestergaard', 21);
INSERT INTO `phone` (`DESCRIPTION`, `NUMBER`, `OWNER_ID`) VALUES ('work', '63680392', 21);
INSERT INTO `hobby_person` (`hobbies_ID`, `persons_ID`) VALUES (5, 21);
INSERT INTO `address` (`INFORMATION`, `STREET`, `CITY_ID`) VALUES ('1. tv', 'Kullevej', 321);
INSERT INTO `person` (`ID`, `EMAIL`, `FIRSTNAME`, `LASTNAME`, `ADDRESS_ID`) VALUES (22,'Simon@yahoo.com', 'Simon', 'Filipsen', 22);
INSERT INTO `phone` (`DESCRIPTION`, `NUMBER`, `OWNER_ID`) VALUES ('mobile', '78213278', 22);
INSERT INTO `hobby_person` (`hobbies_ID`, `persons_ID`) VALUES (3, 22);
INSERT INTO `address` (`INFORMATION`, `STREET`, `CITY_ID`) VALUES ('2. tv', 'Kronhjortevej', 1131);
INSERT INTO `person` (`ID`, `EMAIL`, `FIRSTNAME`, `LASTNAME`, `ADDRESS_ID`) VALUES (23,'Mia@outlook.eu', 'Mia', 'Mikkelsen', 23);
INSERT INTO `phone` (`DESCRIPTION`, `NUMBER`, `OWNER_ID`) VALUES ('home', '51351701', 23);
INSERT INTO `hobby_person` (`hobbies_ID`, `persons_ID`) VALUES (5, 23);
INSERT INTO `address` (`INFORMATION`, `STREET`, `CITY_ID`) VALUES ('1. th', 'Milanovicvej', 390);
INSERT INTO `person` (`ID`, `EMAIL`, `FIRSTNAME`, `LASTNAME`, `ADDRESS_ID`) VALUES (24,'Kirsten@yahoo.com', 'Kirsten', 'Jonassen', 24);
INSERT INTO `phone` (`DESCRIPTION`, `NUMBER`, `OWNER_ID`) VALUES ('work', '58803161', 24);
INSERT INTO `hobby_person` (`hobbies_ID`, `persons_ID`) VALUES (1, 24);
INSERT INTO `address` (`INFORMATION`, `STREET`, `CITY_ID`) VALUES ('1. tv', 'Kullevej', 56);
INSERT INTO `person` (`ID`, `EMAIL`, `FIRSTNAME`, `LASTNAME`, `ADDRESS_ID`) VALUES (25,'Kasper@gmail.com', 'Kasper', 'Bobsen', 25);
INSERT INTO `phone` (`DESCRIPTION`, `NUMBER`, `OWNER_ID`) VALUES ('home', '83154448', 25);
INSERT INTO `hobby_person` (`hobbies_ID`, `persons_ID`) VALUES (2, 25);
INSERT INTO `address` (`INFORMATION`, `STREET`, `CITY_ID`) VALUES ('1. tv', 'Kullevej', 561);
INSERT INTO `person` (`ID`, `EMAIL`, `FIRSTNAME`, `LASTNAME`, `ADDRESS_ID`) VALUES (26,'Kirsten@hotmail.eu', 'Kirsten', 'Simonsen', 26);
INSERT INTO `phone` (`DESCRIPTION`, `NUMBER`, `OWNER_ID`) VALUES ('mobile', '73249386', 26);
INSERT INTO `hobby_person` (`hobbies_ID`, `persons_ID`) VALUES (3, 26);
INSERT INTO `address` (`INFORMATION`, `STREET`, `CITY_ID`) VALUES ('2. th', 'Hjortekærsvej', 283);
INSERT INTO `person` (`ID`, `EMAIL`, `FIRSTNAME`, `LASTNAME`, `ADDRESS_ID`) VALUES (27,'Kirsten@gmail.eu', 'Kirsten', 'Alexandersen', 27);
INSERT INTO `phone` (`DESCRIPTION`, `NUMBER`, `OWNER_ID`) VALUES ('mobile', '33443043', 27);
INSERT INTO `hobby_person` (`hobbies_ID`, `persons_ID`) VALUES (5, 27);
INSERT INTO `address` (`INFORMATION`, `STREET`, `CITY_ID`) VALUES ('stuen', 'Østgaardsvej', 524);
INSERT INTO `person` (`ID`, `EMAIL`, `FIRSTNAME`, `LASTNAME`, `ADDRESS_ID`) VALUES (28,'Bob@yahoo.com', 'Bob', 'Bobsen', 28);
INSERT INTO `phone` (`DESCRIPTION`, `NUMBER`, `OWNER_ID`) VALUES ('home', '98328926', 28);
INSERT INTO `hobby_person` (`hobbies_ID`, `persons_ID`) VALUES (5, 28);
INSERT INTO `address` (`INFORMATION`, `STREET`, `CITY_ID`) VALUES ('1. tv', 'Kullevej', 1137);
INSERT INTO `person` (`ID`, `EMAIL`, `FIRSTNAME`, `LASTNAME`, `ADDRESS_ID`) VALUES (29,'Kim@protonmail.eu', 'Kim', 'Filipovic', 29);
INSERT INTO `phone` (`DESCRIPTION`, `NUMBER`, `OWNER_ID`) VALUES ('mobile', '54750257', 29);
INSERT INTO `hobby_person` (`hobbies_ID`, `persons_ID`) VALUES (2, 29);
INSERT INTO `address` (`INFORMATION`, `STREET`, `CITY_ID`) VALUES ('2. tv', 'Milanovicvej', 433);
INSERT INTO `person` (`ID`, `EMAIL`, `FIRSTNAME`, `LASTNAME`, `ADDRESS_ID`) VALUES (30,'Alexander@yahoo.eu', 'Alexander', 'Mikkelsen', 30);
INSERT INTO `phone` (`DESCRIPTION`, `NUMBER`, `OWNER_ID`) VALUES ('work', '67743653', 30);
INSERT INTO `hobby_person` (`hobbies_ID`, `persons_ID`) VALUES (5, 30);
INSERT INTO `address` (`INFORMATION`, `STREET`, `CITY_ID`) VALUES ('stuen', 'Ryllevej', 458);
INSERT INTO `person` (`ID`, `EMAIL`, `FIRSTNAME`, `LASTNAME`, `ADDRESS_ID`) VALUES (31,'Simon@zoho.com', 'Simon', 'Stevensen', 31);
INSERT INTO `phone` (`DESCRIPTION`, `NUMBER`, `OWNER_ID`) VALUES ('work', '21349124', 31);
INSERT INTO `hobby_person` (`hobbies_ID`, `persons_ID`) VALUES (5, 31);
INSERT INTO `address` (`INFORMATION`, `STREET`, `CITY_ID`) VALUES ('2. tv', 'Ryllevej', 1194);
INSERT INTO `person` (`ID`, `EMAIL`, `FIRSTNAME`, `LASTNAME`, `ADDRESS_ID`) VALUES (32,'Isabella@protonmail.dk', 'Isabella', 'Filipovic', 32);
INSERT INTO `phone` (`DESCRIPTION`, `NUMBER`, `OWNER_ID`) VALUES ('work', '79970329', 32);
INSERT INTO `hobby_person` (`hobbies_ID`, `persons_ID`) VALUES (2, 32);
INSERT INTO `address` (`INFORMATION`, `STREET`, `CITY_ID`) VALUES ('1. tv', 'Milanovicvej', 729);
INSERT INTO `person` (`ID`, `EMAIL`, `FIRSTNAME`, `LASTNAME`, `ADDRESS_ID`) VALUES (33,'Kristian@outlook.eu', 'Kristian', 'Kaspersen', 33);
INSERT INTO `phone` (`DESCRIPTION`, `NUMBER`, `OWNER_ID`) VALUES ('mobile', '60208050', 33);
INSERT INTO `hobby_person` (`hobbies_ID`, `persons_ID`) VALUES (5, 33);
INSERT INTO `address` (`INFORMATION`, `STREET`, `CITY_ID`) VALUES ('2. tv', 'Milanovicvej', 961);
INSERT INTO `person` (`ID`, `EMAIL`, `FIRSTNAME`, `LASTNAME`, `ADDRESS_ID`) VALUES (34,'Alexa@yahoo.dk', 'Alexa', 'Alexandersen', 34);
INSERT INTO `phone` (`DESCRIPTION`, `NUMBER`, `OWNER_ID`) VALUES ('work', '23647498', 34);
INSERT INTO `hobby_person` (`hobbies_ID`, `persons_ID`) VALUES (1, 34);
INSERT INTO `address` (`INFORMATION`, `STREET`, `CITY_ID`) VALUES ('stuen', 'Milanovicvej', 1054);
INSERT INTO `person` (`ID`, `EMAIL`, `FIRSTNAME`, `LASTNAME`, `ADDRESS_ID`) VALUES (35,'Mia@yahoo.com', 'Mia', 'Filipsen', 35);
INSERT INTO `phone` (`DESCRIPTION`, `NUMBER`, `OWNER_ID`) VALUES ('work', '62432994', 35);
INSERT INTO `hobby_person` (`hobbies_ID`, `persons_ID`) VALUES (1, 35);
INSERT INTO `address` (`INFORMATION`, `STREET`, `CITY_ID`) VALUES ('1. th', 'Møllevangen', 450);
INSERT INTO `person` (`ID`, `EMAIL`, `FIRSTNAME`, `LASTNAME`, `ADDRESS_ID`) VALUES (36,'Alexa@outlook.dk', 'Alexa', 'Jonassen', 36);
INSERT INTO `phone` (`DESCRIPTION`, `NUMBER`, `OWNER_ID`) VALUES ('work', '97119015', 36);
INSERT INTO `hobby_person` (`hobbies_ID`, `persons_ID`) VALUES (3, 36);
INSERT INTO `address` (`INFORMATION`, `STREET`, `CITY_ID`) VALUES ('2. th', 'Østgaardsvej', 1030);
INSERT INTO `person` (`ID`, `EMAIL`, `FIRSTNAME`, `LASTNAME`, `ADDRESS_ID`) VALUES (37,'Thomas@zoho.eu', 'Thomas', 'Jonassen', 37);
INSERT INTO `phone` (`DESCRIPTION`, `NUMBER`, `OWNER_ID`) VALUES ('home', '88016830', 37);
INSERT INTO `hobby_person` (`hobbies_ID`, `persons_ID`) VALUES (5, 37);
INSERT INTO `address` (`INFORMATION`, `STREET`, `CITY_ID`) VALUES ('2. tv', 'Hjortekærsvej', 562);
INSERT INTO `person` (`ID`, `EMAIL`, `FIRSTNAME`, `LASTNAME`, `ADDRESS_ID`) VALUES (38,'Alexander@zoho.dk', 'Alexander', 'Thomassen', 38);
INSERT INTO `phone` (`DESCRIPTION`, `NUMBER`, `OWNER_ID`) VALUES ('work', '66420232', 38);
INSERT INTO `hobby_person` (`hobbies_ID`, `persons_ID`) VALUES (2, 38);
INSERT INTO `address` (`INFORMATION`, `STREET`, `CITY_ID`) VALUES ('1. tv', 'Hjortekærsvej', 1166);
INSERT INTO `person` (`ID`, `EMAIL`, `FIRSTNAME`, `LASTNAME`, `ADDRESS_ID`) VALUES (39,'Alexander@gmail.eu', 'Alexander', 'Runesen', 39);
INSERT INTO `phone` (`DESCRIPTION`, `NUMBER`, `OWNER_ID`) VALUES ('home', '4878885', 39);
INSERT INTO `hobby_person` (`hobbies_ID`, `persons_ID`) VALUES (5, 39);
INSERT INTO `address` (`INFORMATION`, `STREET`, `CITY_ID`) VALUES ('2. th', 'Østgaardsvej', 415);
INSERT INTO `person` (`ID`, `EMAIL`, `FIRSTNAME`, `LASTNAME`, `ADDRESS_ID`) VALUES (40,'Isabella@yahoo.dk', 'Isabella', 'Behrendt', 40);
INSERT INTO `phone` (`DESCRIPTION`, `NUMBER`, `OWNER_ID`) VALUES ('work', '40332613', 40);
INSERT INTO `hobby_person` (`hobbies_ID`, `persons_ID`) VALUES (4, 40);
INSERT INTO `address` (`INFORMATION`, `STREET`, `CITY_ID`) VALUES ('stuen', 'Ryllevej', 954);
INSERT INTO `person` (`ID`, `EMAIL`, `FIRSTNAME`, `LASTNAME`, `ADDRESS_ID`) VALUES (41,'Steven@hotmail.eu', 'Steven', 'Kristiansen', 41);
INSERT INTO `phone` (`DESCRIPTION`, `NUMBER`, `OWNER_ID`) VALUES ('work', '64717236', 41);
INSERT INTO `hobby_person` (`hobbies_ID`, `persons_ID`) VALUES (2, 41);
INSERT INTO `address` (`INFORMATION`, `STREET`, `CITY_ID`) VALUES ('1. th', 'Ryllevej', 39);
INSERT INTO `person` (`ID`, `EMAIL`, `FIRSTNAME`, `LASTNAME`, `ADDRESS_ID`) VALUES (42,'Thomas@zoho.com', 'Thomas', 'Christoffersen', 42);
INSERT INTO `phone` (`DESCRIPTION`, `NUMBER`, `OWNER_ID`) VALUES ('home', '15687945', 42);
INSERT INTO `hobby_person` (`hobbies_ID`, `persons_ID`) VALUES (5, 42);
INSERT INTO `address` (`INFORMATION`, `STREET`, `CITY_ID`) VALUES ('2. th', 'Kronhjortevej', 95);
INSERT INTO `person` (`ID`, `EMAIL`, `FIRSTNAME`, `LASTNAME`, `ADDRESS_ID`) VALUES (43,'Rune@zoho.dk', 'Rune', 'Kaspersen', 43);
INSERT INTO `phone` (`DESCRIPTION`, `NUMBER`, `OWNER_ID`) VALUES ('work', '23568227', 43);
INSERT INTO `hobby_person` (`hobbies_ID`, `persons_ID`) VALUES (5, 43);
INSERT INTO `address` (`INFORMATION`, `STREET`, `CITY_ID`) VALUES ('1. tv', 'Kronhjortevej', 1149);
INSERT INTO `person` (`ID`, `EMAIL`, `FIRSTNAME`, `LASTNAME`, `ADDRESS_ID`) VALUES (44,'Steven@outlook.dk', 'Steven', 'Thomassen', 44);
INSERT INTO `phone` (`DESCRIPTION`, `NUMBER`, `OWNER_ID`) VALUES ('mobile', '20286088', 44);
INSERT INTO `hobby_person` (`hobbies_ID`, `persons_ID`) VALUES (3, 44);
INSERT INTO `address` (`INFORMATION`, `STREET`, `CITY_ID`) VALUES ('2. tv', 'Kullevej', 722);
INSERT INTO `person` (`ID`, `EMAIL`, `FIRSTNAME`, `LASTNAME`, `ADDRESS_ID`) VALUES (45,'Mia@outlook.eu', 'Mia', 'Bobsen', 45);
INSERT INTO `phone` (`DESCRIPTION`, `NUMBER`, `OWNER_ID`) VALUES ('home', '11569922', 45);
INSERT INTO `hobby_person` (`hobbies_ID`, `persons_ID`) VALUES (1, 45);
INSERT INTO `address` (`INFORMATION`, `STREET`, `CITY_ID`) VALUES ('stuen', 'Ryllevej', 129);
INSERT INTO `person` (`ID`, `EMAIL`, `FIRSTNAME`, `LASTNAME`, `ADDRESS_ID`) VALUES (46,'Alexa@outlook.eu', 'Alexa', 'Christoffersen', 46);
INSERT INTO `phone` (`DESCRIPTION`, `NUMBER`, `OWNER_ID`) VALUES ('mobile', '40613616', 46);
INSERT INTO `hobby_person` (`hobbies_ID`, `persons_ID`) VALUES (2, 46);
INSERT INTO `address` (`INFORMATION`, `STREET`, `CITY_ID`) VALUES ('2. tv', 'Møllevangen', 1116);
INSERT INTO `person` (`ID`, `EMAIL`, `FIRSTNAME`, `LASTNAME`, `ADDRESS_ID`) VALUES (47,'Thomas@outlook.eu', 'Thomas', 'Jonassen', 47);
INSERT INTO `phone` (`DESCRIPTION`, `NUMBER`, `OWNER_ID`) VALUES ('mobile', '24703866', 47);
INSERT INTO `hobby_person` (`hobbies_ID`, `persons_ID`) VALUES (1, 47);
INSERT INTO `address` (`INFORMATION`, `STREET`, `CITY_ID`) VALUES ('2. tv', 'Kullevej', 760);
INSERT INTO `person` (`ID`, `EMAIL`, `FIRSTNAME`, `LASTNAME`, `ADDRESS_ID`) VALUES (48,'Jonas@protonmail.eu', 'Jonas', 'Alexandersen', 48);
INSERT INTO `phone` (`DESCRIPTION`, `NUMBER`, `OWNER_ID`) VALUES ('home', '74382602', 48);
INSERT INTO `hobby_person` (`hobbies_ID`, `persons_ID`) VALUES (4, 48);
INSERT INTO `address` (`INFORMATION`, `STREET`, `CITY_ID`) VALUES ('stuen', 'Hjortekærsvej', 884);
INSERT INTO `person` (`ID`, `EMAIL`, `FIRSTNAME`, `LASTNAME`, `ADDRESS_ID`) VALUES (49,'Mia@protonmail.com', 'Mia', 'Filipsen', 49);
INSERT INTO `phone` (`DESCRIPTION`, `NUMBER`, `OWNER_ID`) VALUES ('mobile', '63018704', 49);
INSERT INTO `hobby_person` (`hobbies_ID`, `persons_ID`) VALUES (4, 49);
INSERT INTO `address` (`INFORMATION`, `STREET`, `CITY_ID`) VALUES ('stuen', 'Kronhjortevej', 1278);
INSERT INTO `person` (`ID`, `EMAIL`, `FIRSTNAME`, `LASTNAME`, `ADDRESS_ID`) VALUES (50,'Thomas@gmail.eu', 'Thomas', 'Filipsen', 50);
INSERT INTO `phone` (`DESCRIPTION`, `NUMBER`, `OWNER_ID`) VALUES ('mobile', '11893604', 50);
INSERT INTO `hobby_person` (`hobbies_ID`, `persons_ID`) VALUES (4, 50);
INSERT INTO `address` (`INFORMATION`, `STREET`, `CITY_ID`) VALUES ('2. th', 'Hjortekærsvej', 326);
INSERT INTO `person` (`ID`, `EMAIL`, `FIRSTNAME`, `LASTNAME`, `ADDRESS_ID`) VALUES (51,'Alexa@hotmail.com', 'Alexa', 'Stevensen', 51);
INSERT INTO `phone` (`DESCRIPTION`, `NUMBER`, `OWNER_ID`) VALUES ('work', '45094546', 51);
INSERT INTO `hobby_person` (`hobbies_ID`, `persons_ID`) VALUES (3, 51);
INSERT INTO `address` (`INFORMATION`, `STREET`, `CITY_ID`) VALUES ('stuen', 'Ryllevej', 341);
INSERT INTO `person` (`ID`, `EMAIL`, `FIRSTNAME`, `LASTNAME`, `ADDRESS_ID`) VALUES (52,'Thomas@protonmail.eu', 'Thomas', 'Stevensen', 52);
INSERT INTO `phone` (`DESCRIPTION`, `NUMBER`, `OWNER_ID`) VALUES ('mobile', '55075194', 52);
INSERT INTO `hobby_person` (`hobbies_ID`, `persons_ID`) VALUES (4, 52);
INSERT INTO `address` (`INFORMATION`, `STREET`, `CITY_ID`) VALUES ('stuen', 'Hjortekærsvej', 470);
INSERT INTO `person` (`ID`, `EMAIL`, `FIRSTNAME`, `LASTNAME`, `ADDRESS_ID`) VALUES (53,'Steven@outlook.com', 'Steven', 'Simonsen', 53);
INSERT INTO `phone` (`DESCRIPTION`, `NUMBER`, `OWNER_ID`) VALUES ('work', '20432982', 53);
INSERT INTO `hobby_person` (`hobbies_ID`, `persons_ID`) VALUES (1, 53);
INSERT INTO `address` (`INFORMATION`, `STREET`, `CITY_ID`) VALUES ('2. tv', 'Kullevej', 135);
INSERT INTO `person` (`ID`, `EMAIL`, `FIRSTNAME`, `LASTNAME`, `ADDRESS_ID`) VALUES (54,'Ida@yahoo.dk', 'Ida', 'Runesen', 54);
INSERT INTO `phone` (`DESCRIPTION`, `NUMBER`, `OWNER_ID`) VALUES ('mobile', '60990748', 54);
INSERT INTO `hobby_person` (`hobbies_ID`, `persons_ID`) VALUES (2, 54);
INSERT INTO `address` (`INFORMATION`, `STREET`, `CITY_ID`) VALUES ('2. th', 'Østgaardsvej', 701);
INSERT INTO `person` (`ID`, `EMAIL`, `FIRSTNAME`, `LASTNAME`, `ADDRESS_ID`) VALUES (55,'Steven@outlook.eu', 'Steven', 'Vestergaard', 55);
INSERT INTO `phone` (`DESCRIPTION`, `NUMBER`, `OWNER_ID`) VALUES ('work', '20204949', 55);
INSERT INTO `hobby_person` (`hobbies_ID`, `persons_ID`) VALUES (1, 55);
INSERT INTO `address` (`INFORMATION`, `STREET`, `CITY_ID`) VALUES ('1. th', 'Milanovicvej', 439);
INSERT INTO `person` (`ID`, `EMAIL`, `FIRSTNAME`, `LASTNAME`, `ADDRESS_ID`) VALUES (56,'Maria@gmail.dk', 'Maria', 'Alexandersen', 56);
INSERT INTO `phone` (`DESCRIPTION`, `NUMBER`, `OWNER_ID`) VALUES ('home', '50031451', 56);
INSERT INTO `hobby_person` (`hobbies_ID`, `persons_ID`) VALUES (4, 56);
INSERT INTO `address` (`INFORMATION`, `STREET`, `CITY_ID`) VALUES ('2. tv', 'Hjortekærsvej', 622);
INSERT INTO `person` (`ID`, `EMAIL`, `FIRSTNAME`, `LASTNAME`, `ADDRESS_ID`) VALUES (57,'Christoffer@outlook.dk', 'Christoffer', 'Mikkelsen', 57);
INSERT INTO `phone` (`DESCRIPTION`, `NUMBER`, `OWNER_ID`) VALUES ('mobile', '75029718', 57);
INSERT INTO `hobby_person` (`hobbies_ID`, `persons_ID`) VALUES (4, 57);
INSERT INTO `address` (`INFORMATION`, `STREET`, `CITY_ID`) VALUES ('stuen', 'Møllevangen', 640);
INSERT INTO `person` (`ID`, `EMAIL`, `FIRSTNAME`, `LASTNAME`, `ADDRESS_ID`) VALUES (58,'Rune@yahoo.eu', 'Rune', 'Runesen', 58);
INSERT INTO `phone` (`DESCRIPTION`, `NUMBER`, `OWNER_ID`) VALUES ('work', '90455790', 58);
INSERT INTO `hobby_person` (`hobbies_ID`, `persons_ID`) VALUES (4, 58);
INSERT INTO `address` (`INFORMATION`, `STREET`, `CITY_ID`) VALUES ('2. tv', 'Ryllevej', 1116);
INSERT INTO `person` (`ID`, `EMAIL`, `FIRSTNAME`, `LASTNAME`, `ADDRESS_ID`) VALUES (59,'Kristian@yahoo.dk', 'Kristian', 'Filipsen', 59);
INSERT INTO `phone` (`DESCRIPTION`, `NUMBER`, `OWNER_ID`) VALUES ('home', '82721839', 59);
INSERT INTO `hobby_person` (`hobbies_ID`, `persons_ID`) VALUES (3, 59);
INSERT INTO `address` (`INFORMATION`, `STREET`, `CITY_ID`) VALUES ('1. tv', 'Møllevangen', 1241);
INSERT INTO `person` (`ID`, `EMAIL`, `FIRSTNAME`, `LASTNAME`, `ADDRESS_ID`) VALUES (60,'Solveig@protonmail.eu', 'Solveig', 'Simonsen', 60);
INSERT INTO `phone` (`DESCRIPTION`, `NUMBER`, `OWNER_ID`) VALUES ('work', '36401911', 60);
INSERT INTO `hobby_person` (`hobbies_ID`, `persons_ID`) VALUES (4, 60);
INSERT INTO `address` (`INFORMATION`, `STREET`, `CITY_ID`) VALUES ('1. th', 'Møllevangen', 308);
INSERT INTO `person` (`ID`, `EMAIL`, `FIRSTNAME`, `LASTNAME`, `ADDRESS_ID`) VALUES (61,'Maria@hotmail.eu', 'Maria', 'Simonsen', 61);
INSERT INTO `phone` (`DESCRIPTION`, `NUMBER`, `OWNER_ID`) VALUES ('mobile', '79756903', 61);
INSERT INTO `hobby_person` (`hobbies_ID`, `persons_ID`) VALUES (3, 61);
INSERT INTO `address` (`INFORMATION`, `STREET`, `CITY_ID`) VALUES ('2. tv', 'Kullevej', 958);
INSERT INTO `person` (`ID`, `EMAIL`, `FIRSTNAME`, `LASTNAME`, `ADDRESS_ID`) VALUES (62,'Kim@yahoo.eu', 'Kim', 'Bobsen', 62);
INSERT INTO `phone` (`DESCRIPTION`, `NUMBER`, `OWNER_ID`) VALUES ('home', '21379435', 62);
INSERT INTO `hobby_person` (`hobbies_ID`, `persons_ID`) VALUES (2, 62);
INSERT INTO `address` (`INFORMATION`, `STREET`, `CITY_ID`) VALUES ('1. tv', 'Østgaardsvej', 1219);
INSERT INTO `person` (`ID`, `EMAIL`, `FIRSTNAME`, `LASTNAME`, `ADDRESS_ID`) VALUES (63,'Solveig@protonmail.eu', 'Solveig', 'Simonsen', 63);
INSERT INTO `phone` (`DESCRIPTION`, `NUMBER`, `OWNER_ID`) VALUES ('home', '74229303', 63);
INSERT INTO `hobby_person` (`hobbies_ID`, `persons_ID`) VALUES (1, 63);
INSERT INTO `address` (`INFORMATION`, `STREET`, `CITY_ID`) VALUES ('1. tv', 'Kullevej', 644);
INSERT INTO `person` (`ID`, `EMAIL`, `FIRSTNAME`, `LASTNAME`, `ADDRESS_ID`) VALUES (64,'Mikkel@zoho.eu', 'Mikkel', 'Simonsen', 64);
INSERT INTO `phone` (`DESCRIPTION`, `NUMBER`, `OWNER_ID`) VALUES ('home', '61321886', 64);
INSERT INTO `hobby_person` (`hobbies_ID`, `persons_ID`) VALUES (3, 64);
INSERT INTO `address` (`INFORMATION`, `STREET`, `CITY_ID`) VALUES ('1. tv', 'Kronhjortevej', 395);
INSERT INTO `person` (`ID`, `EMAIL`, `FIRSTNAME`, `LASTNAME`, `ADDRESS_ID`) VALUES (65,'Jonas@protonmail.dk', 'Jonas', 'Stevensen', 65);
INSERT INTO `phone` (`DESCRIPTION`, `NUMBER`, `OWNER_ID`) VALUES ('mobile', '41825876', 65);
INSERT INTO `hobby_person` (`hobbies_ID`, `persons_ID`) VALUES (5, 65);
INSERT INTO `address` (`INFORMATION`, `STREET`, `CITY_ID`) VALUES ('2. th', 'Hjortekærsvej', 656);
INSERT INTO `person` (`ID`, `EMAIL`, `FIRSTNAME`, `LASTNAME`, `ADDRESS_ID`) VALUES (66,'Filip@outlook.dk', 'Filip', 'Behrendt', 66);
INSERT INTO `phone` (`DESCRIPTION`, `NUMBER`, `OWNER_ID`) VALUES ('mobile', '95797409', 66);
INSERT INTO `hobby_person` (`hobbies_ID`, `persons_ID`) VALUES (2, 66);
INSERT INTO `address` (`INFORMATION`, `STREET`, `CITY_ID`) VALUES ('1. tv', 'Kullevej', 143);
INSERT INTO `person` (`ID`, `EMAIL`, `FIRSTNAME`, `LASTNAME`, `ADDRESS_ID`) VALUES (67,'Jonas@protonmail.eu', 'Jonas', 'Simonsen', 67);
INSERT INTO `phone` (`DESCRIPTION`, `NUMBER`, `OWNER_ID`) VALUES ('home', '21703333', 67);
INSERT INTO `hobby_person` (`hobbies_ID`, `persons_ID`) VALUES (4, 67);
INSERT INTO `address` (`INFORMATION`, `STREET`, `CITY_ID`) VALUES ('stuen', 'Møllevangen', 1308);
INSERT INTO `person` (`ID`, `EMAIL`, `FIRSTNAME`, `LASTNAME`, `ADDRESS_ID`) VALUES (68,'Ida@gmail.eu', 'Ida', 'Jonassen', 68);
INSERT INTO `phone` (`DESCRIPTION`, `NUMBER`, `OWNER_ID`) VALUES ('work', '31275560', 68);
INSERT INTO `hobby_person` (`hobbies_ID`, `persons_ID`) VALUES (4, 68);
INSERT INTO `address` (`INFORMATION`, `STREET`, `CITY_ID`) VALUES ('stuen', 'Kullevej', 208);
INSERT INTO `person` (`ID`, `EMAIL`, `FIRSTNAME`, `LASTNAME`, `ADDRESS_ID`) VALUES (69,'Solveig@yahoo.eu', 'Solveig', 'Filipovic', 69);
INSERT INTO `phone` (`DESCRIPTION`, `NUMBER`, `OWNER_ID`) VALUES ('mobile', '75412265', 69);
INSERT INTO `hobby_person` (`hobbies_ID`, `persons_ID`) VALUES (3, 69);
INSERT INTO `address` (`INFORMATION`, `STREET`, `CITY_ID`) VALUES ('1. th', 'Østgaardsvej', 175);
INSERT INTO `person` (`ID`, `EMAIL`, `FIRSTNAME`, `LASTNAME`, `ADDRESS_ID`) VALUES (70,'Kasper@outlook.eu', 'Kasper', 'Bobsen', 70);
INSERT INTO `phone` (`DESCRIPTION`, `NUMBER`, `OWNER_ID`) VALUES ('work', '84216047', 70);
INSERT INTO `hobby_person` (`hobbies_ID`, `persons_ID`) VALUES (2, 70);
INSERT INTO `address` (`INFORMATION`, `STREET`, `CITY_ID`) VALUES ('1. tv', 'Kullevej', 1091);
INSERT INTO `person` (`ID`, `EMAIL`, `FIRSTNAME`, `LASTNAME`, `ADDRESS_ID`) VALUES (71,'Kirsten@zoho.eu', 'Kirsten', 'Filipsen', 71);
INSERT INTO `phone` (`DESCRIPTION`, `NUMBER`, `OWNER_ID`) VALUES ('mobile', '50874692', 71);
INSERT INTO `hobby_person` (`hobbies_ID`, `persons_ID`) VALUES (5, 71);
INSERT INTO `address` (`INFORMATION`, `STREET`, `CITY_ID`) VALUES ('2. tv', 'Hjortekærsvej', 1183);
INSERT INTO `person` (`ID`, `EMAIL`, `FIRSTNAME`, `LASTNAME`, `ADDRESS_ID`) VALUES (72,'Kirsten@zoho.eu', 'Kirsten', 'Alexandersen', 72);
INSERT INTO `phone` (`DESCRIPTION`, `NUMBER`, `OWNER_ID`) VALUES ('mobile', '92626953', 72);
INSERT INTO `hobby_person` (`hobbies_ID`, `persons_ID`) VALUES (3, 72);
INSERT INTO `address` (`INFORMATION`, `STREET`, `CITY_ID`) VALUES ('1. th', 'Milanovicvej', 497);
INSERT INTO `person` (`ID`, `EMAIL`, `FIRSTNAME`, `LASTNAME`, `ADDRESS_ID`) VALUES (73,'Alexa@outlook.dk', 'Alexa', 'Kaspersen', 73);
INSERT INTO `phone` (`DESCRIPTION`, `NUMBER`, `OWNER_ID`) VALUES ('home', '69023876', 73);
INSERT INTO `hobby_person` (`hobbies_ID`, `persons_ID`) VALUES (4, 73);
INSERT INTO `address` (`INFORMATION`, `STREET`, `CITY_ID`) VALUES ('2. th', 'Ryllevej', 1197);
INSERT INTO `person` (`ID`, `EMAIL`, `FIRSTNAME`, `LASTNAME`, `ADDRESS_ID`) VALUES (74,'Solveig@hotmail.eu', 'Solveig', 'Bobsen', 74);
INSERT INTO `phone` (`DESCRIPTION`, `NUMBER`, `OWNER_ID`) VALUES ('mobile', '74623406', 74);
INSERT INTO `hobby_person` (`hobbies_ID`, `persons_ID`) VALUES (1, 74);
INSERT INTO `address` (`INFORMATION`, `STREET`, `CITY_ID`) VALUES ('2. tv', 'Kullevej', 282);
INSERT INTO `person` (`ID`, `EMAIL`, `FIRSTNAME`, `LASTNAME`, `ADDRESS_ID`) VALUES (75,'Alexa@zoho.com', 'Alexa', 'Kaspersen', 75);
INSERT INTO `phone` (`DESCRIPTION`, `NUMBER`, `OWNER_ID`) VALUES ('home', '53461847', 75);
INSERT INTO `hobby_person` (`hobbies_ID`, `persons_ID`) VALUES (3, 75);
INSERT INTO `address` (`INFORMATION`, `STREET`, `CITY_ID`) VALUES ('stuen', 'Østgaardsvej', 525);
INSERT INTO `person` (`ID`, `EMAIL`, `FIRSTNAME`, `LASTNAME`, `ADDRESS_ID`) VALUES (76,'Steven@outlook.eu', 'Steven', 'Mikkelsen', 76);
INSERT INTO `phone` (`DESCRIPTION`, `NUMBER`, `OWNER_ID`) VALUES ('mobile', '71063175', 76);
INSERT INTO `hobby_person` (`hobbies_ID`, `persons_ID`) VALUES (1, 76);
INSERT INTO `address` (`INFORMATION`, `STREET`, `CITY_ID`) VALUES ('2. tv', 'Hjortekærsvej', 463);
INSERT INTO `person` (`ID`, `EMAIL`, `FIRSTNAME`, `LASTNAME`, `ADDRESS_ID`) VALUES (77,'Maria@yahoo.dk', 'Maria', 'Runesen', 77);
INSERT INTO `phone` (`DESCRIPTION`, `NUMBER`, `OWNER_ID`) VALUES ('work', '23536528', 77);
INSERT INTO `hobby_person` (`hobbies_ID`, `persons_ID`) VALUES (5, 77);
INSERT INTO `address` (`INFORMATION`, `STREET`, `CITY_ID`) VALUES ('1. th', 'Milanovicvej', 688);
INSERT INTO `person` (`ID`, `EMAIL`, `FIRSTNAME`, `LASTNAME`, `ADDRESS_ID`) VALUES (78,'Alexander@gmail.eu', 'Alexander', 'Alexandersen', 78);
INSERT INTO `phone` (`DESCRIPTION`, `NUMBER`, `OWNER_ID`) VALUES ('mobile', '23879651', 78);
INSERT INTO `hobby_person` (`hobbies_ID`, `persons_ID`) VALUES (2, 78);
INSERT INTO `address` (`INFORMATION`, `STREET`, `CITY_ID`) VALUES ('1. tv', 'Ryllevej', 202);
INSERT INTO `person` (`ID`, `EMAIL`, `FIRSTNAME`, `LASTNAME`, `ADDRESS_ID`) VALUES (79,'Mia@outlook.eu', 'Mia', 'Christoffersen', 79);
INSERT INTO `phone` (`DESCRIPTION`, `NUMBER`, `OWNER_ID`) VALUES ('home', '41213113', 79);
INSERT INTO `hobby_person` (`hobbies_ID`, `persons_ID`) VALUES (3, 79);
INSERT INTO `address` (`INFORMATION`, `STREET`, `CITY_ID`) VALUES ('2. th', 'Hjortekærsvej', 480);
INSERT INTO `person` (`ID`, `EMAIL`, `FIRSTNAME`, `LASTNAME`, `ADDRESS_ID`) VALUES (80,'Ida@hotmail.dk', 'Ida', 'Bobsen', 80);
INSERT INTO `phone` (`DESCRIPTION`, `NUMBER`, `OWNER_ID`) VALUES ('work', '72136227', 80);
INSERT INTO `hobby_person` (`hobbies_ID`, `persons_ID`) VALUES (3, 80);
INSERT INTO `address` (`INFORMATION`, `STREET`, `CITY_ID`) VALUES ('2. th', 'Ryllevej', 324);
INSERT INTO `person` (`ID`, `EMAIL`, `FIRSTNAME`, `LASTNAME`, `ADDRESS_ID`) VALUES (81,'Kristian@outlook.dk', 'Kristian', 'Stevensen', 81);
INSERT INTO `phone` (`DESCRIPTION`, `NUMBER`, `OWNER_ID`) VALUES ('mobile', '22443503', 81);
INSERT INTO `hobby_person` (`hobbies_ID`, `persons_ID`) VALUES (5, 81);
INSERT INTO `address` (`INFORMATION`, `STREET`, `CITY_ID`) VALUES ('stuen', 'Østgaardsvej', 224);
INSERT INTO `person` (`ID`, `EMAIL`, `FIRSTNAME`, `LASTNAME`, `ADDRESS_ID`) VALUES (82,'Steven@zoho.com', 'Steven', 'Mikkelsen', 82);
INSERT INTO `phone` (`DESCRIPTION`, `NUMBER`, `OWNER_ID`) VALUES ('work', '13343046', 82);
INSERT INTO `hobby_person` (`hobbies_ID`, `persons_ID`) VALUES (3, 82);
INSERT INTO `address` (`INFORMATION`, `STREET`, `CITY_ID`) VALUES ('2. th', 'Kullevej', 387);
INSERT INTO `person` (`ID`, `EMAIL`, `FIRSTNAME`, `LASTNAME`, `ADDRESS_ID`) VALUES (83,'Kasper@outlook.eu', 'Kasper', 'Kaspersen', 83);
INSERT INTO `phone` (`DESCRIPTION`, `NUMBER`, `OWNER_ID`) VALUES ('work', '88908274', 83);
INSERT INTO `hobby_person` (`hobbies_ID`, `persons_ID`) VALUES (2, 83);
INSERT INTO `address` (`INFORMATION`, `STREET`, `CITY_ID`) VALUES ('stuen', 'Kullevej', 277);
INSERT INTO `person` (`ID`, `EMAIL`, `FIRSTNAME`, `LASTNAME`, `ADDRESS_ID`) VALUES (84,'Christoffer@hotmail.com', 'Christoffer', 'Thomassen', 84);
INSERT INTO `phone` (`DESCRIPTION`, `NUMBER`, `OWNER_ID`) VALUES ('home', '40785565', 84);
INSERT INTO `hobby_person` (`hobbies_ID`, `persons_ID`) VALUES (5, 84);
INSERT INTO `address` (`INFORMATION`, `STREET`, `CITY_ID`) VALUES ('stuen', 'Østgaardsvej', 1325);
INSERT INTO `person` (`ID`, `EMAIL`, `FIRSTNAME`, `LASTNAME`, `ADDRESS_ID`) VALUES (85,'Solveig@gmail.eu', 'Solveig', 'Alexandersen', 85);
INSERT INTO `phone` (`DESCRIPTION`, `NUMBER`, `OWNER_ID`) VALUES ('mobile', '69027321', 85);
INSERT INTO `hobby_person` (`hobbies_ID`, `persons_ID`) VALUES (5, 85);
INSERT INTO `address` (`INFORMATION`, `STREET`, `CITY_ID`) VALUES ('2. th', 'Østgaardsvej', 406);
INSERT INTO `person` (`ID`, `EMAIL`, `FIRSTNAME`, `LASTNAME`, `ADDRESS_ID`) VALUES (86,'Mia@outlook.eu', 'Mia', 'Filipovic', 86);
INSERT INTO `phone` (`DESCRIPTION`, `NUMBER`, `OWNER_ID`) VALUES ('mobile', '9911834', 86);
INSERT INTO `hobby_person` (`hobbies_ID`, `persons_ID`) VALUES (5, 86);
INSERT INTO `address` (`INFORMATION`, `STREET`, `CITY_ID`) VALUES ('2. th', 'Hjortekærsvej', 470);
INSERT INTO `person` (`ID`, `EMAIL`, `FIRSTNAME`, `LASTNAME`, `ADDRESS_ID`) VALUES (87,'Alexander@hotmail.dk', 'Alexander', 'Filipsen', 87);
INSERT INTO `phone` (`DESCRIPTION`, `NUMBER`, `OWNER_ID`) VALUES ('work', '2160961', 87);
INSERT INTO `hobby_person` (`hobbies_ID`, `persons_ID`) VALUES (4, 87);
INSERT INTO `address` (`INFORMATION`, `STREET`, `CITY_ID`) VALUES ('1. tv', 'Hjortekærsvej', 182);
INSERT INTO `person` (`ID`, `EMAIL`, `FIRSTNAME`, `LASTNAME`, `ADDRESS_ID`) VALUES (88,'Alexa@outlook.eu', 'Alexa', 'Bobsen', 88);
INSERT INTO `phone` (`DESCRIPTION`, `NUMBER`, `OWNER_ID`) VALUES ('home', '64997220', 88);
INSERT INTO `hobby_person` (`hobbies_ID`, `persons_ID`) VALUES (4, 88);
INSERT INTO `address` (`INFORMATION`, `STREET`, `CITY_ID`) VALUES ('1. th', 'Kullevej', 1283);
INSERT INTO `person` (`ID`, `EMAIL`, `FIRSTNAME`, `LASTNAME`, `ADDRESS_ID`) VALUES (89,'Thomas@yahoo.eu', 'Thomas', 'Alexandersen', 89);
INSERT INTO `phone` (`DESCRIPTION`, `NUMBER`, `OWNER_ID`) VALUES ('mobile', '62953861', 89);
INSERT INTO `hobby_person` (`hobbies_ID`, `persons_ID`) VALUES (2, 89);
INSERT INTO `address` (`INFORMATION`, `STREET`, `CITY_ID`) VALUES ('1. tv', 'Møllevangen', 75);
INSERT INTO `person` (`ID`, `EMAIL`, `FIRSTNAME`, `LASTNAME`, `ADDRESS_ID`) VALUES (90,'Kasper@zoho.dk', 'Kasper', 'Kaspersen', 90);
INSERT INTO `phone` (`DESCRIPTION`, `NUMBER`, `OWNER_ID`) VALUES ('work', '72314329', 90);
INSERT INTO `hobby_person` (`hobbies_ID`, `persons_ID`) VALUES (1, 90);
INSERT INTO `address` (`INFORMATION`, `STREET`, `CITY_ID`) VALUES ('2. tv', 'Kullevej', 26);
INSERT INTO `person` (`ID`, `EMAIL`, `FIRSTNAME`, `LASTNAME`, `ADDRESS_ID`) VALUES (91,'Jonas@outlook.com', 'Jonas', 'Kaspersen', 91);
INSERT INTO `phone` (`DESCRIPTION`, `NUMBER`, `OWNER_ID`) VALUES ('mobile', '89030354', 91);
INSERT INTO `hobby_person` (`hobbies_ID`, `persons_ID`) VALUES (1, 91);
INSERT INTO `address` (`INFORMATION`, `STREET`, `CITY_ID`) VALUES ('2. tv', 'Møllevangen', 152);
INSERT INTO `person` (`ID`, `EMAIL`, `FIRSTNAME`, `LASTNAME`, `ADDRESS_ID`) VALUES (92,'Kristian@yahoo.com', 'Kristian', 'Runesen', 92);
INSERT INTO `phone` (`DESCRIPTION`, `NUMBER`, `OWNER_ID`) VALUES ('mobile', '92801668', 92);
INSERT INTO `hobby_person` (`hobbies_ID`, `persons_ID`) VALUES (2, 92);
INSERT INTO `address` (`INFORMATION`, `STREET`, `CITY_ID`) VALUES ('1. th', 'Kullevej', 255);
INSERT INTO `person` (`ID`, `EMAIL`, `FIRSTNAME`, `LASTNAME`, `ADDRESS_ID`) VALUES (93,'Mikkel@zoho.eu', 'Mikkel', 'Vestergaard', 93);
INSERT INTO `phone` (`DESCRIPTION`, `NUMBER`, `OWNER_ID`) VALUES ('home', '2272584', 93);
INSERT INTO `hobby_person` (`hobbies_ID`, `persons_ID`) VALUES (3, 93);
INSERT INTO `address` (`INFORMATION`, `STREET`, `CITY_ID`) VALUES ('2. tv', 'Milanovicvej', 1302);
INSERT INTO `person` (`ID`, `EMAIL`, `FIRSTNAME`, `LASTNAME`, `ADDRESS_ID`) VALUES (94,'Alexa@protonmail.eu', 'Alexa', 'Filipovic', 94);
INSERT INTO `phone` (`DESCRIPTION`, `NUMBER`, `OWNER_ID`) VALUES ('work', '12685066', 94);
INSERT INTO `hobby_person` (`hobbies_ID`, `persons_ID`) VALUES (5, 94);
INSERT INTO `address` (`INFORMATION`, `STREET`, `CITY_ID`) VALUES ('1. tv', 'Ryllevej', 1046);
INSERT INTO `person` (`ID`, `EMAIL`, `FIRSTNAME`, `LASTNAME`, `ADDRESS_ID`) VALUES (95,'Steven@gmail.eu', 'Steven', 'Simonsen', 95);
INSERT INTO `phone` (`DESCRIPTION`, `NUMBER`, `OWNER_ID`) VALUES ('work', '48817167', 95);
INSERT INTO `hobby_person` (`hobbies_ID`, `persons_ID`) VALUES (3, 95);
INSERT INTO `address` (`INFORMATION`, `STREET`, `CITY_ID`) VALUES ('1. th', 'Møllevangen', 1106);
INSERT INTO `person` (`ID`, `EMAIL`, `FIRSTNAME`, `LASTNAME`, `ADDRESS_ID`) VALUES (96,'Mikkel@protonmail.eu', 'Mikkel', 'Simonsen', 96);
INSERT INTO `phone` (`DESCRIPTION`, `NUMBER`, `OWNER_ID`) VALUES ('work', '16693921', 96);
INSERT INTO `hobby_person` (`hobbies_ID`, `persons_ID`) VALUES (1, 96);
INSERT INTO `address` (`INFORMATION`, `STREET`, `CITY_ID`) VALUES ('1. th', 'Milanovicvej', 1336);
INSERT INTO `person` (`ID`, `EMAIL`, `FIRSTNAME`, `LASTNAME`, `ADDRESS_ID`) VALUES (97,'Mikkel@zoho.eu', 'Mikkel', 'Kristiansen', 97);
INSERT INTO `phone` (`DESCRIPTION`, `NUMBER`, `OWNER_ID`) VALUES ('home', '89357976', 97);
INSERT INTO `hobby_person` (`hobbies_ID`, `persons_ID`) VALUES (3, 97);
INSERT INTO `address` (`INFORMATION`, `STREET`, `CITY_ID`) VALUES ('stuen', 'Kronhjortevej', 15);
INSERT INTO `person` (`ID`, `EMAIL`, `FIRSTNAME`, `LASTNAME`, `ADDRESS_ID`) VALUES (98,'Maria@yahoo.eu', 'Maria', 'Jonassen', 98);
INSERT INTO `phone` (`DESCRIPTION`, `NUMBER`, `OWNER_ID`) VALUES ('home', '52570686', 98);
INSERT INTO `hobby_person` (`hobbies_ID`, `persons_ID`) VALUES (4, 98);
INSERT INTO `address` (`INFORMATION`, `STREET`, `CITY_ID`) VALUES ('1. th', 'Østgaardsvej', 115);
INSERT INTO `person` (`ID`, `EMAIL`, `FIRSTNAME`, `LASTNAME`, `ADDRESS_ID`) VALUES (99,'Ida@outlook.dk', 'Ida', 'Stevensen', 99);
INSERT INTO `phone` (`DESCRIPTION`, `NUMBER`, `OWNER_ID`) VALUES ('work', '46707257', 99);
INSERT INTO `hobby_person` (`hobbies_ID`, `persons_ID`) VALUES (5, 99);
INSERT INTO `address` (`INFORMATION`, `STREET`, `CITY_ID`) VALUES ('stuen', 'Kronhjortevej', 151);
INSERT INTO `person` (`ID`, `EMAIL`, `FIRSTNAME`, `LASTNAME`, `ADDRESS_ID`) VALUES (100,'Solveig@gmail.dk', 'Solveig', 'Behrendt', 100);
INSERT INTO `phone` (`DESCRIPTION`, `NUMBER`, `OWNER_ID`) VALUES ('mobile', '9102443', 100);
INSERT INTO `hobby_person` (`hobbies_ID`, `persons_ID`) VALUES (1, 100);
INSERT INTO `address` (`INFORMATION`, `STREET`, `CITY_ID`) VALUES ('1. tv', 'Kullevej', 495);
INSERT INTO `person` (`ID`, `EMAIL`, `FIRSTNAME`, `LASTNAME`, `ADDRESS_ID`) VALUES (101,'Jonas@gmail.dk', 'Jonas', 'Filipsen', 101);
INSERT INTO `phone` (`DESCRIPTION`, `NUMBER`, `OWNER_ID`) VALUES ('home', '50705053', 101);
INSERT INTO `hobby_person` (`hobbies_ID`, `persons_ID`) VALUES (3, 101);
INSERT INTO `address` (`INFORMATION`, `STREET`, `CITY_ID`) VALUES ('1. th', 'Østgaardsvej', 1124);
INSERT INTO `person` (`ID`, `EMAIL`, `FIRSTNAME`, `LASTNAME`, `ADDRESS_ID`) VALUES (102,'Mikkel@zoho.eu', 'Mikkel', 'Christoffersen', 102);
INSERT INTO `phone` (`DESCRIPTION`, `NUMBER`, `OWNER_ID`) VALUES ('home', '73317321', 102);
INSERT INTO `hobby_person` (`hobbies_ID`, `persons_ID`) VALUES (1, 102);
INSERT INTO `address` (`INFORMATION`, `STREET`, `CITY_ID`) VALUES ('2. th', 'Hjortekærsvej', 523);
INSERT INTO `person` (`ID`, `EMAIL`, `FIRSTNAME`, `LASTNAME`, `ADDRESS_ID`) VALUES (103,'Rune@yahoo.com', 'Rune', 'Bobsen', 103);
INSERT INTO `phone` (`DESCRIPTION`, `NUMBER`, `OWNER_ID`) VALUES ('mobile', '14742549', 103);
INSERT INTO `hobby_person` (`hobbies_ID`, `persons_ID`) VALUES (5, 103);
INSERT INTO `address` (`INFORMATION`, `STREET`, `CITY_ID`) VALUES ('1. th', 'Ryllevej', 4);
INSERT INTO `person` (`ID`, `EMAIL`, `FIRSTNAME`, `LASTNAME`, `ADDRESS_ID`) VALUES (104,'Filip@protonmail.com', 'Filip', 'Stevensen', 104);
INSERT INTO `phone` (`DESCRIPTION`, `NUMBER`, `OWNER_ID`) VALUES ('work', '28879734', 104);
INSERT INTO `hobby_person` (`hobbies_ID`, `persons_ID`) VALUES (1, 104);
INSERT INTO `address` (`INFORMATION`, `STREET`, `CITY_ID`) VALUES ('2. th', 'Milanovicvej', 359);
INSERT INTO `person` (`ID`, `EMAIL`, `FIRSTNAME`, `LASTNAME`, `ADDRESS_ID`) VALUES (105,'Alexa@yahoo.dk', 'Alexa', 'Thomassen', 105);
INSERT INTO `phone` (`DESCRIPTION`, `NUMBER`, `OWNER_ID`) VALUES ('work', '76876049', 105);
INSERT INTO `hobby_person` (`hobbies_ID`, `persons_ID`) VALUES (4, 105);
INSERT INTO `address` (`INFORMATION`, `STREET`, `CITY_ID`) VALUES ('1. tv', 'Kullevej', 618);
INSERT INTO `person` (`ID`, `EMAIL`, `FIRSTNAME`, `LASTNAME`, `ADDRESS_ID`) VALUES (106,'Ida@zoho.com', 'Ida', 'Kaspersen', 106);
INSERT INTO `phone` (`DESCRIPTION`, `NUMBER`, `OWNER_ID`) VALUES ('work', '59127095', 106);
INSERT INTO `hobby_person` (`hobbies_ID`, `persons_ID`) VALUES (2, 106);
INSERT INTO `address` (`INFORMATION`, `STREET`, `CITY_ID`) VALUES ('stuen', 'Kullevej', 739);
INSERT INTO `person` (`ID`, `EMAIL`, `FIRSTNAME`, `LASTNAME`, `ADDRESS_ID`) VALUES (107,'Kirsten@hotmail.eu', 'Kirsten', 'Filipsen', 107);
INSERT INTO `phone` (`DESCRIPTION`, `NUMBER`, `OWNER_ID`) VALUES ('home', '76903800', 107);
INSERT INTO `hobby_person` (`hobbies_ID`, `persons_ID`) VALUES (2, 107);
INSERT INTO `address` (`INFORMATION`, `STREET`, `CITY_ID`) VALUES ('stuen', 'Hjortekærsvej', 232);
INSERT INTO `person` (`ID`, `EMAIL`, `FIRSTNAME`, `LASTNAME`, `ADDRESS_ID`) VALUES (108,'Thomas@zoho.dk', 'Thomas', 'Christoffersen', 108);
INSERT INTO `phone` (`DESCRIPTION`, `NUMBER`, `OWNER_ID`) VALUES ('work', '36283053', 108);
INSERT INTO `hobby_person` (`hobbies_ID`, `persons_ID`) VALUES (4, 108);
INSERT INTO `address` (`INFORMATION`, `STREET`, `CITY_ID`) VALUES ('1. tv', 'Milanovicvej', 902);
INSERT INTO `person` (`ID`, `EMAIL`, `FIRSTNAME`, `LASTNAME`, `ADDRESS_ID`) VALUES (109,'Christoffer@zoho.eu', 'Christoffer', 'Bobsen', 109);
INSERT INTO `phone` (`DESCRIPTION`, `NUMBER`, `OWNER_ID`) VALUES ('mobile', '28475099', 109);
INSERT INTO `hobby_person` (`hobbies_ID`, `persons_ID`) VALUES (2, 109);
INSERT INTO `address` (`INFORMATION`, `STREET`, `CITY_ID`) VALUES ('2. th', 'Kullevej', 144);
INSERT INTO `person` (`ID`, `EMAIL`, `FIRSTNAME`, `LASTNAME`, `ADDRESS_ID`) VALUES (110,'Filip@gmail.com', 'Filip', 'Bobsen', 110);
INSERT INTO `phone` (`DESCRIPTION`, `NUMBER`, `OWNER_ID`) VALUES ('mobile', '1881204', 110);
INSERT INTO `hobby_person` (`hobbies_ID`, `persons_ID`) VALUES (3, 110);
INSERT INTO `address` (`INFORMATION`, `STREET`, `CITY_ID`) VALUES ('stuen', 'Hjortekærsvej', 457);
INSERT INTO `person` (`ID`, `EMAIL`, `FIRSTNAME`, `LASTNAME`, `ADDRESS_ID`) VALUES (111,'Kim@hotmail.eu', 'Kim', 'Runesen', 111);
INSERT INTO `phone` (`DESCRIPTION`, `NUMBER`, `OWNER_ID`) VALUES ('home', '84010352', 111);
INSERT INTO `hobby_person` (`hobbies_ID`, `persons_ID`) VALUES (4, 111);
INSERT INTO `address` (`INFORMATION`, `STREET`, `CITY_ID`) VALUES ('1. tv', 'Kronhjortevej', 539);
INSERT INTO `person` (`ID`, `EMAIL`, `FIRSTNAME`, `LASTNAME`, `ADDRESS_ID`) VALUES (112,'Alexander@yahoo.eu', 'Alexander', 'Thomassen', 112);
INSERT INTO `phone` (`DESCRIPTION`, `NUMBER`, `OWNER_ID`) VALUES ('work', '69726593', 112);
INSERT INTO `hobby_person` (`hobbies_ID`, `persons_ID`) VALUES (1, 112);
INSERT INTO `address` (`INFORMATION`, `STREET`, `CITY_ID`) VALUES ('2. tv', 'Kullevej', 1298);
INSERT INTO `person` (`ID`, `EMAIL`, `FIRSTNAME`, `LASTNAME`, `ADDRESS_ID`) VALUES (113,'Simon@protonmail.dk', 'Simon', 'Stevensen', 113);
INSERT INTO `phone` (`DESCRIPTION`, `NUMBER`, `OWNER_ID`) VALUES ('home', '68154382', 113);
INSERT INTO `hobby_person` (`hobbies_ID`, `persons_ID`) VALUES (1, 113);
INSERT INTO `address` (`INFORMATION`, `STREET`, `CITY_ID`) VALUES ('2. th', 'Møllevangen', 961);
INSERT INTO `person` (`ID`, `EMAIL`, `FIRSTNAME`, `LASTNAME`, `ADDRESS_ID`) VALUES (114,'Ida@outlook.com', 'Ida', 'Alexandersen', 114);
INSERT INTO `phone` (`DESCRIPTION`, `NUMBER`, `OWNER_ID`) VALUES ('work', '79666645', 114);
INSERT INTO `hobby_person` (`hobbies_ID`, `persons_ID`) VALUES (4, 114);
INSERT INTO `address` (`INFORMATION`, `STREET`, `CITY_ID`) VALUES ('stuen', 'Kullevej', 1134);
INSERT INTO `person` (`ID`, `EMAIL`, `FIRSTNAME`, `LASTNAME`, `ADDRESS_ID`) VALUES (115,'Rune@hotmail.com', 'Rune', 'Filipovic', 115);
INSERT INTO `phone` (`DESCRIPTION`, `NUMBER`, `OWNER_ID`) VALUES ('mobile', '43547739', 115);
INSERT INTO `hobby_person` (`hobbies_ID`, `persons_ID`) VALUES (4, 115);
INSERT INTO `address` (`INFORMATION`, `STREET`, `CITY_ID`) VALUES ('stuen', 'Kronhjortevej', 1280);
INSERT INTO `person` (`ID`, `EMAIL`, `FIRSTNAME`, `LASTNAME`, `ADDRESS_ID`) VALUES (116,'Thomas@yahoo.com', 'Thomas', 'Christoffersen', 116);
INSERT INTO `phone` (`DESCRIPTION`, `NUMBER`, `OWNER_ID`) VALUES ('work', '83107544', 116);
INSERT INTO `hobby_person` (`hobbies_ID`, `persons_ID`) VALUES (5, 116);
INSERT INTO `address` (`INFORMATION`, `STREET`, `CITY_ID`) VALUES ('1. tv', 'Kronhjortevej', 758);
INSERT INTO `person` (`ID`, `EMAIL`, `FIRSTNAME`, `LASTNAME`, `ADDRESS_ID`) VALUES (117,'Maria@zoho.com', 'Maria', 'Runesen', 117);
INSERT INTO `phone` (`DESCRIPTION`, `NUMBER`, `OWNER_ID`) VALUES ('home', '91762290', 117);
INSERT INTO `hobby_person` (`hobbies_ID`, `persons_ID`) VALUES (2, 117);
INSERT INTO `address` (`INFORMATION`, `STREET`, `CITY_ID`) VALUES ('1. th', 'Hjortekærsvej', 520);
INSERT INTO `person` (`ID`, `EMAIL`, `FIRSTNAME`, `LASTNAME`, `ADDRESS_ID`) VALUES (118,'Bob@zoho.eu', 'Bob', 'Simonsen', 118);
INSERT INTO `phone` (`DESCRIPTION`, `NUMBER`, `OWNER_ID`) VALUES ('mobile', '93974167', 118);
INSERT INTO `hobby_person` (`hobbies_ID`, `persons_ID`) VALUES (4, 118);
INSERT INTO `address` (`INFORMATION`, `STREET`, `CITY_ID`) VALUES ('stuen', 'Møllevangen', 571);
INSERT INTO `person` (`ID`, `EMAIL`, `FIRSTNAME`, `LASTNAME`, `ADDRESS_ID`) VALUES (119,'Alexa@protonmail.dk', 'Alexa', 'Mikkelsen', 119);
INSERT INTO `phone` (`DESCRIPTION`, `NUMBER`, `OWNER_ID`) VALUES ('home', '30733612', 119);
INSERT INTO `hobby_person` (`hobbies_ID`, `persons_ID`) VALUES (2, 119);
INSERT INTO `address` (`INFORMATION`, `STREET`, `CITY_ID`) VALUES ('2. tv', 'Hjortekærsvej', 220);
INSERT INTO `person` (`ID`, `EMAIL`, `FIRSTNAME`, `LASTNAME`, `ADDRESS_ID`) VALUES (120,'Steven@protonmail.dk', 'Steven', 'Runesen', 120);
INSERT INTO `phone` (`DESCRIPTION`, `NUMBER`, `OWNER_ID`) VALUES ('mobile', '65008333', 120);
INSERT INTO `hobby_person` (`hobbies_ID`, `persons_ID`) VALUES (5, 120);
INSERT INTO `address` (`INFORMATION`, `STREET`, `CITY_ID`) VALUES ('2. th', 'Milanovicvej', 577);
INSERT INTO `person` (`ID`, `EMAIL`, `FIRSTNAME`, `LASTNAME`, `ADDRESS_ID`) VALUES (121,'Simon@outlook.eu', 'Simon', 'Alexandersen', 121);
INSERT INTO `phone` (`DESCRIPTION`, `NUMBER`, `OWNER_ID`) VALUES ('mobile', '74701652', 121);
INSERT INTO `hobby_person` (`hobbies_ID`, `persons_ID`) VALUES (5, 121);
INSERT INTO `address` (`INFORMATION`, `STREET`, `CITY_ID`) VALUES ('1. th', 'Møllevangen', 790);
INSERT INTO `person` (`ID`, `EMAIL`, `FIRSTNAME`, `LASTNAME`, `ADDRESS_ID`) VALUES (122,'Kim@gmail.com', 'Kim', 'Runesen', 122);
INSERT INTO `phone` (`DESCRIPTION`, `NUMBER`, `OWNER_ID`) VALUES ('work', '50116773', 122);
INSERT INTO `hobby_person` (`hobbies_ID`, `persons_ID`) VALUES (1, 122);
INSERT INTO `address` (`INFORMATION`, `STREET`, `CITY_ID`) VALUES ('stuen', 'Møllevangen', 1235);
INSERT INTO `person` (`ID`, `EMAIL`, `FIRSTNAME`, `LASTNAME`, `ADDRESS_ID`) VALUES (123,'Isabella@hotmail.com', 'Isabella', 'Simonsen', 123);
INSERT INTO `phone` (`DESCRIPTION`, `NUMBER`, `OWNER_ID`) VALUES ('mobile', '61975949', 123);
INSERT INTO `hobby_person` (`hobbies_ID`, `persons_ID`) VALUES (3, 123);
INSERT INTO `address` (`INFORMATION`, `STREET`, `CITY_ID`) VALUES ('1. th', 'Hjortekærsvej', 467);
INSERT INTO `person` (`ID`, `EMAIL`, `FIRSTNAME`, `LASTNAME`, `ADDRESS_ID`) VALUES (124,'Maria@protonmail.com', 'Maria', 'Runesen', 124);
INSERT INTO `phone` (`DESCRIPTION`, `NUMBER`, `OWNER_ID`) VALUES ('home', '60844632', 124);
INSERT INTO `hobby_person` (`hobbies_ID`, `persons_ID`) VALUES (5, 124);
INSERT INTO `address` (`INFORMATION`, `STREET`, `CITY_ID`) VALUES ('1. th', 'Ryllevej', 241);
INSERT INTO `person` (`ID`, `EMAIL`, `FIRSTNAME`, `LASTNAME`, `ADDRESS_ID`) VALUES (125,'Alexa@outlook.dk', 'Alexa', 'Filipsen', 125);
INSERT INTO `phone` (`DESCRIPTION`, `NUMBER`, `OWNER_ID`) VALUES ('work', '87618005', 125);
INSERT INTO `hobby_person` (`hobbies_ID`, `persons_ID`) VALUES (3, 125);
INSERT INTO `address` (`INFORMATION`, `STREET`, `CITY_ID`) VALUES ('1. th', 'Hjortekærsvej', 888);
INSERT INTO `person` (`ID`, `EMAIL`, `FIRSTNAME`, `LASTNAME`, `ADDRESS_ID`) VALUES (126,'Rune@outlook.com', 'Rune', 'Thomassen', 126);
INSERT INTO `phone` (`DESCRIPTION`, `NUMBER`, `OWNER_ID`) VALUES ('home', '19878492', 126);
INSERT INTO `hobby_person` (`hobbies_ID`, `persons_ID`) VALUES (2, 126);
INSERT INTO `address` (`INFORMATION`, `STREET`, `CITY_ID`) VALUES ('stuen', 'Ryllevej', 1006);
INSERT INTO `person` (`ID`, `EMAIL`, `FIRSTNAME`, `LASTNAME`, `ADDRESS_ID`) VALUES (127,'Solveig@gmail.com', 'Solveig', 'Filipsen', 127);
INSERT INTO `phone` (`DESCRIPTION`, `NUMBER`, `OWNER_ID`) VALUES ('home', '8971068', 127);
INSERT INTO `hobby_person` (`hobbies_ID`, `persons_ID`) VALUES (3, 127);
INSERT INTO `address` (`INFORMATION`, `STREET`, `CITY_ID`) VALUES ('stuen', 'Hjortekærsvej', 1246);
INSERT INTO `person` (`ID`, `EMAIL`, `FIRSTNAME`, `LASTNAME`, `ADDRESS_ID`) VALUES (128,'Kirsten@outlook.dk', 'Kirsten', 'Filipsen', 128);
INSERT INTO `phone` (`DESCRIPTION`, `NUMBER`, `OWNER_ID`) VALUES ('work', '22673951', 128);
INSERT INTO `hobby_person` (`hobbies_ID`, `persons_ID`) VALUES (5, 128);
INSERT INTO `address` (`INFORMATION`, `STREET`, `CITY_ID`) VALUES ('2. th', 'Kullevej', 1122);
INSERT INTO `person` (`ID`, `EMAIL`, `FIRSTNAME`, `LASTNAME`, `ADDRESS_ID`) VALUES (129,'Christoffer@yahoo.com', 'Christoffer', 'Runesen', 129);
INSERT INTO `phone` (`DESCRIPTION`, `NUMBER`, `OWNER_ID`) VALUES ('home', '99935557', 129);
INSERT INTO `hobby_person` (`hobbies_ID`, `persons_ID`) VALUES (3, 129);
INSERT INTO `address` (`INFORMATION`, `STREET`, `CITY_ID`) VALUES ('stuen', 'Ryllevej', 63);
INSERT INTO `person` (`ID`, `EMAIL`, `FIRSTNAME`, `LASTNAME`, `ADDRESS_ID`) VALUES (130,'Simon@gmail.dk', 'Simon', 'Alexandersen', 130);
INSERT INTO `phone` (`DESCRIPTION`, `NUMBER`, `OWNER_ID`) VALUES ('work', '19173883', 130);
INSERT INTO `hobby_person` (`hobbies_ID`, `persons_ID`) VALUES (2, 130);
INSERT INTO `address` (`INFORMATION`, `STREET`, `CITY_ID`) VALUES ('1. tv', 'Østgaardsvej', 577);
INSERT INTO `person` (`ID`, `EMAIL`, `FIRSTNAME`, `LASTNAME`, `ADDRESS_ID`) VALUES (131,'Solveig@zoho.eu', 'Solveig', 'Simonsen', 131);
INSERT INTO `phone` (`DESCRIPTION`, `NUMBER`, `OWNER_ID`) VALUES ('home', '15271110', 131);
INSERT INTO `hobby_person` (`hobbies_ID`, `persons_ID`) VALUES (5, 131);
INSERT INTO `address` (`INFORMATION`, `STREET`, `CITY_ID`) VALUES ('stuen', 'Kullevej', 1220);
INSERT INTO `person` (`ID`, `EMAIL`, `FIRSTNAME`, `LASTNAME`, `ADDRESS_ID`) VALUES (132,'Thomas@gmail.dk', 'Thomas', 'Jonassen', 132);
INSERT INTO `phone` (`DESCRIPTION`, `NUMBER`, `OWNER_ID`) VALUES ('home', '21873929', 132);
INSERT INTO `hobby_person` (`hobbies_ID`, `persons_ID`) VALUES (1, 132);
INSERT INTO `address` (`INFORMATION`, `STREET`, `CITY_ID`) VALUES ('2. tv', 'Kronhjortevej', 308);
INSERT INTO `person` (`ID`, `EMAIL`, `FIRSTNAME`, `LASTNAME`, `ADDRESS_ID`) VALUES (133,'Ida@outlook.com', 'Ida', 'Thomassen', 133);
INSERT INTO `phone` (`DESCRIPTION`, `NUMBER`, `OWNER_ID`) VALUES ('work', '33001708', 133);
INSERT INTO `hobby_person` (`hobbies_ID`, `persons_ID`) VALUES (4, 133);
INSERT INTO `address` (`INFORMATION`, `STREET`, `CITY_ID`) VALUES ('1. tv', 'Kullevej', 331);
INSERT INTO `person` (`ID`, `EMAIL`, `FIRSTNAME`, `LASTNAME`, `ADDRESS_ID`) VALUES (134,'Alexa@gmail.eu', 'Alexa', 'Alexandersen', 134);
INSERT INTO `phone` (`DESCRIPTION`, `NUMBER`, `OWNER_ID`) VALUES ('home', '13432488', 134);
INSERT INTO `hobby_person` (`hobbies_ID`, `persons_ID`) VALUES (4, 134);
INSERT INTO `address` (`INFORMATION`, `STREET`, `CITY_ID`) VALUES ('2. th', 'Ryllevej', 322);
INSERT INTO `person` (`ID`, `EMAIL`, `FIRSTNAME`, `LASTNAME`, `ADDRESS_ID`) VALUES (135,'Bob@outlook.eu', 'Bob', 'Alexandersen', 135);
INSERT INTO `phone` (`DESCRIPTION`, `NUMBER`, `OWNER_ID`) VALUES ('mobile', '91858290', 135);
INSERT INTO `hobby_person` (`hobbies_ID`, `persons_ID`) VALUES (5, 135);
INSERT INTO `address` (`INFORMATION`, `STREET`, `CITY_ID`) VALUES ('stuen', 'Hjortekærsvej', 1194);
INSERT INTO `person` (`ID`, `EMAIL`, `FIRSTNAME`, `LASTNAME`, `ADDRESS_ID`) VALUES (136,'Kirsten@gmail.com', 'Kirsten', 'Christoffersen', 136);
INSERT INTO `phone` (`DESCRIPTION`, `NUMBER`, `OWNER_ID`) VALUES ('work', '65363119', 136);
INSERT INTO `hobby_person` (`hobbies_ID`, `persons_ID`) VALUES (4, 136);
INSERT INTO `address` (`INFORMATION`, `STREET`, `CITY_ID`) VALUES ('1. tv', 'Milanovicvej', 78);
INSERT INTO `person` (`ID`, `EMAIL`, `FIRSTNAME`, `LASTNAME`, `ADDRESS_ID`) VALUES (137,'Kristian@protonmail.com', 'Kristian', 'Mikkelsen', 137);
INSERT INTO `phone` (`DESCRIPTION`, `NUMBER`, `OWNER_ID`) VALUES ('mobile', '17531347', 137);
INSERT INTO `hobby_person` (`hobbies_ID`, `persons_ID`) VALUES (2, 137);
INSERT INTO `address` (`INFORMATION`, `STREET`, `CITY_ID`) VALUES ('2. th', 'Ryllevej', 1147);
INSERT INTO `person` (`ID`, `EMAIL`, `FIRSTNAME`, `LASTNAME`, `ADDRESS_ID`) VALUES (138,'Isabella@gmail.dk', 'Isabella', 'Simonsen', 138);
INSERT INTO `phone` (`DESCRIPTION`, `NUMBER`, `OWNER_ID`) VALUES ('home', '38685683', 138);
INSERT INTO `hobby_person` (`hobbies_ID`, `persons_ID`) VALUES (1, 138);
INSERT INTO `address` (`INFORMATION`, `STREET`, `CITY_ID`) VALUES ('1. th', 'Hjortekærsvej', 1206);
INSERT INTO `person` (`ID`, `EMAIL`, `FIRSTNAME`, `LASTNAME`, `ADDRESS_ID`) VALUES (139,'Bob@outlook.com', 'Bob', 'Filipovic', 139);
INSERT INTO `phone` (`DESCRIPTION`, `NUMBER`, `OWNER_ID`) VALUES ('home', '12650107', 139);
INSERT INTO `hobby_person` (`hobbies_ID`, `persons_ID`) VALUES (4, 139);
INSERT INTO `address` (`INFORMATION`, `STREET`, `CITY_ID`) VALUES ('2. th', 'Kullevej', 369);
INSERT INTO `person` (`ID`, `EMAIL`, `FIRSTNAME`, `LASTNAME`, `ADDRESS_ID`) VALUES (140,'Jonas@yahoo.eu', 'Jonas', 'Kaspersen', 140);
INSERT INTO `phone` (`DESCRIPTION`, `NUMBER`, `OWNER_ID`) VALUES ('mobile', '72619520', 140);
INSERT INTO `hobby_person` (`hobbies_ID`, `persons_ID`) VALUES (4, 140);
INSERT INTO `address` (`INFORMATION`, `STREET`, `CITY_ID`) VALUES ('1. tv', 'Milanovicvej', 563);
INSERT INTO `person` (`ID`, `EMAIL`, `FIRSTNAME`, `LASTNAME`, `ADDRESS_ID`) VALUES (141,'Kim@protonmail.dk', 'Kim', 'Simonsen', 141);
INSERT INTO `phone` (`DESCRIPTION`, `NUMBER`, `OWNER_ID`) VALUES ('mobile', '56845193', 141);
INSERT INTO `hobby_person` (`hobbies_ID`, `persons_ID`) VALUES (3, 141);
INSERT INTO `address` (`INFORMATION`, `STREET`, `CITY_ID`) VALUES ('2. tv', 'Kullevej', 1226);
INSERT INTO `person` (`ID`, `EMAIL`, `FIRSTNAME`, `LASTNAME`, `ADDRESS_ID`) VALUES (142,'Ida@yahoo.com', 'Ida', 'Kristiansen', 142);
INSERT INTO `phone` (`DESCRIPTION`, `NUMBER`, `OWNER_ID`) VALUES ('work', '97040265', 142);
INSERT INTO `hobby_person` (`hobbies_ID`, `persons_ID`) VALUES (3, 142);
INSERT INTO `address` (`INFORMATION`, `STREET`, `CITY_ID`) VALUES ('1. tv', 'Østgaardsvej', 850);
INSERT INTO `person` (`ID`, `EMAIL`, `FIRSTNAME`, `LASTNAME`, `ADDRESS_ID`) VALUES (143,'Kirsten@hotmail.dk', 'Kirsten', 'Filipsen', 143);
INSERT INTO `phone` (`DESCRIPTION`, `NUMBER`, `OWNER_ID`) VALUES ('mobile', '59613486', 143);
INSERT INTO `hobby_person` (`hobbies_ID`, `persons_ID`) VALUES (3, 143);
INSERT INTO `address` (`INFORMATION`, `STREET`, `CITY_ID`) VALUES ('1. th', 'Hjortekærsvej', 316);
INSERT INTO `person` (`ID`, `EMAIL`, `FIRSTNAME`, `LASTNAME`, `ADDRESS_ID`) VALUES (144,'Alexander@zoho.dk', 'Alexander', 'Mikkelsen', 144);
INSERT INTO `phone` (`DESCRIPTION`, `NUMBER`, `OWNER_ID`) VALUES ('mobile', '95108227', 144);
INSERT INTO `hobby_person` (`hobbies_ID`, `persons_ID`) VALUES (3, 144);
INSERT INTO `address` (`INFORMATION`, `STREET`, `CITY_ID`) VALUES ('2. tv', 'Hjortekærsvej', 377);
INSERT INTO `person` (`ID`, `EMAIL`, `FIRSTNAME`, `LASTNAME`, `ADDRESS_ID`) VALUES (145,'Kim@yahoo.dk', 'Kim', 'Jonassen', 145);
INSERT INTO `phone` (`DESCRIPTION`, `NUMBER`, `OWNER_ID`) VALUES ('home', '2576378', 145);
INSERT INTO `hobby_person` (`hobbies_ID`, `persons_ID`) VALUES (5, 145);
INSERT INTO `address` (`INFORMATION`, `STREET`, `CITY_ID`) VALUES ('2. tv', 'Kullevej', 863);
INSERT INTO `person` (`ID`, `EMAIL`, `FIRSTNAME`, `LASTNAME`, `ADDRESS_ID`) VALUES (146,'Isabella@yahoo.com', 'Isabella', 'Jonassen', 146);
INSERT INTO `phone` (`DESCRIPTION`, `NUMBER`, `OWNER_ID`) VALUES ('home', '79545774', 146);
INSERT INTO `hobby_person` (`hobbies_ID`, `persons_ID`) VALUES (4, 146);
INSERT INTO `address` (`INFORMATION`, `STREET`, `CITY_ID`) VALUES ('stuen', 'Møllevangen', 1242);
INSERT INTO `person` (`ID`, `EMAIL`, `FIRSTNAME`, `LASTNAME`, `ADDRESS_ID`) VALUES (147,'Kirsten@hotmail.com', 'Kirsten', 'Christoffersen', 147);
INSERT INTO `phone` (`DESCRIPTION`, `NUMBER`, `OWNER_ID`) VALUES ('home', '36934731', 147);
INSERT INTO `hobby_person` (`hobbies_ID`, `persons_ID`) VALUES (1, 147);
INSERT INTO `address` (`INFORMATION`, `STREET`, `CITY_ID`) VALUES ('2. tv', 'Hjortekærsvej', 911);
INSERT INTO `person` (`ID`, `EMAIL`, `FIRSTNAME`, `LASTNAME`, `ADDRESS_ID`) VALUES (148,'Isabella@outlook.eu', 'Isabella', 'Christoffersen', 148);
INSERT INTO `phone` (`DESCRIPTION`, `NUMBER`, `OWNER_ID`) VALUES ('home', '32413912', 148);
INSERT INTO `hobby_person` (`hobbies_ID`, `persons_ID`) VALUES (2, 148);
INSERT INTO `address` (`INFORMATION`, `STREET`, `CITY_ID`) VALUES ('1. th', 'Østgaardsvej', 51);
INSERT INTO `person` (`ID`, `EMAIL`, `FIRSTNAME`, `LASTNAME`, `ADDRESS_ID`) VALUES (149,'Kirsten@gmail.com', 'Kirsten', 'Jonassen', 149);
INSERT INTO `phone` (`DESCRIPTION`, `NUMBER`, `OWNER_ID`) VALUES ('work', '97676311', 149);
INSERT INTO `hobby_person` (`hobbies_ID`, `persons_ID`) VALUES (2, 149);
INSERT INTO `address` (`INFORMATION`, `STREET`, `CITY_ID`) VALUES ('2. tv', 'Ryllevej', 993);
INSERT INTO `person` (`ID`, `EMAIL`, `FIRSTNAME`, `LASTNAME`, `ADDRESS_ID`) VALUES (150,'Kirsten@zoho.dk', 'Kirsten', 'Jonassen', 150);
INSERT INTO `phone` (`DESCRIPTION`, `NUMBER`, `OWNER_ID`) VALUES ('work', '46911475', 150);
INSERT INTO `hobby_person` (`hobbies_ID`, `persons_ID`) VALUES (3, 150);
INSERT INTO `address` (`INFORMATION`, `STREET`, `CITY_ID`) VALUES ('2. th', 'Møllevangen', 728);
INSERT INTO `person` (`ID`, `EMAIL`, `FIRSTNAME`, `LASTNAME`, `ADDRESS_ID`) VALUES (151,'Solveig@yahoo.eu', 'Solveig', 'Thomassen', 151);
INSERT INTO `phone` (`DESCRIPTION`, `NUMBER`, `OWNER_ID`) VALUES ('mobile', '53564667', 151);
INSERT INTO `hobby_person` (`hobbies_ID`, `persons_ID`) VALUES (2, 151);
INSERT INTO `address` (`INFORMATION`, `STREET`, `CITY_ID`) VALUES ('1. tv', 'Ryllevej', 37);
INSERT INTO `person` (`ID`, `EMAIL`, `FIRSTNAME`, `LASTNAME`, `ADDRESS_ID`) VALUES (152,'Ida@yahoo.dk', 'Ida', 'Bobsen', 152);
INSERT INTO `phone` (`DESCRIPTION`, `NUMBER`, `OWNER_ID`) VALUES ('mobile', '7610970', 152);
INSERT INTO `hobby_person` (`hobbies_ID`, `persons_ID`) VALUES (1, 152);
INSERT INTO `address` (`INFORMATION`, `STREET`, `CITY_ID`) VALUES ('1. tv', 'Milanovicvej', 987);
INSERT INTO `person` (`ID`, `EMAIL`, `FIRSTNAME`, `LASTNAME`, `ADDRESS_ID`) VALUES (153,'Kristian@outlook.dk', 'Kristian', 'Stevensen', 153);
INSERT INTO `phone` (`DESCRIPTION`, `NUMBER`, `OWNER_ID`) VALUES ('mobile', '4662991', 153);
INSERT INTO `hobby_person` (`hobbies_ID`, `persons_ID`) VALUES (1, 153);
INSERT INTO `address` (`INFORMATION`, `STREET`, `CITY_ID`) VALUES ('1. tv', 'Kronhjortevej', 770);
INSERT INTO `person` (`ID`, `EMAIL`, `FIRSTNAME`, `LASTNAME`, `ADDRESS_ID`) VALUES (154,'Maria@hotmail.com', 'Maria', 'Kaspersen', 154);
INSERT INTO `phone` (`DESCRIPTION`, `NUMBER`, `OWNER_ID`) VALUES ('work', '39336151', 154);
INSERT INTO `hobby_person` (`hobbies_ID`, `persons_ID`) VALUES (4, 154);
INSERT INTO `address` (`INFORMATION`, `STREET`, `CITY_ID`) VALUES ('stuen', 'Hjortekærsvej', 531);
INSERT INTO `person` (`ID`, `EMAIL`, `FIRSTNAME`, `LASTNAME`, `ADDRESS_ID`) VALUES (155,'Kirsten@protonmail.com', 'Kirsten', 'Vestergaard', 155);
INSERT INTO `phone` (`DESCRIPTION`, `NUMBER`, `OWNER_ID`) VALUES ('mobile', '82826617', 155);
INSERT INTO `hobby_person` (`hobbies_ID`, `persons_ID`) VALUES (5, 155);
INSERT INTO `address` (`INFORMATION`, `STREET`, `CITY_ID`) VALUES ('stuen', 'Møllevangen', 1247);
INSERT INTO `person` (`ID`, `EMAIL`, `FIRSTNAME`, `LASTNAME`, `ADDRESS_ID`) VALUES (156,'Bob@gmail.dk', 'Bob', 'Stevensen', 156);
INSERT INTO `phone` (`DESCRIPTION`, `NUMBER`, `OWNER_ID`) VALUES ('work', '34556780', 156);
INSERT INTO `hobby_person` (`hobbies_ID`, `persons_ID`) VALUES (5, 156);
INSERT INTO `address` (`INFORMATION`, `STREET`, `CITY_ID`) VALUES ('2. th', 'Kullevej', 1272);
INSERT INTO `person` (`ID`, `EMAIL`, `FIRSTNAME`, `LASTNAME`, `ADDRESS_ID`) VALUES (157,'Isabella@hotmail.com', 'Isabella', 'Christoffersen', 157);
INSERT INTO `phone` (`DESCRIPTION`, `NUMBER`, `OWNER_ID`) VALUES ('mobile', '52240920', 157);
INSERT INTO `hobby_person` (`hobbies_ID`, `persons_ID`) VALUES (4, 157);
INSERT INTO `address` (`INFORMATION`, `STREET`, `CITY_ID`) VALUES ('1. tv', 'Kullevej', 991);
INSERT INTO `person` (`ID`, `EMAIL`, `FIRSTNAME`, `LASTNAME`, `ADDRESS_ID`) VALUES (158,'Kasper@outlook.com', 'Kasper', 'Mikkelsen', 158);
INSERT INTO `phone` (`DESCRIPTION`, `NUMBER`, `OWNER_ID`) VALUES ('home', '39678375', 158);
INSERT INTO `hobby_person` (`hobbies_ID`, `persons_ID`) VALUES (3, 158);
INSERT INTO `address` (`INFORMATION`, `STREET`, `CITY_ID`) VALUES ('2. tv', 'Kullevej', 224);
INSERT INTO `person` (`ID`, `EMAIL`, `FIRSTNAME`, `LASTNAME`, `ADDRESS_ID`) VALUES (159,'Ida@yahoo.eu', 'Ida', 'Christoffersen', 159);
INSERT INTO `phone` (`DESCRIPTION`, `NUMBER`, `OWNER_ID`) VALUES ('mobile', '85476632', 159);
INSERT INTO `hobby_person` (`hobbies_ID`, `persons_ID`) VALUES (2, 159);
INSERT INTO `address` (`INFORMATION`, `STREET`, `CITY_ID`) VALUES ('2. th', 'Hjortekærsvej', 317);
INSERT INTO `person` (`ID`, `EMAIL`, `FIRSTNAME`, `LASTNAME`, `ADDRESS_ID`) VALUES (160,'Thomas@outlook.com', 'Thomas', 'Mikkelsen', 160);
INSERT INTO `phone` (`DESCRIPTION`, `NUMBER`, `OWNER_ID`) VALUES ('work', '8452468', 160);
INSERT INTO `hobby_person` (`hobbies_ID`, `persons_ID`) VALUES (5, 160);
INSERT INTO `address` (`INFORMATION`, `STREET`, `CITY_ID`) VALUES ('2. th', 'Kullevej', 842);
INSERT INTO `person` (`ID`, `EMAIL`, `FIRSTNAME`, `LASTNAME`, `ADDRESS_ID`) VALUES (161,'Steven@protonmail.com', 'Steven', 'Simonsen', 161);
INSERT INTO `phone` (`DESCRIPTION`, `NUMBER`, `OWNER_ID`) VALUES ('work', '50224458', 161);
INSERT INTO `hobby_person` (`hobbies_ID`, `persons_ID`) VALUES (3, 161);
INSERT INTO `address` (`INFORMATION`, `STREET`, `CITY_ID`) VALUES ('1. tv', 'Østgaardsvej', 925);
INSERT INTO `person` (`ID`, `EMAIL`, `FIRSTNAME`, `LASTNAME`, `ADDRESS_ID`) VALUES (162,'Alexander@gmail.com', 'Alexander', 'Bobsen', 162);
INSERT INTO `phone` (`DESCRIPTION`, `NUMBER`, `OWNER_ID`) VALUES ('mobile', '57897404', 162);
INSERT INTO `hobby_person` (`hobbies_ID`, `persons_ID`) VALUES (5, 162);
INSERT INTO `address` (`INFORMATION`, `STREET`, `CITY_ID`) VALUES ('1. th', 'Kullevej', 1272);
INSERT INTO `person` (`ID`, `EMAIL`, `FIRSTNAME`, `LASTNAME`, `ADDRESS_ID`) VALUES (163,'Kim@yahoo.dk', 'Kim', 'Vestergaard', 163);
INSERT INTO `phone` (`DESCRIPTION`, `NUMBER`, `OWNER_ID`) VALUES ('work', '63148217', 163);
INSERT INTO `hobby_person` (`hobbies_ID`, `persons_ID`) VALUES (2, 163);
INSERT INTO `address` (`INFORMATION`, `STREET`, `CITY_ID`) VALUES ('1. th', 'Hjortekærsvej', 652);
INSERT INTO `person` (`ID`, `EMAIL`, `FIRSTNAME`, `LASTNAME`, `ADDRESS_ID`) VALUES (164,'Kasper@hotmail.dk', 'Kasper', 'Alexandersen', 164);
INSERT INTO `phone` (`DESCRIPTION`, `NUMBER`, `OWNER_ID`) VALUES ('work', '42901228', 164);
INSERT INTO `hobby_person` (`hobbies_ID`, `persons_ID`) VALUES (2, 164);
INSERT INTO `address` (`INFORMATION`, `STREET`, `CITY_ID`) VALUES ('1. th', 'Ryllevej', 835);
INSERT INTO `person` (`ID`, `EMAIL`, `FIRSTNAME`, `LASTNAME`, `ADDRESS_ID`) VALUES (165,'Steven@gmail.eu', 'Steven', 'Jonassen', 165);
INSERT INTO `phone` (`DESCRIPTION`, `NUMBER`, `OWNER_ID`) VALUES ('work', '55242851', 165);
INSERT INTO `hobby_person` (`hobbies_ID`, `persons_ID`) VALUES (4, 165);
INSERT INTO `address` (`INFORMATION`, `STREET`, `CITY_ID`) VALUES ('2. tv', 'Østgaardsvej', 1318);
INSERT INTO `person` (`ID`, `EMAIL`, `FIRSTNAME`, `LASTNAME`, `ADDRESS_ID`) VALUES (166,'Kim@protonmail.com', 'Kim', 'Vestergaard', 166);
INSERT INTO `phone` (`DESCRIPTION`, `NUMBER`, `OWNER_ID`) VALUES ('work', '61125937', 166);
INSERT INTO `hobby_person` (`hobbies_ID`, `persons_ID`) VALUES (4, 166);
INSERT INTO `address` (`INFORMATION`, `STREET`, `CITY_ID`) VALUES ('2. tv', 'Milanovicvej', 1271);
INSERT INTO `person` (`ID`, `EMAIL`, `FIRSTNAME`, `LASTNAME`, `ADDRESS_ID`) VALUES (167,'Simon@yahoo.eu', 'Simon', 'Filipsen', 167);
INSERT INTO `phone` (`DESCRIPTION`, `NUMBER`, `OWNER_ID`) VALUES ('mobile', '21590514', 167);
INSERT INTO `hobby_person` (`hobbies_ID`, `persons_ID`) VALUES (5, 167);
INSERT INTO `address` (`INFORMATION`, `STREET`, `CITY_ID`) VALUES ('2. th', 'Hjortekærsvej', 287);
INSERT INTO `person` (`ID`, `EMAIL`, `FIRSTNAME`, `LASTNAME`, `ADDRESS_ID`) VALUES (168,'Filip@hotmail.com', 'Filip', 'Filipovic', 168);
INSERT INTO `phone` (`DESCRIPTION`, `NUMBER`, `OWNER_ID`) VALUES ('work', '70857776', 168);
INSERT INTO `hobby_person` (`hobbies_ID`, `persons_ID`) VALUES (5, 168);
INSERT INTO `address` (`INFORMATION`, `STREET`, `CITY_ID`) VALUES ('2. th', 'Kronhjortevej', 638);
INSERT INTO `person` (`ID`, `EMAIL`, `FIRSTNAME`, `LASTNAME`, `ADDRESS_ID`) VALUES (169,'Isabella@protonmail.com', 'Isabella', 'Runesen', 169);
INSERT INTO `phone` (`DESCRIPTION`, `NUMBER`, `OWNER_ID`) VALUES ('work', '5317410', 169);
INSERT INTO `hobby_person` (`hobbies_ID`, `persons_ID`) VALUES (3, 169);
INSERT INTO `address` (`INFORMATION`, `STREET`, `CITY_ID`) VALUES ('2. th', 'Hjortekærsvej', 964);
INSERT INTO `person` (`ID`, `EMAIL`, `FIRSTNAME`, `LASTNAME`, `ADDRESS_ID`) VALUES (170,'Alexa@yahoo.com', 'Alexa', 'Behrendt', 170);
INSERT INTO `phone` (`DESCRIPTION`, `NUMBER`, `OWNER_ID`) VALUES ('work', '11991524', 170);
INSERT INTO `hobby_person` (`hobbies_ID`, `persons_ID`) VALUES (2, 170);
INSERT INTO `address` (`INFORMATION`, `STREET`, `CITY_ID`) VALUES ('2. tv', 'Kronhjortevej', 1009);
INSERT INTO `person` (`ID`, `EMAIL`, `FIRSTNAME`, `LASTNAME`, `ADDRESS_ID`) VALUES (171,'Kristian@protonmail.eu', 'Kristian', 'Behrendt', 171);
INSERT INTO `phone` (`DESCRIPTION`, `NUMBER`, `OWNER_ID`) VALUES ('work', '7213900', 171);
INSERT INTO `hobby_person` (`hobbies_ID`, `persons_ID`) VALUES (1, 171);
INSERT INTO `address` (`INFORMATION`, `STREET`, `CITY_ID`) VALUES ('1. tv', 'Kronhjortevej', 659);
INSERT INTO `person` (`ID`, `EMAIL`, `FIRSTNAME`, `LASTNAME`, `ADDRESS_ID`) VALUES (172,'Kim@protonmail.eu', 'Kim', 'Jonassen', 172);
INSERT INTO `phone` (`DESCRIPTION`, `NUMBER`, `OWNER_ID`) VALUES ('mobile', '93643219', 172);
INSERT INTO `hobby_person` (`hobbies_ID`, `persons_ID`) VALUES (5, 172);
INSERT INTO `address` (`INFORMATION`, `STREET`, `CITY_ID`) VALUES ('stuen', 'Kronhjortevej', 792);
INSERT INTO `person` (`ID`, `EMAIL`, `FIRSTNAME`, `LASTNAME`, `ADDRESS_ID`) VALUES (173,'Kristian@hotmail.eu', 'Kristian', 'Jonassen', 173);
INSERT INTO `phone` (`DESCRIPTION`, `NUMBER`, `OWNER_ID`) VALUES ('home', '28043606', 173);
INSERT INTO `hobby_person` (`hobbies_ID`, `persons_ID`) VALUES (2, 173);
INSERT INTO `address` (`INFORMATION`, `STREET`, `CITY_ID`) VALUES ('2. tv', 'Østgaardsvej', 968);
INSERT INTO `person` (`ID`, `EMAIL`, `FIRSTNAME`, `LASTNAME`, `ADDRESS_ID`) VALUES (174,'Alexa@outlook.eu', 'Alexa', 'Stevensen', 174);
INSERT INTO `phone` (`DESCRIPTION`, `NUMBER`, `OWNER_ID`) VALUES ('mobile', '19449247', 174);
INSERT INTO `hobby_person` (`hobbies_ID`, `persons_ID`) VALUES (3, 174);
INSERT INTO `address` (`INFORMATION`, `STREET`, `CITY_ID`) VALUES ('2. tv', 'Kullevej', 1085);
INSERT INTO `person` (`ID`, `EMAIL`, `FIRSTNAME`, `LASTNAME`, `ADDRESS_ID`) VALUES (175,'Thomas@hotmail.com', 'Thomas', 'Runesen', 175);
INSERT INTO `phone` (`DESCRIPTION`, `NUMBER`, `OWNER_ID`) VALUES ('work', '16015386', 175);
INSERT INTO `hobby_person` (`hobbies_ID`, `persons_ID`) VALUES (4, 175);
INSERT INTO `address` (`INFORMATION`, `STREET`, `CITY_ID`) VALUES ('1. tv', 'Ryllevej', 1301);
INSERT INTO `person` (`ID`, `EMAIL`, `FIRSTNAME`, `LASTNAME`, `ADDRESS_ID`) VALUES (176,'Ida@yahoo.eu', 'Ida', 'Jonassen', 176);
INSERT INTO `phone` (`DESCRIPTION`, `NUMBER`, `OWNER_ID`) VALUES ('mobile', '12556552', 176);
INSERT INTO `hobby_person` (`hobbies_ID`, `persons_ID`) VALUES (2, 176);
INSERT INTO `address` (`INFORMATION`, `STREET`, `CITY_ID`) VALUES ('1. th', 'Møllevangen', 654);
INSERT INTO `person` (`ID`, `EMAIL`, `FIRSTNAME`, `LASTNAME`, `ADDRESS_ID`) VALUES (177,'Kirsten@gmail.eu', 'Kirsten', 'Simonsen', 177);
INSERT INTO `phone` (`DESCRIPTION`, `NUMBER`, `OWNER_ID`) VALUES ('work', '28724397', 177);
INSERT INTO `hobby_person` (`hobbies_ID`, `persons_ID`) VALUES (4, 177);
INSERT INTO `address` (`INFORMATION`, `STREET`, `CITY_ID`) VALUES ('stuen', 'Møllevangen', 726);
INSERT INTO `person` (`ID`, `EMAIL`, `FIRSTNAME`, `LASTNAME`, `ADDRESS_ID`) VALUES (178,'Rune@yahoo.com', 'Rune', 'Runesen', 178);
INSERT INTO `phone` (`DESCRIPTION`, `NUMBER`, `OWNER_ID`) VALUES ('work', '2989163', 178);
INSERT INTO `hobby_person` (`hobbies_ID`, `persons_ID`) VALUES (1, 178);
INSERT INTO `address` (`INFORMATION`, `STREET`, `CITY_ID`) VALUES ('2. th', 'Kronhjortevej', 1005);
INSERT INTO `person` (`ID`, `EMAIL`, `FIRSTNAME`, `LASTNAME`, `ADDRESS_ID`) VALUES (179,'Mikkel@hotmail.com', 'Mikkel', 'Vestergaard', 179);
INSERT INTO `phone` (`DESCRIPTION`, `NUMBER`, `OWNER_ID`) VALUES ('work', '2507871', 179);
INSERT INTO `hobby_person` (`hobbies_ID`, `persons_ID`) VALUES (3, 179);
INSERT INTO `address` (`INFORMATION`, `STREET`, `CITY_ID`) VALUES ('1. tv', 'Østgaardsvej', 5);
INSERT INTO `person` (`ID`, `EMAIL`, `FIRSTNAME`, `LASTNAME`, `ADDRESS_ID`) VALUES (180,'Solveig@yahoo.dk', 'Solveig', 'Runesen', 180);
INSERT INTO `phone` (`DESCRIPTION`, `NUMBER`, `OWNER_ID`) VALUES ('work', '62464949', 180);
INSERT INTO `hobby_person` (`hobbies_ID`, `persons_ID`) VALUES (1, 180);
INSERT INTO `address` (`INFORMATION`, `STREET`, `CITY_ID`) VALUES ('1. tv', 'Østgaardsvej', 916);
INSERT INTO `person` (`ID`, `EMAIL`, `FIRSTNAME`, `LASTNAME`, `ADDRESS_ID`) VALUES (181,'Solveig@zoho.eu', 'Solveig', 'Mikkelsen', 181);
INSERT INTO `phone` (`DESCRIPTION`, `NUMBER`, `OWNER_ID`) VALUES ('home', '32410517', 181);
INSERT INTO `hobby_person` (`hobbies_ID`, `persons_ID`) VALUES (5, 181);
INSERT INTO `address` (`INFORMATION`, `STREET`, `CITY_ID`) VALUES ('2. tv', 'Møllevangen', 378);
INSERT INTO `person` (`ID`, `EMAIL`, `FIRSTNAME`, `LASTNAME`, `ADDRESS_ID`) VALUES (182,'Thomas@gmail.com', 'Thomas', 'Bobsen', 182);
INSERT INTO `phone` (`DESCRIPTION`, `NUMBER`, `OWNER_ID`) VALUES ('work', '77793509', 182);
INSERT INTO `hobby_person` (`hobbies_ID`, `persons_ID`) VALUES (4, 182);
INSERT INTO `address` (`INFORMATION`, `STREET`, `CITY_ID`) VALUES ('2. th', 'Møllevangen', 676);
INSERT INTO `person` (`ID`, `EMAIL`, `FIRSTNAME`, `LASTNAME`, `ADDRESS_ID`) VALUES (183,'Thomas@protonmail.dk', 'Thomas', 'Mikkelsen', 183);
INSERT INTO `phone` (`DESCRIPTION`, `NUMBER`, `OWNER_ID`) VALUES ('mobile', '27080411', 183);
INSERT INTO `hobby_person` (`hobbies_ID`, `persons_ID`) VALUES (5, 183);
INSERT INTO `address` (`INFORMATION`, `STREET`, `CITY_ID`) VALUES ('2. th', 'Milanovicvej', 376);
INSERT INTO `person` (`ID`, `EMAIL`, `FIRSTNAME`, `LASTNAME`, `ADDRESS_ID`) VALUES (184,'Kirsten@yahoo.com', 'Kirsten', 'Stevensen', 184);
INSERT INTO `phone` (`DESCRIPTION`, `NUMBER`, `OWNER_ID`) VALUES ('work', '67818157', 184);
INSERT INTO `hobby_person` (`hobbies_ID`, `persons_ID`) VALUES (5, 184);
INSERT INTO `address` (`INFORMATION`, `STREET`, `CITY_ID`) VALUES ('1. th', 'Møllevangen', 923);
INSERT INTO `person` (`ID`, `EMAIL`, `FIRSTNAME`, `LASTNAME`, `ADDRESS_ID`) VALUES (185,'Kristian@gmail.dk', 'Kristian', 'Filipovic', 185);
INSERT INTO `phone` (`DESCRIPTION`, `NUMBER`, `OWNER_ID`) VALUES ('home', '33625494', 185);
INSERT INTO `hobby_person` (`hobbies_ID`, `persons_ID`) VALUES (4, 185);
INSERT INTO `address` (`INFORMATION`, `STREET`, `CITY_ID`) VALUES ('2. tv', 'Møllevangen', 255);
INSERT INTO `person` (`ID`, `EMAIL`, `FIRSTNAME`, `LASTNAME`, `ADDRESS_ID`) VALUES (186,'Solveig@gmail.dk', 'Solveig', 'Simonsen', 186);
INSERT INTO `phone` (`DESCRIPTION`, `NUMBER`, `OWNER_ID`) VALUES ('mobile', '92837859', 186);
INSERT INTO `hobby_person` (`hobbies_ID`, `persons_ID`) VALUES (5, 186);
INSERT INTO `address` (`INFORMATION`, `STREET`, `CITY_ID`) VALUES ('2. tv', 'Kullevej', 935);
INSERT INTO `person` (`ID`, `EMAIL`, `FIRSTNAME`, `LASTNAME`, `ADDRESS_ID`) VALUES (187,'Thomas@zoho.com', 'Thomas', 'Jonassen', 187);
INSERT INTO `phone` (`DESCRIPTION`, `NUMBER`, `OWNER_ID`) VALUES ('mobile', '57900650', 187);
INSERT INTO `hobby_person` (`hobbies_ID`, `persons_ID`) VALUES (5, 187);
INSERT INTO `address` (`INFORMATION`, `STREET`, `CITY_ID`) VALUES ('2. th', 'Østgaardsvej', 81);
INSERT INTO `person` (`ID`, `EMAIL`, `FIRSTNAME`, `LASTNAME`, `ADDRESS_ID`) VALUES (188,'Solveig@hotmail.dk', 'Solveig', 'Kristiansen', 188);
INSERT INTO `phone` (`DESCRIPTION`, `NUMBER`, `OWNER_ID`) VALUES ('home', '65478270', 188);
INSERT INTO `hobby_person` (`hobbies_ID`, `persons_ID`) VALUES (1, 188);
INSERT INTO `address` (`INFORMATION`, `STREET`, `CITY_ID`) VALUES ('2. tv', 'Milanovicvej', 1067);
INSERT INTO `person` (`ID`, `EMAIL`, `FIRSTNAME`, `LASTNAME`, `ADDRESS_ID`) VALUES (189,'Isabella@hotmail.com', 'Isabella', 'Runesen', 189);
INSERT INTO `phone` (`DESCRIPTION`, `NUMBER`, `OWNER_ID`) VALUES ('mobile', '92971132', 189);
INSERT INTO `hobby_person` (`hobbies_ID`, `persons_ID`) VALUES (4, 189);
INSERT INTO `address` (`INFORMATION`, `STREET`, `CITY_ID`) VALUES ('2. th', 'Møllevangen', 1339);
INSERT INTO `person` (`ID`, `EMAIL`, `FIRSTNAME`, `LASTNAME`, `ADDRESS_ID`) VALUES (190,'Jonas@yahoo.eu', 'Jonas', 'Runesen', 190);
INSERT INTO `phone` (`DESCRIPTION`, `NUMBER`, `OWNER_ID`) VALUES ('work', '70918830', 190);
INSERT INTO `hobby_person` (`hobbies_ID`, `persons_ID`) VALUES (2, 190);
INSERT INTO `address` (`INFORMATION`, `STREET`, `CITY_ID`) VALUES ('2. th', 'Milanovicvej', 453);
INSERT INTO `person` (`ID`, `EMAIL`, `FIRSTNAME`, `LASTNAME`, `ADDRESS_ID`) VALUES (191,'Kim@zoho.dk', 'Kim', 'Christoffersen', 191);
INSERT INTO `phone` (`DESCRIPTION`, `NUMBER`, `OWNER_ID`) VALUES ('home', '98032058', 191);
INSERT INTO `hobby_person` (`hobbies_ID`, `persons_ID`) VALUES (3, 191);
INSERT INTO `address` (`INFORMATION`, `STREET`, `CITY_ID`) VALUES ('2. tv', 'Østgaardsvej', 378);
INSERT INTO `person` (`ID`, `EMAIL`, `FIRSTNAME`, `LASTNAME`, `ADDRESS_ID`) VALUES (192,'Filip@protonmail.com', 'Filip', 'Filipovic', 192);
INSERT INTO `phone` (`DESCRIPTION`, `NUMBER`, `OWNER_ID`) VALUES ('mobile', '31261283', 192);
INSERT INTO `hobby_person` (`hobbies_ID`, `persons_ID`) VALUES (1, 192);
INSERT INTO `address` (`INFORMATION`, `STREET`, `CITY_ID`) VALUES ('stuen', 'Møllevangen', 729);
INSERT INTO `person` (`ID`, `EMAIL`, `FIRSTNAME`, `LASTNAME`, `ADDRESS_ID`) VALUES (193,'Kasper@hotmail.eu', 'Kasper', 'Alexandersen', 193);
INSERT INTO `phone` (`DESCRIPTION`, `NUMBER`, `OWNER_ID`) VALUES ('work', '88469502', 193);
INSERT INTO `hobby_person` (`hobbies_ID`, `persons_ID`) VALUES (2, 193);
INSERT INTO `address` (`INFORMATION`, `STREET`, `CITY_ID`) VALUES ('stuen', 'Milanovicvej', 1003);
INSERT INTO `person` (`ID`, `EMAIL`, `FIRSTNAME`, `LASTNAME`, `ADDRESS_ID`) VALUES (194,'Mikkel@hotmail.com', 'Mikkel', 'Mikkelsen', 194);
INSERT INTO `phone` (`DESCRIPTION`, `NUMBER`, `OWNER_ID`) VALUES ('home', '41895609', 194);
INSERT INTO `hobby_person` (`hobbies_ID`, `persons_ID`) VALUES (5, 194);
INSERT INTO `address` (`INFORMATION`, `STREET`, `CITY_ID`) VALUES ('1. tv', 'Milanovicvej', 1248);
INSERT INTO `person` (`ID`, `EMAIL`, `FIRSTNAME`, `LASTNAME`, `ADDRESS_ID`) VALUES (195,'Rune@gmail.com', 'Rune', 'Filipsen', 195);
INSERT INTO `phone` (`DESCRIPTION`, `NUMBER`, `OWNER_ID`) VALUES ('mobile', '70661375', 195);
INSERT INTO `hobby_person` (`hobbies_ID`, `persons_ID`) VALUES (2, 195);
INSERT INTO `address` (`INFORMATION`, `STREET`, `CITY_ID`) VALUES ('2. th', 'Kronhjortevej', 1317);
INSERT INTO `person` (`ID`, `EMAIL`, `FIRSTNAME`, `LASTNAME`, `ADDRESS_ID`) VALUES (196,'Ida@protonmail.eu', 'Ida', 'Thomassen', 196);
INSERT INTO `phone` (`DESCRIPTION`, `NUMBER`, `OWNER_ID`) VALUES ('mobile', '20542280', 196);
INSERT INTO `hobby_person` (`hobbies_ID`, `persons_ID`) VALUES (3, 196);
INSERT INTO `address` (`INFORMATION`, `STREET`, `CITY_ID`) VALUES ('1. th', 'Østgaardsvej', 128);
INSERT INTO `person` (`ID`, `EMAIL`, `FIRSTNAME`, `LASTNAME`, `ADDRESS_ID`) VALUES (197,'Simon@hotmail.com', 'Simon', 'Stevensen', 197);
INSERT INTO `phone` (`DESCRIPTION`, `NUMBER`, `OWNER_ID`) VALUES ('home', '99533807', 197);
INSERT INTO `hobby_person` (`hobbies_ID`, `persons_ID`) VALUES (1, 197);
INSERT INTO `address` (`INFORMATION`, `STREET`, `CITY_ID`) VALUES ('1. th', 'Møllevangen', 657);
INSERT INTO `person` (`ID`, `EMAIL`, `FIRSTNAME`, `LASTNAME`, `ADDRESS_ID`) VALUES (198,'Rune@outlook.eu', 'Rune', 'Thomassen', 198);
INSERT INTO `phone` (`DESCRIPTION`, `NUMBER`, `OWNER_ID`) VALUES ('mobile', '38118614', 198);
INSERT INTO `hobby_person` (`hobbies_ID`, `persons_ID`) VALUES (4, 198);
INSERT INTO `address` (`INFORMATION`, `STREET`, `CITY_ID`) VALUES ('1. tv', 'Ryllevej', 414);
INSERT INTO `person` (`ID`, `EMAIL`, `FIRSTNAME`, `LASTNAME`, `ADDRESS_ID`) VALUES (199,'Isabella@outlook.eu', 'Isabella', 'Mikkelsen', 199);
INSERT INTO `phone` (`DESCRIPTION`, `NUMBER`, `OWNER_ID`) VALUES ('work', '52209725', 199);
INSERT INTO `hobby_person` (`hobbies_ID`, `persons_ID`) VALUES (2, 199);
INSERT INTO `address` (`INFORMATION`, `STREET`, `CITY_ID`) VALUES ('1. tv', 'Kronhjortevej', 406);
INSERT INTO `person` (`ID`, `EMAIL`, `FIRSTNAME`, `LASTNAME`, `ADDRESS_ID`) VALUES (200,'Rune@zoho.dk', 'Rune', 'Stevensen', 200);
INSERT INTO `phone` (`DESCRIPTION`, `NUMBER`, `OWNER_ID`) VALUES ('mobile', '96084657', 200);
INSERT INTO `hobby_person` (`hobbies_ID`, `persons_ID`) VALUES (5, 200);
INSERT INTO `address` (`INFORMATION`, `STREET`, `CITY_ID`) VALUES ('1. th', 'Hjortekærsvej', 240);
INSERT INTO `person` (`ID`, `EMAIL`, `FIRSTNAME`, `LASTNAME`, `ADDRESS_ID`) VALUES (201,'Solveig@hotmail.eu', 'Solveig', 'Thomassen', 201);
INSERT INTO `phone` (`DESCRIPTION`, `NUMBER`, `OWNER_ID`) VALUES ('work', '58932542', 201);
INSERT INTO `hobby_person` (`hobbies_ID`, `persons_ID`) VALUES (3, 201);
INSERT INTO `address` (`INFORMATION`, `STREET`, `CITY_ID`) VALUES ('1. th', 'Hjortekærsvej', 1281);
INSERT INTO `person` (`ID`, `EMAIL`, `FIRSTNAME`, `LASTNAME`, `ADDRESS_ID`) VALUES (202,'Rune@protonmail.com', 'Rune', 'Runesen', 202);
INSERT INTO `phone` (`DESCRIPTION`, `NUMBER`, `OWNER_ID`) VALUES ('work', '30569612', 202);
INSERT INTO `hobby_person` (`hobbies_ID`, `persons_ID`) VALUES (4, 202);
INSERT INTO `address` (`INFORMATION`, `STREET`, `CITY_ID`) VALUES ('2. tv', 'Møllevangen', 992);
INSERT INTO `person` (`ID`, `EMAIL`, `FIRSTNAME`, `LASTNAME`, `ADDRESS_ID`) VALUES (203,'Bob@gmail.dk', 'Bob', 'Thomassen', 203);
INSERT INTO `phone` (`DESCRIPTION`, `NUMBER`, `OWNER_ID`) VALUES ('home', '5291414', 203);
INSERT INTO `hobby_person` (`hobbies_ID`, `persons_ID`) VALUES (3, 203);
INSERT INTO `address` (`INFORMATION`, `STREET`, `CITY_ID`) VALUES ('2. th', 'Kronhjortevej', 75);
INSERT INTO `person` (`ID`, `EMAIL`, `FIRSTNAME`, `LASTNAME`, `ADDRESS_ID`) VALUES (204,'Rune@outlook.dk', 'Rune', 'Filipsen', 204);
INSERT INTO `phone` (`DESCRIPTION`, `NUMBER`, `OWNER_ID`) VALUES ('work', '49005963', 204);
INSERT INTO `hobby_person` (`hobbies_ID`, `persons_ID`) VALUES (3, 204);
INSERT INTO `address` (`INFORMATION`, `STREET`, `CITY_ID`) VALUES ('stuen', 'Kronhjortevej', 360);
INSERT INTO `person` (`ID`, `EMAIL`, `FIRSTNAME`, `LASTNAME`, `ADDRESS_ID`) VALUES (205,'Kasper@outlook.eu', 'Kasper', 'Christoffersen', 205);
INSERT INTO `phone` (`DESCRIPTION`, `NUMBER`, `OWNER_ID`) VALUES ('home', '89360898', 205);
INSERT INTO `hobby_person` (`hobbies_ID`, `persons_ID`) VALUES (4, 205);
INSERT INTO `address` (`INFORMATION`, `STREET`, `CITY_ID`) VALUES ('2. tv', 'Milanovicvej', 1178);
INSERT INTO `person` (`ID`, `EMAIL`, `FIRSTNAME`, `LASTNAME`, `ADDRESS_ID`) VALUES (206,'Kasper@zoho.com', 'Kasper', 'Jonassen', 206);
INSERT INTO `phone` (`DESCRIPTION`, `NUMBER`, `OWNER_ID`) VALUES ('mobile', '76466565', 206);
INSERT INTO `hobby_person` (`hobbies_ID`, `persons_ID`) VALUES (1, 206);
INSERT INTO `address` (`INFORMATION`, `STREET`, `CITY_ID`) VALUES ('1. tv', 'Hjortekærsvej', 132);
INSERT INTO `person` (`ID`, `EMAIL`, `FIRSTNAME`, `LASTNAME`, `ADDRESS_ID`) VALUES (207,'Rune@outlook.com', 'Rune', 'Alexandersen', 207);
INSERT INTO `phone` (`DESCRIPTION`, `NUMBER`, `OWNER_ID`) VALUES ('work', '47203889', 207);
INSERT INTO `hobby_person` (`hobbies_ID`, `persons_ID`) VALUES (5, 207);
INSERT INTO `address` (`INFORMATION`, `STREET`, `CITY_ID`) VALUES ('1. th', 'Ryllevej', 687);
INSERT INTO `person` (`ID`, `EMAIL`, `FIRSTNAME`, `LASTNAME`, `ADDRESS_ID`) VALUES (208,'Kirsten@zoho.eu', 'Kirsten', 'Simonsen', 208);
INSERT INTO `phone` (`DESCRIPTION`, `NUMBER`, `OWNER_ID`) VALUES ('work', '7317602', 208);
INSERT INTO `hobby_person` (`hobbies_ID`, `persons_ID`) VALUES (5, 208);
INSERT INTO `address` (`INFORMATION`, `STREET`, `CITY_ID`) VALUES ('stuen', 'Ryllevej', 964);
INSERT INTO `person` (`ID`, `EMAIL`, `FIRSTNAME`, `LASTNAME`, `ADDRESS_ID`) VALUES (209,'Mia@gmail.eu', 'Mia', 'Behrendt', 209);
INSERT INTO `phone` (`DESCRIPTION`, `NUMBER`, `OWNER_ID`) VALUES ('work', '61219682', 209);
INSERT INTO `hobby_person` (`hobbies_ID`, `persons_ID`) VALUES (4, 209);
INSERT INTO `address` (`INFORMATION`, `STREET`, `CITY_ID`) VALUES ('stuen', 'Kullevej', 1061);
INSERT INTO `person` (`ID`, `EMAIL`, `FIRSTNAME`, `LASTNAME`, `ADDRESS_ID`) VALUES (210,'Jonas@protonmail.com', 'Jonas', 'Kristiansen', 210);
INSERT INTO `phone` (`DESCRIPTION`, `NUMBER`, `OWNER_ID`) VALUES ('mobile', '83765524', 210);
INSERT INTO `hobby_person` (`hobbies_ID`, `persons_ID`) VALUES (2, 210);
INSERT INTO `address` (`INFORMATION`, `STREET`, `CITY_ID`) VALUES ('1. th', 'Kronhjortevej', 1323);
INSERT INTO `person` (`ID`, `EMAIL`, `FIRSTNAME`, `LASTNAME`, `ADDRESS_ID`) VALUES (211,'Kim@gmail.eu', 'Kim', 'Alexandersen', 211);
INSERT INTO `phone` (`DESCRIPTION`, `NUMBER`, `OWNER_ID`) VALUES ('home', '27193372', 211);
INSERT INTO `hobby_person` (`hobbies_ID`, `persons_ID`) VALUES (5, 211);
INSERT INTO `address` (`INFORMATION`, `STREET`, `CITY_ID`) VALUES ('1. th', 'Ryllevej', 80);
INSERT INTO `person` (`ID`, `EMAIL`, `FIRSTNAME`, `LASTNAME`, `ADDRESS_ID`) VALUES (212,'Bob@zoho.dk', 'Bob', 'Mikkelsen', 212);
INSERT INTO `phone` (`DESCRIPTION`, `NUMBER`, `OWNER_ID`) VALUES ('home', '14280993', 212);
INSERT INTO `hobby_person` (`hobbies_ID`, `persons_ID`) VALUES (1, 212);
INSERT INTO `address` (`INFORMATION`, `STREET`, `CITY_ID`) VALUES ('2. tv', 'Milanovicvej', 562);
INSERT INTO `person` (`ID`, `EMAIL`, `FIRSTNAME`, `LASTNAME`, `ADDRESS_ID`) VALUES (213,'Ida@zoho.com', 'Ida', 'Vestergaard', 213);
INSERT INTO `phone` (`DESCRIPTION`, `NUMBER`, `OWNER_ID`) VALUES ('home', '40024646', 213);
INSERT INTO `hobby_person` (`hobbies_ID`, `persons_ID`) VALUES (1, 213);
INSERT INTO `address` (`INFORMATION`, `STREET`, `CITY_ID`) VALUES ('2. th', 'Østgaardsvej', 683);
INSERT INTO `person` (`ID`, `EMAIL`, `FIRSTNAME`, `LASTNAME`, `ADDRESS_ID`) VALUES (214,'Rune@protonmail.dk', 'Rune', 'Mikkelsen', 214);
INSERT INTO `phone` (`DESCRIPTION`, `NUMBER`, `OWNER_ID`) VALUES ('work', '70633430', 214);
INSERT INTO `hobby_person` (`hobbies_ID`, `persons_ID`) VALUES (2, 214);
INSERT INTO `address` (`INFORMATION`, `STREET`, `CITY_ID`) VALUES ('stuen', 'Kronhjortevej', 644);
INSERT INTO `person` (`ID`, `EMAIL`, `FIRSTNAME`, `LASTNAME`, `ADDRESS_ID`) VALUES (215,'Maria@gmail.com', 'Maria', 'Vestergaard', 215);
INSERT INTO `phone` (`DESCRIPTION`, `NUMBER`, `OWNER_ID`) VALUES ('home', '6153500', 215);
INSERT INTO `hobby_person` (`hobbies_ID`, `persons_ID`) VALUES (3, 215);
INSERT INTO `address` (`INFORMATION`, `STREET`, `CITY_ID`) VALUES ('2. th', 'Ryllevej', 140);
INSERT INTO `person` (`ID`, `EMAIL`, `FIRSTNAME`, `LASTNAME`, `ADDRESS_ID`) VALUES (216,'Filip@yahoo.com', 'Filip', 'Filipovic', 216);
INSERT INTO `phone` (`DESCRIPTION`, `NUMBER`, `OWNER_ID`) VALUES ('home', '9140026', 216);
INSERT INTO `hobby_person` (`hobbies_ID`, `persons_ID`) VALUES (2, 216);
INSERT INTO `address` (`INFORMATION`, `STREET`, `CITY_ID`) VALUES ('stuen', 'Milanovicvej', 1229);
INSERT INTO `person` (`ID`, `EMAIL`, `FIRSTNAME`, `LASTNAME`, `ADDRESS_ID`) VALUES (217,'Alexa@yahoo.dk', 'Alexa', 'Vestergaard', 217);
INSERT INTO `phone` (`DESCRIPTION`, `NUMBER`, `OWNER_ID`) VALUES ('work', '25955740', 217);
INSERT INTO `hobby_person` (`hobbies_ID`, `persons_ID`) VALUES (1, 217);
INSERT INTO `address` (`INFORMATION`, `STREET`, `CITY_ID`) VALUES ('1. th', 'Møllevangen', 382);
INSERT INTO `person` (`ID`, `EMAIL`, `FIRSTNAME`, `LASTNAME`, `ADDRESS_ID`) VALUES (218,'Rune@yahoo.com', 'Rune', 'Alexandersen', 218);
INSERT INTO `phone` (`DESCRIPTION`, `NUMBER`, `OWNER_ID`) VALUES ('home', '94602399', 218);
INSERT INTO `hobby_person` (`hobbies_ID`, `persons_ID`) VALUES (2, 218);
INSERT INTO `address` (`INFORMATION`, `STREET`, `CITY_ID`) VALUES ('1. tv', 'Kronhjortevej', 1100);
INSERT INTO `person` (`ID`, `EMAIL`, `FIRSTNAME`, `LASTNAME`, `ADDRESS_ID`) VALUES (219,'Bob@hotmail.eu', 'Bob', 'Mikkelsen', 219);
INSERT INTO `phone` (`DESCRIPTION`, `NUMBER`, `OWNER_ID`) VALUES ('mobile', '29852902', 219);
INSERT INTO `hobby_person` (`hobbies_ID`, `persons_ID`) VALUES (2, 219);
INSERT INTO `address` (`INFORMATION`, `STREET`, `CITY_ID`) VALUES ('stuen', 'Kronhjortevej', 506);
INSERT INTO `person` (`ID`, `EMAIL`, `FIRSTNAME`, `LASTNAME`, `ADDRESS_ID`) VALUES (220,'Simon@gmail.eu', 'Simon', 'Jonassen', 220);
INSERT INTO `phone` (`DESCRIPTION`, `NUMBER`, `OWNER_ID`) VALUES ('work', '44816693', 220);
INSERT INTO `hobby_person` (`hobbies_ID`, `persons_ID`) VALUES (4, 220);
INSERT INTO `address` (`INFORMATION`, `STREET`, `CITY_ID`) VALUES ('1. th', 'Hjortekærsvej', 369);
INSERT INTO `person` (`ID`, `EMAIL`, `FIRSTNAME`, `LASTNAME`, `ADDRESS_ID`) VALUES (221,'Maria@hotmail.eu', 'Maria', 'Bobsen', 221);
INSERT INTO `phone` (`DESCRIPTION`, `NUMBER`, `OWNER_ID`) VALUES ('home', '29765007', 221);
INSERT INTO `hobby_person` (`hobbies_ID`, `persons_ID`) VALUES (3, 221);
INSERT INTO `address` (`INFORMATION`, `STREET`, `CITY_ID`) VALUES ('1. tv', 'Østgaardsvej', 834);
INSERT INTO `person` (`ID`, `EMAIL`, `FIRSTNAME`, `LASTNAME`, `ADDRESS_ID`) VALUES (222,'Alexander@hotmail.com', 'Alexander', 'Kaspersen', 222);
INSERT INTO `phone` (`DESCRIPTION`, `NUMBER`, `OWNER_ID`) VALUES ('home', '53973895', 222);
INSERT INTO `hobby_person` (`hobbies_ID`, `persons_ID`) VALUES (5, 222);
INSERT INTO `address` (`INFORMATION`, `STREET`, `CITY_ID`) VALUES ('1. th', 'Møllevangen', 701);
INSERT INTO `person` (`ID`, `EMAIL`, `FIRSTNAME`, `LASTNAME`, `ADDRESS_ID`) VALUES (223,'Solveig@zoho.com', 'Solveig', 'Runesen', 223);
INSERT INTO `phone` (`DESCRIPTION`, `NUMBER`, `OWNER_ID`) VALUES ('mobile', '90356302', 223);
INSERT INTO `hobby_person` (`hobbies_ID`, `persons_ID`) VALUES (3, 223);
INSERT INTO `address` (`INFORMATION`, `STREET`, `CITY_ID`) VALUES ('1. tv', 'Kronhjortevej', 299);
INSERT INTO `person` (`ID`, `EMAIL`, `FIRSTNAME`, `LASTNAME`, `ADDRESS_ID`) VALUES (224,'Filip@outlook.dk', 'Filip', 'Mikkelsen', 224);
INSERT INTO `phone` (`DESCRIPTION`, `NUMBER`, `OWNER_ID`) VALUES ('mobile', '2151998', 224);
INSERT INTO `hobby_person` (`hobbies_ID`, `persons_ID`) VALUES (1, 224);
INSERT INTO `address` (`INFORMATION`, `STREET`, `CITY_ID`) VALUES ('2. th', 'Hjortekærsvej', 565);
INSERT INTO `person` (`ID`, `EMAIL`, `FIRSTNAME`, `LASTNAME`, `ADDRESS_ID`) VALUES (225,'Simon@hotmail.dk', 'Simon', 'Thomassen', 225);
INSERT INTO `phone` (`DESCRIPTION`, `NUMBER`, `OWNER_ID`) VALUES ('mobile', '37883703', 225);
INSERT INTO `hobby_person` (`hobbies_ID`, `persons_ID`) VALUES (2, 225);
INSERT INTO `address` (`INFORMATION`, `STREET`, `CITY_ID`) VALUES ('2. tv', 'Møllevangen', 1286);
INSERT INTO `person` (`ID`, `EMAIL`, `FIRSTNAME`, `LASTNAME`, `ADDRESS_ID`) VALUES (226,'Kasper@outlook.com', 'Kasper', 'Simonsen', 226);
INSERT INTO `phone` (`DESCRIPTION`, `NUMBER`, `OWNER_ID`) VALUES ('home', '95910536', 226);
INSERT INTO `hobby_person` (`hobbies_ID`, `persons_ID`) VALUES (2, 226);
INSERT INTO `address` (`INFORMATION`, `STREET`, `CITY_ID`) VALUES ('2. tv', 'Møllevangen', 1273);
INSERT INTO `person` (`ID`, `EMAIL`, `FIRSTNAME`, `LASTNAME`, `ADDRESS_ID`) VALUES (227,'Filip@gmail.dk', 'Filip', 'Mikkelsen', 227);
INSERT INTO `phone` (`DESCRIPTION`, `NUMBER`, `OWNER_ID`) VALUES ('work', '57817782', 227);
INSERT INTO `hobby_person` (`hobbies_ID`, `persons_ID`) VALUES (5, 227);
INSERT INTO `address` (`INFORMATION`, `STREET`, `CITY_ID`) VALUES ('stuen', 'Milanovicvej', 1039);
INSERT INTO `person` (`ID`, `EMAIL`, `FIRSTNAME`, `LASTNAME`, `ADDRESS_ID`) VALUES (228,'Isabella@protonmail.dk', 'Isabella', 'Jonassen', 228);
INSERT INTO `phone` (`DESCRIPTION`, `NUMBER`, `OWNER_ID`) VALUES ('home', '22766735', 228);
INSERT INTO `hobby_person` (`hobbies_ID`, `persons_ID`) VALUES (2, 228);
INSERT INTO `address` (`INFORMATION`, `STREET`, `CITY_ID`) VALUES ('2. tv', 'Kronhjortevej', 332);
INSERT INTO `person` (`ID`, `EMAIL`, `FIRSTNAME`, `LASTNAME`, `ADDRESS_ID`) VALUES (229,'Isabella@zoho.dk', 'Isabella', 'Kaspersen', 229);
INSERT INTO `phone` (`DESCRIPTION`, `NUMBER`, `OWNER_ID`) VALUES ('home', '74758994', 229);
INSERT INTO `hobby_person` (`hobbies_ID`, `persons_ID`) VALUES (3, 229);
INSERT INTO `address` (`INFORMATION`, `STREET`, `CITY_ID`) VALUES ('1. th', 'Møllevangen', 218);
INSERT INTO `person` (`ID`, `EMAIL`, `FIRSTNAME`, `LASTNAME`, `ADDRESS_ID`) VALUES (230,'Solveig@zoho.eu', 'Solveig', 'Filipsen', 230);
INSERT INTO `phone` (`DESCRIPTION`, `NUMBER`, `OWNER_ID`) VALUES ('mobile', '67459255', 230);
INSERT INTO `hobby_person` (`hobbies_ID`, `persons_ID`) VALUES (1, 230);
INSERT INTO `address` (`INFORMATION`, `STREET`, `CITY_ID`) VALUES ('2. tv', 'Hjortekærsvej', 1192);
INSERT INTO `person` (`ID`, `EMAIL`, `FIRSTNAME`, `LASTNAME`, `ADDRESS_ID`) VALUES (231,'Kim@outlook.eu', 'Kim', 'Filipovic', 231);
INSERT INTO `phone` (`DESCRIPTION`, `NUMBER`, `OWNER_ID`) VALUES ('work', '2787770', 231);
INSERT INTO `hobby_person` (`hobbies_ID`, `persons_ID`) VALUES (4, 231);
INSERT INTO `address` (`INFORMATION`, `STREET`, `CITY_ID`) VALUES ('2. tv', 'Kronhjortevej', 376);
INSERT INTO `person` (`ID`, `EMAIL`, `FIRSTNAME`, `LASTNAME`, `ADDRESS_ID`) VALUES (232,'Kirsten@zoho.dk', 'Kirsten', 'Kristiansen', 232);
INSERT INTO `phone` (`DESCRIPTION`, `NUMBER`, `OWNER_ID`) VALUES ('mobile', '70623052', 232);
INSERT INTO `hobby_person` (`hobbies_ID`, `persons_ID`) VALUES (5, 232);
INSERT INTO `address` (`INFORMATION`, `STREET`, `CITY_ID`) VALUES ('1. th', 'Kullevej', 436);
INSERT INTO `person` (`ID`, `EMAIL`, `FIRSTNAME`, `LASTNAME`, `ADDRESS_ID`) VALUES (233,'Steven@outlook.com', 'Steven', 'Runesen', 233);
INSERT INTO `phone` (`DESCRIPTION`, `NUMBER`, `OWNER_ID`) VALUES ('mobile', '14907723', 233);
INSERT INTO `hobby_person` (`hobbies_ID`, `persons_ID`) VALUES (3, 233);
INSERT INTO `address` (`INFORMATION`, `STREET`, `CITY_ID`) VALUES ('1. th', 'Kronhjortevej', 459);
INSERT INTO `person` (`ID`, `EMAIL`, `FIRSTNAME`, `LASTNAME`, `ADDRESS_ID`) VALUES (234,'Thomas@gmail.com', 'Thomas', 'Jonassen', 234);
INSERT INTO `phone` (`DESCRIPTION`, `NUMBER`, `OWNER_ID`) VALUES ('mobile', '35532418', 234);
INSERT INTO `hobby_person` (`hobbies_ID`, `persons_ID`) VALUES (4, 234);
INSERT INTO `address` (`INFORMATION`, `STREET`, `CITY_ID`) VALUES ('1. tv', 'Kronhjortevej', 270);
INSERT INTO `person` (`ID`, `EMAIL`, `FIRSTNAME`, `LASTNAME`, `ADDRESS_ID`) VALUES (235,'Thomas@yahoo.com', 'Thomas', 'Kristiansen', 235);
INSERT INTO `phone` (`DESCRIPTION`, `NUMBER`, `OWNER_ID`) VALUES ('home', '33624898', 235);
INSERT INTO `hobby_person` (`hobbies_ID`, `persons_ID`) VALUES (2, 235);
INSERT INTO `address` (`INFORMATION`, `STREET`, `CITY_ID`) VALUES ('1. th', 'Milanovicvej', 360);
INSERT INTO `person` (`ID`, `EMAIL`, `FIRSTNAME`, `LASTNAME`, `ADDRESS_ID`) VALUES (236,'Thomas@hotmail.dk', 'Thomas', 'Behrendt', 236);
INSERT INTO `phone` (`DESCRIPTION`, `NUMBER`, `OWNER_ID`) VALUES ('mobile', '78121346', 236);
INSERT INTO `hobby_person` (`hobbies_ID`, `persons_ID`) VALUES (2, 236);
INSERT INTO `address` (`INFORMATION`, `STREET`, `CITY_ID`) VALUES ('2. th', 'Kullevej', 499);
INSERT INTO `person` (`ID`, `EMAIL`, `FIRSTNAME`, `LASTNAME`, `ADDRESS_ID`) VALUES (237,'Kasper@outlook.com', 'Kasper', 'Bobsen', 237);
INSERT INTO `phone` (`DESCRIPTION`, `NUMBER`, `OWNER_ID`) VALUES ('home', '44589645', 237);
INSERT INTO `hobby_person` (`hobbies_ID`, `persons_ID`) VALUES (4, 237);
INSERT INTO `address` (`INFORMATION`, `STREET`, `CITY_ID`) VALUES ('2. th', 'Kronhjortevej', 958);
INSERT INTO `person` (`ID`, `EMAIL`, `FIRSTNAME`, `LASTNAME`, `ADDRESS_ID`) VALUES (238,'Christoffer@gmail.eu', 'Christoffer', 'Thomassen', 238);
INSERT INTO `phone` (`DESCRIPTION`, `NUMBER`, `OWNER_ID`) VALUES ('home', '77652174', 238);
INSERT INTO `hobby_person` (`hobbies_ID`, `persons_ID`) VALUES (1, 238);
INSERT INTO `address` (`INFORMATION`, `STREET`, `CITY_ID`) VALUES ('1. th', 'Østgaardsvej', 144);
INSERT INTO `person` (`ID`, `EMAIL`, `FIRSTNAME`, `LASTNAME`, `ADDRESS_ID`) VALUES (239,'Mia@protonmail.com', 'Mia', 'Jonassen', 239);
INSERT INTO `phone` (`DESCRIPTION`, `NUMBER`, `OWNER_ID`) VALUES ('mobile', '25619053', 239);
INSERT INTO `hobby_person` (`hobbies_ID`, `persons_ID`) VALUES (2, 239);
INSERT INTO `address` (`INFORMATION`, `STREET`, `CITY_ID`) VALUES ('1. tv', 'Hjortekærsvej', 707);
INSERT INTO `person` (`ID`, `EMAIL`, `FIRSTNAME`, `LASTNAME`, `ADDRESS_ID`) VALUES (240,'Simon@gmail.eu', 'Simon', 'Bobsen', 240);
INSERT INTO `phone` (`DESCRIPTION`, `NUMBER`, `OWNER_ID`) VALUES ('mobile', '57597025', 240);
INSERT INTO `hobby_person` (`hobbies_ID`, `persons_ID`) VALUES (3, 240);
INSERT INTO `address` (`INFORMATION`, `STREET`, `CITY_ID`) VALUES ('2. tv', 'Hjortekærsvej', 198);
INSERT INTO `person` (`ID`, `EMAIL`, `FIRSTNAME`, `LASTNAME`, `ADDRESS_ID`) VALUES (241,'Kristian@yahoo.dk', 'Kristian', 'Alexandersen', 241);
INSERT INTO `phone` (`DESCRIPTION`, `NUMBER`, `OWNER_ID`) VALUES ('mobile', '38170702', 241);
INSERT INTO `hobby_person` (`hobbies_ID`, `persons_ID`) VALUES (4, 241);
INSERT INTO `address` (`INFORMATION`, `STREET`, `CITY_ID`) VALUES ('1. th', 'Hjortekærsvej', 85);
INSERT INTO `person` (`ID`, `EMAIL`, `FIRSTNAME`, `LASTNAME`, `ADDRESS_ID`) VALUES (242,'Isabella@gmail.com', 'Isabella', 'Behrendt', 242);
INSERT INTO `phone` (`DESCRIPTION`, `NUMBER`, `OWNER_ID`) VALUES ('mobile', '82778677', 242);
INSERT INTO `hobby_person` (`hobbies_ID`, `persons_ID`) VALUES (1, 242);
INSERT INTO `address` (`INFORMATION`, `STREET`, `CITY_ID`) VALUES ('2. tv', 'Møllevangen', 164);
INSERT INTO `person` (`ID`, `EMAIL`, `FIRSTNAME`, `LASTNAME`, `ADDRESS_ID`) VALUES (243,'Simon@outlook.eu', 'Simon', 'Vestergaard', 243);
INSERT INTO `phone` (`DESCRIPTION`, `NUMBER`, `OWNER_ID`) VALUES ('home', '10160674', 243);
INSERT INTO `hobby_person` (`hobbies_ID`, `persons_ID`) VALUES (2, 243);
INSERT INTO `address` (`INFORMATION`, `STREET`, `CITY_ID`) VALUES ('2. tv', 'Østgaardsvej', 332);
INSERT INTO `person` (`ID`, `EMAIL`, `FIRSTNAME`, `LASTNAME`, `ADDRESS_ID`) VALUES (244,'Solveig@gmail.com', 'Solveig', 'Alexandersen', 244);
INSERT INTO `phone` (`DESCRIPTION`, `NUMBER`, `OWNER_ID`) VALUES ('work', '54455563', 244);
INSERT INTO `hobby_person` (`hobbies_ID`, `persons_ID`) VALUES (2, 244);
INSERT INTO `address` (`INFORMATION`, `STREET`, `CITY_ID`) VALUES ('2. tv', 'Ryllevej', 861);
INSERT INTO `person` (`ID`, `EMAIL`, `FIRSTNAME`, `LASTNAME`, `ADDRESS_ID`) VALUES (245,'Rune@zoho.com', 'Rune', 'Filipsen', 245);
INSERT INTO `phone` (`DESCRIPTION`, `NUMBER`, `OWNER_ID`) VALUES ('mobile', '2954283', 245);
INSERT INTO `hobby_person` (`hobbies_ID`, `persons_ID`) VALUES (3, 245);
INSERT INTO `address` (`INFORMATION`, `STREET`, `CITY_ID`) VALUES ('2. tv', 'Kullevej', 381);
INSERT INTO `person` (`ID`, `EMAIL`, `FIRSTNAME`, `LASTNAME`, `ADDRESS_ID`) VALUES (246,'Simon@yahoo.eu', 'Simon', 'Vestergaard', 246);
INSERT INTO `phone` (`DESCRIPTION`, `NUMBER`, `OWNER_ID`) VALUES ('mobile', '901266', 246);
INSERT INTO `hobby_person` (`hobbies_ID`, `persons_ID`) VALUES (2, 246);
INSERT INTO `address` (`INFORMATION`, `STREET`, `CITY_ID`) VALUES ('1. tv', 'Kullevej', 153);
INSERT INTO `person` (`ID`, `EMAIL`, `FIRSTNAME`, `LASTNAME`, `ADDRESS_ID`) VALUES (247,'Mia@zoho.com', 'Mia', 'Thomassen', 247);
INSERT INTO `phone` (`DESCRIPTION`, `NUMBER`, `OWNER_ID`) VALUES ('mobile', '25420552', 247);
INSERT INTO `hobby_person` (`hobbies_ID`, `persons_ID`) VALUES (4, 247);
INSERT INTO `address` (`INFORMATION`, `STREET`, `CITY_ID`) VALUES ('1. th', 'Kronhjortevej', 802);
INSERT INTO `person` (`ID`, `EMAIL`, `FIRSTNAME`, `LASTNAME`, `ADDRESS_ID`) VALUES (248,'Mikkel@zoho.dk', 'Mikkel', 'Stevensen', 248);
INSERT INTO `phone` (`DESCRIPTION`, `NUMBER`, `OWNER_ID`) VALUES ('home', '18371804', 248);
INSERT INTO `hobby_person` (`hobbies_ID`, `persons_ID`) VALUES (5, 248);
INSERT INTO `address` (`INFORMATION`, `STREET`, `CITY_ID`) VALUES ('1. tv', 'Østgaardsvej', 608);
INSERT INTO `person` (`ID`, `EMAIL`, `FIRSTNAME`, `LASTNAME`, `ADDRESS_ID`) VALUES (249,'Mia@gmail.com', 'Mia', 'Kaspersen', 249);
INSERT INTO `phone` (`DESCRIPTION`, `NUMBER`, `OWNER_ID`) VALUES ('work', '82983763', 249);
INSERT INTO `hobby_person` (`hobbies_ID`, `persons_ID`) VALUES (2, 249);
INSERT INTO `address` (`INFORMATION`, `STREET`, `CITY_ID`) VALUES ('2. th', 'Møllevangen', 414);
INSERT INTO `person` (`ID`, `EMAIL`, `FIRSTNAME`, `LASTNAME`, `ADDRESS_ID`) VALUES (250,'Kirsten@yahoo.eu', 'Kirsten', 'Alexandersen', 250);
INSERT INTO `phone` (`DESCRIPTION`, `NUMBER`, `OWNER_ID`) VALUES ('mobile', '45566411', 250);
INSERT INTO `hobby_person` (`hobbies_ID`, `persons_ID`) VALUES (5, 250);
INSERT INTO `address` (`INFORMATION`, `STREET`, `CITY_ID`) VALUES ('2. th', 'Ryllevej', 802);
INSERT INTO `person` (`ID`, `EMAIL`, `FIRSTNAME`, `LASTNAME`, `ADDRESS_ID`) VALUES (251,'Kim@zoho.eu', 'Kim', 'Christoffersen', 251);
INSERT INTO `phone` (`DESCRIPTION`, `NUMBER`, `OWNER_ID`) VALUES ('mobile', '77415933', 251);
INSERT INTO `hobby_person` (`hobbies_ID`, `persons_ID`) VALUES (4, 251);
INSERT INTO `address` (`INFORMATION`, `STREET`, `CITY_ID`) VALUES ('2. tv', 'Møllevangen', 805);
INSERT INTO `person` (`ID`, `EMAIL`, `FIRSTNAME`, `LASTNAME`, `ADDRESS_ID`) VALUES (252,'Kirsten@hotmail.eu', 'Kirsten', 'Alexandersen', 252);
INSERT INTO `phone` (`DESCRIPTION`, `NUMBER`, `OWNER_ID`) VALUES ('home', '11614584', 252);
INSERT INTO `hobby_person` (`hobbies_ID`, `persons_ID`) VALUES (1, 252);
INSERT INTO `address` (`INFORMATION`, `STREET`, `CITY_ID`) VALUES ('1. tv', 'Milanovicvej', 90);
INSERT INTO `person` (`ID`, `EMAIL`, `FIRSTNAME`, `LASTNAME`, `ADDRESS_ID`) VALUES (253,'Ida@yahoo.com', 'Ida', 'Christoffersen', 253);
INSERT INTO `phone` (`DESCRIPTION`, `NUMBER`, `OWNER_ID`) VALUES ('work', '57744377', 253);
INSERT INTO `hobby_person` (`hobbies_ID`, `persons_ID`) VALUES (1, 253);
INSERT INTO `address` (`INFORMATION`, `STREET`, `CITY_ID`) VALUES ('2. tv', 'Hjortekærsvej', 784);
INSERT INTO `person` (`ID`, `EMAIL`, `FIRSTNAME`, `LASTNAME`, `ADDRESS_ID`) VALUES (254,'Jonas@gmail.com', 'Jonas', 'Stevensen', 254);
INSERT INTO `phone` (`DESCRIPTION`, `NUMBER`, `OWNER_ID`) VALUES ('mobile', '14004586', 254);
INSERT INTO `hobby_person` (`hobbies_ID`, `persons_ID`) VALUES (4, 254);
INSERT INTO `address` (`INFORMATION`, `STREET`, `CITY_ID`) VALUES ('2. tv', 'Kronhjortevej', 473);
INSERT INTO `person` (`ID`, `EMAIL`, `FIRSTNAME`, `LASTNAME`, `ADDRESS_ID`) VALUES (255,'Kasper@hotmail.dk', 'Kasper', 'Filipsen', 255);
INSERT INTO `phone` (`DESCRIPTION`, `NUMBER`, `OWNER_ID`) VALUES ('work', '56445441', 255);
INSERT INTO `hobby_person` (`hobbies_ID`, `persons_ID`) VALUES (4, 255);
INSERT INTO `address` (`INFORMATION`, `STREET`, `CITY_ID`) VALUES ('1. th', 'Hjortekærsvej', 95);
INSERT INTO `person` (`ID`, `EMAIL`, `FIRSTNAME`, `LASTNAME`, `ADDRESS_ID`) VALUES (256,'Simon@protonmail.dk', 'Simon', 'Simonsen', 256);
INSERT INTO `phone` (`DESCRIPTION`, `NUMBER`, `OWNER_ID`) VALUES ('mobile', '83766130', 256);
INSERT INTO `hobby_person` (`hobbies_ID`, `persons_ID`) VALUES (3, 256);
INSERT INTO `address` (`INFORMATION`, `STREET`, `CITY_ID`) VALUES ('stuen', 'Østgaardsvej', 656);
INSERT INTO `person` (`ID`, `EMAIL`, `FIRSTNAME`, `LASTNAME`, `ADDRESS_ID`) VALUES (257,'Alexander@outlook.eu', 'Alexander', 'Thomassen', 257);
INSERT INTO `phone` (`DESCRIPTION`, `NUMBER`, `OWNER_ID`) VALUES ('home', '27340886', 257);
INSERT INTO `hobby_person` (`hobbies_ID`, `persons_ID`) VALUES (5, 257);
INSERT INTO `address` (`INFORMATION`, `STREET`, `CITY_ID`) VALUES ('1. th', 'Ryllevej', 1192);
INSERT INTO `person` (`ID`, `EMAIL`, `FIRSTNAME`, `LASTNAME`, `ADDRESS_ID`) VALUES (258,'Solveig@gmail.dk', 'Solveig', 'Kristiansen', 258);
INSERT INTO `phone` (`DESCRIPTION`, `NUMBER`, `OWNER_ID`) VALUES ('home', '16678062', 258);
INSERT INTO `hobby_person` (`hobbies_ID`, `persons_ID`) VALUES (4, 258);
INSERT INTO `address` (`INFORMATION`, `STREET`, `CITY_ID`) VALUES ('1. tv', 'Kullevej', 598);
INSERT INTO `person` (`ID`, `EMAIL`, `FIRSTNAME`, `LASTNAME`, `ADDRESS_ID`) VALUES (259,'Solveig@hotmail.eu', 'Solveig', 'Filipovic', 259);
INSERT INTO `phone` (`DESCRIPTION`, `NUMBER`, `OWNER_ID`) VALUES ('home', '33560573', 259);
INSERT INTO `hobby_person` (`hobbies_ID`, `persons_ID`) VALUES (4, 259);
INSERT INTO `address` (`INFORMATION`, `STREET`, `CITY_ID`) VALUES ('1. tv', 'Ryllevej', 997);
INSERT INTO `person` (`ID`, `EMAIL`, `FIRSTNAME`, `LASTNAME`, `ADDRESS_ID`) VALUES (260,'Solveig@zoho.dk', 'Solveig', 'Kaspersen', 260);
INSERT INTO `phone` (`DESCRIPTION`, `NUMBER`, `OWNER_ID`) VALUES ('mobile', '86177757', 260);
INSERT INTO `hobby_person` (`hobbies_ID`, `persons_ID`) VALUES (1, 260);
INSERT INTO `address` (`INFORMATION`, `STREET`, `CITY_ID`) VALUES ('1. tv', 'Kronhjortevej', 568);
INSERT INTO `person` (`ID`, `EMAIL`, `FIRSTNAME`, `LASTNAME`, `ADDRESS_ID`) VALUES (261,'Alexa@outlook.dk', 'Alexa', 'Christoffersen', 261);
INSERT INTO `phone` (`DESCRIPTION`, `NUMBER`, `OWNER_ID`) VALUES ('home', '36892578', 261);
INSERT INTO `hobby_person` (`hobbies_ID`, `persons_ID`) VALUES (5, 261);
INSERT INTO `address` (`INFORMATION`, `STREET`, `CITY_ID`) VALUES ('2. th', 'Ryllevej', 1115);
INSERT INTO `person` (`ID`, `EMAIL`, `FIRSTNAME`, `LASTNAME`, `ADDRESS_ID`) VALUES (262,'Mia@gmail.eu', 'Mia', 'Filipovic', 262);
INSERT INTO `phone` (`DESCRIPTION`, `NUMBER`, `OWNER_ID`) VALUES ('mobile', '44509973', 262);
INSERT INTO `hobby_person` (`hobbies_ID`, `persons_ID`) VALUES (2, 262);
INSERT INTO `address` (`INFORMATION`, `STREET`, `CITY_ID`) VALUES ('1. th', 'Milanovicvej', 479);
INSERT INTO `person` (`ID`, `EMAIL`, `FIRSTNAME`, `LASTNAME`, `ADDRESS_ID`) VALUES (263,'Ida@hotmail.com', 'Ida', 'Vestergaard', 263);
INSERT INTO `phone` (`DESCRIPTION`, `NUMBER`, `OWNER_ID`) VALUES ('mobile', '53512262', 263);
INSERT INTO `hobby_person` (`hobbies_ID`, `persons_ID`) VALUES (2, 263);
INSERT INTO `address` (`INFORMATION`, `STREET`, `CITY_ID`) VALUES ('1. th', 'Ryllevej', 301);
INSERT INTO `person` (`ID`, `EMAIL`, `FIRSTNAME`, `LASTNAME`, `ADDRESS_ID`) VALUES (264,'Rune@zoho.eu', 'Rune', 'Christoffersen', 264);
INSERT INTO `phone` (`DESCRIPTION`, `NUMBER`, `OWNER_ID`) VALUES ('work', '40668762', 264);
INSERT INTO `hobby_person` (`hobbies_ID`, `persons_ID`) VALUES (1, 264);
INSERT INTO `address` (`INFORMATION`, `STREET`, `CITY_ID`) VALUES ('stuen', 'Kullevej', 956);
INSERT INTO `person` (`ID`, `EMAIL`, `FIRSTNAME`, `LASTNAME`, `ADDRESS_ID`) VALUES (265,'Isabella@zoho.com', 'Isabella', 'Runesen', 265);
INSERT INTO `phone` (`DESCRIPTION`, `NUMBER`, `OWNER_ID`) VALUES ('mobile', '41185784', 265);
INSERT INTO `hobby_person` (`hobbies_ID`, `persons_ID`) VALUES (1, 265);
INSERT INTO `address` (`INFORMATION`, `STREET`, `CITY_ID`) VALUES ('stuen', 'Milanovicvej', 1223);
INSERT INTO `person` (`ID`, `EMAIL`, `FIRSTNAME`, `LASTNAME`, `ADDRESS_ID`) VALUES (266,'Steven@yahoo.dk', 'Steven', 'Runesen', 266);
INSERT INTO `phone` (`DESCRIPTION`, `NUMBER`, `OWNER_ID`) VALUES ('home', '83935002', 266);
INSERT INTO `hobby_person` (`hobbies_ID`, `persons_ID`) VALUES (2, 266);
INSERT INTO `address` (`INFORMATION`, `STREET`, `CITY_ID`) VALUES ('2. th', 'Møllevangen', 743);
INSERT INTO `person` (`ID`, `EMAIL`, `FIRSTNAME`, `LASTNAME`, `ADDRESS_ID`) VALUES (267,'Filip@hotmail.eu', 'Filip', 'Kristiansen', 267);
INSERT INTO `phone` (`DESCRIPTION`, `NUMBER`, `OWNER_ID`) VALUES ('home', '249563', 267);
INSERT INTO `hobby_person` (`hobbies_ID`, `persons_ID`) VALUES (2, 267);
INSERT INTO `address` (`INFORMATION`, `STREET`, `CITY_ID`) VALUES ('1. th', 'Kullevej', 1192);
INSERT INTO `person` (`ID`, `EMAIL`, `FIRSTNAME`, `LASTNAME`, `ADDRESS_ID`) VALUES (268,'Mikkel@hotmail.dk', 'Mikkel', 'Filipsen', 268);
INSERT INTO `phone` (`DESCRIPTION`, `NUMBER`, `OWNER_ID`) VALUES ('mobile', '45853124', 268);
INSERT INTO `hobby_person` (`hobbies_ID`, `persons_ID`) VALUES (5, 268);
INSERT INTO `address` (`INFORMATION`, `STREET`, `CITY_ID`) VALUES ('1. tv', 'Kronhjortevej', 1118);
INSERT INTO `person` (`ID`, `EMAIL`, `FIRSTNAME`, `LASTNAME`, `ADDRESS_ID`) VALUES (269,'Simon@yahoo.eu', 'Simon', 'Stevensen', 269);
INSERT INTO `phone` (`DESCRIPTION`, `NUMBER`, `OWNER_ID`) VALUES ('work', '65303990', 269);
INSERT INTO `hobby_person` (`hobbies_ID`, `persons_ID`) VALUES (4, 269);
INSERT INTO `address` (`INFORMATION`, `STREET`, `CITY_ID`) VALUES ('2. th', 'Møllevangen', 1231);
INSERT INTO `person` (`ID`, `EMAIL`, `FIRSTNAME`, `LASTNAME`, `ADDRESS_ID`) VALUES (270,'Maria@gmail.com', 'Maria', 'Simonsen', 270);
INSERT INTO `phone` (`DESCRIPTION`, `NUMBER`, `OWNER_ID`) VALUES ('home', '30372107', 270);
INSERT INTO `hobby_person` (`hobbies_ID`, `persons_ID`) VALUES (2, 270);
INSERT INTO `address` (`INFORMATION`, `STREET`, `CITY_ID`) VALUES ('1. tv', 'Kronhjortevej', 1265);
INSERT INTO `person` (`ID`, `EMAIL`, `FIRSTNAME`, `LASTNAME`, `ADDRESS_ID`) VALUES (271,'Filip@zoho.com', 'Filip', 'Jonassen', 271);
INSERT INTO `phone` (`DESCRIPTION`, `NUMBER`, `OWNER_ID`) VALUES ('work', '6398339', 271);
INSERT INTO `hobby_person` (`hobbies_ID`, `persons_ID`) VALUES (1, 271);
INSERT INTO `address` (`INFORMATION`, `STREET`, `CITY_ID`) VALUES ('1. th', 'Møllevangen', 239);
INSERT INTO `person` (`ID`, `EMAIL`, `FIRSTNAME`, `LASTNAME`, `ADDRESS_ID`) VALUES (272,'Maria@protonmail.eu', 'Maria', 'Jonassen', 272);
INSERT INTO `phone` (`DESCRIPTION`, `NUMBER`, `OWNER_ID`) VALUES ('mobile', '7214735', 272);
INSERT INTO `hobby_person` (`hobbies_ID`, `persons_ID`) VALUES (3, 272);
INSERT INTO `address` (`INFORMATION`, `STREET`, `CITY_ID`) VALUES ('1. tv', 'Milanovicvej', 555);
INSERT INTO `person` (`ID`, `EMAIL`, `FIRSTNAME`, `LASTNAME`, `ADDRESS_ID`) VALUES (273,'Thomas@yahoo.eu', 'Thomas', 'Runesen', 273);
INSERT INTO `phone` (`DESCRIPTION`, `NUMBER`, `OWNER_ID`) VALUES ('mobile', '4946299', 273);
INSERT INTO `hobby_person` (`hobbies_ID`, `persons_ID`) VALUES (2, 273);
INSERT INTO `address` (`INFORMATION`, `STREET`, `CITY_ID`) VALUES ('1. th', 'Ryllevej', 702);
INSERT INTO `person` (`ID`, `EMAIL`, `FIRSTNAME`, `LASTNAME`, `ADDRESS_ID`) VALUES (274,'Mia@hotmail.eu', 'Mia', 'Bobsen', 274);
INSERT INTO `phone` (`DESCRIPTION`, `NUMBER`, `OWNER_ID`) VALUES ('mobile', '74693075', 274);
INSERT INTO `hobby_person` (`hobbies_ID`, `persons_ID`) VALUES (3, 274);
INSERT INTO `address` (`INFORMATION`, `STREET`, `CITY_ID`) VALUES ('2. tv', 'Milanovicvej', 92);
INSERT INTO `person` (`ID`, `EMAIL`, `FIRSTNAME`, `LASTNAME`, `ADDRESS_ID`) VALUES (275,'Bob@protonmail.eu', 'Bob', 'Christoffersen', 275);
INSERT INTO `phone` (`DESCRIPTION`, `NUMBER`, `OWNER_ID`) VALUES ('mobile', '17739798', 275);
INSERT INTO `hobby_person` (`hobbies_ID`, `persons_ID`) VALUES (5, 275);
INSERT INTO `address` (`INFORMATION`, `STREET`, `CITY_ID`) VALUES ('1. tv', 'Kullevej', 1190);
INSERT INTO `person` (`ID`, `EMAIL`, `FIRSTNAME`, `LASTNAME`, `ADDRESS_ID`) VALUES (276,'Maria@protonmail.com', 'Maria', 'Christoffersen', 276);
INSERT INTO `phone` (`DESCRIPTION`, `NUMBER`, `OWNER_ID`) VALUES ('home', '94592067', 276);
INSERT INTO `hobby_person` (`hobbies_ID`, `persons_ID`) VALUES (5, 276);
INSERT INTO `address` (`INFORMATION`, `STREET`, `CITY_ID`) VALUES ('1. th', 'Kronhjortevej', 1097);
INSERT INTO `person` (`ID`, `EMAIL`, `FIRSTNAME`, `LASTNAME`, `ADDRESS_ID`) VALUES (277,'Alexander@protonmail.com', 'Alexander', 'Simonsen', 277);
INSERT INTO `phone` (`DESCRIPTION`, `NUMBER`, `OWNER_ID`) VALUES ('work', '85692708', 277);
INSERT INTO `hobby_person` (`hobbies_ID`, `persons_ID`) VALUES (4, 277);
INSERT INTO `address` (`INFORMATION`, `STREET`, `CITY_ID`) VALUES ('1. tv', 'Ryllevej', 872);
INSERT INTO `person` (`ID`, `EMAIL`, `FIRSTNAME`, `LASTNAME`, `ADDRESS_ID`) VALUES (278,'Kristian@yahoo.dk', 'Kristian', 'Alexandersen', 278);
INSERT INTO `phone` (`DESCRIPTION`, `NUMBER`, `OWNER_ID`) VALUES ('home', '39291524', 278);
INSERT INTO `hobby_person` (`hobbies_ID`, `persons_ID`) VALUES (4, 278);
INSERT INTO `address` (`INFORMATION`, `STREET`, `CITY_ID`) VALUES ('stuen', 'Ryllevej', 1334);
INSERT INTO `person` (`ID`, `EMAIL`, `FIRSTNAME`, `LASTNAME`, `ADDRESS_ID`) VALUES (279,'Mikkel@zoho.com', 'Mikkel', 'Kristiansen', 279);
INSERT INTO `phone` (`DESCRIPTION`, `NUMBER`, `OWNER_ID`) VALUES ('home', '9731324', 279);
INSERT INTO `hobby_person` (`hobbies_ID`, `persons_ID`) VALUES (2, 279);
INSERT INTO `address` (`INFORMATION`, `STREET`, `CITY_ID`) VALUES ('stuen', 'Milanovicvej', 470);
INSERT INTO `person` (`ID`, `EMAIL`, `FIRSTNAME`, `LASTNAME`, `ADDRESS_ID`) VALUES (280,'Maria@hotmail.eu', 'Maria', 'Simonsen', 280);
INSERT INTO `phone` (`DESCRIPTION`, `NUMBER`, `OWNER_ID`) VALUES ('mobile', '71183230', 280);
INSERT INTO `hobby_person` (`hobbies_ID`, `persons_ID`) VALUES (3, 280);
INSERT INTO `address` (`INFORMATION`, `STREET`, `CITY_ID`) VALUES ('1. th', 'Ryllevej', 859);
INSERT INTO `person` (`ID`, `EMAIL`, `FIRSTNAME`, `LASTNAME`, `ADDRESS_ID`) VALUES (281,'Kristian@zoho.com', 'Kristian', 'Kaspersen', 281);
INSERT INTO `phone` (`DESCRIPTION`, `NUMBER`, `OWNER_ID`) VALUES ('mobile', '9333205', 281);
INSERT INTO `hobby_person` (`hobbies_ID`, `persons_ID`) VALUES (1, 281);
INSERT INTO `address` (`INFORMATION`, `STREET`, `CITY_ID`) VALUES ('2. tv', 'Hjortekærsvej', 197);
INSERT INTO `person` (`ID`, `EMAIL`, `FIRSTNAME`, `LASTNAME`, `ADDRESS_ID`) VALUES (282,'Alexander@gmail.dk', 'Alexander', 'Bobsen', 282);
INSERT INTO `phone` (`DESCRIPTION`, `NUMBER`, `OWNER_ID`) VALUES ('mobile', '63319378', 282);
INSERT INTO `hobby_person` (`hobbies_ID`, `persons_ID`) VALUES (5, 282);
INSERT INTO `address` (`INFORMATION`, `STREET`, `CITY_ID`) VALUES ('2. tv', 'Hjortekærsvej', 2);
INSERT INTO `person` (`ID`, `EMAIL`, `FIRSTNAME`, `LASTNAME`, `ADDRESS_ID`) VALUES (283,'Simon@yahoo.com', 'Simon', 'Alexandersen', 283);
INSERT INTO `phone` (`DESCRIPTION`, `NUMBER`, `OWNER_ID`) VALUES ('mobile', '40924890', 283);
INSERT INTO `hobby_person` (`hobbies_ID`, `persons_ID`) VALUES (2, 283);
INSERT INTO `address` (`INFORMATION`, `STREET`, `CITY_ID`) VALUES ('1. th', 'Østgaardsvej', 501);
INSERT INTO `person` (`ID`, `EMAIL`, `FIRSTNAME`, `LASTNAME`, `ADDRESS_ID`) VALUES (284,'Mia@protonmail.com', 'Mia', 'Thomassen', 284);
INSERT INTO `phone` (`DESCRIPTION`, `NUMBER`, `OWNER_ID`) VALUES ('work', '16640066', 284);
INSERT INTO `hobby_person` (`hobbies_ID`, `persons_ID`) VALUES (3, 284);
INSERT INTO `address` (`INFORMATION`, `STREET`, `CITY_ID`) VALUES ('2. tv', 'Ryllevej', 434);
INSERT INTO `person` (`ID`, `EMAIL`, `FIRSTNAME`, `LASTNAME`, `ADDRESS_ID`) VALUES (285,'Bob@zoho.dk', 'Bob', 'Filipovic', 285);
INSERT INTO `phone` (`DESCRIPTION`, `NUMBER`, `OWNER_ID`) VALUES ('work', '80290751', 285);
INSERT INTO `hobby_person` (`hobbies_ID`, `persons_ID`) VALUES (3, 285);
INSERT INTO `address` (`INFORMATION`, `STREET`, `CITY_ID`) VALUES ('2. th', 'Østgaardsvej', 663);
INSERT INTO `person` (`ID`, `EMAIL`, `FIRSTNAME`, `LASTNAME`, `ADDRESS_ID`) VALUES (286,'Solveig@hotmail.com', 'Solveig', 'Christoffersen', 286);
INSERT INTO `phone` (`DESCRIPTION`, `NUMBER`, `OWNER_ID`) VALUES ('mobile', '28265757', 286);
INSERT INTO `hobby_person` (`hobbies_ID`, `persons_ID`) VALUES (1, 286);
INSERT INTO `address` (`INFORMATION`, `STREET`, `CITY_ID`) VALUES ('stuen', 'Møllevangen', 1140);
INSERT INTO `person` (`ID`, `EMAIL`, `FIRSTNAME`, `LASTNAME`, `ADDRESS_ID`) VALUES (287,'Alexa@yahoo.com', 'Alexa', 'Vestergaard', 287);
INSERT INTO `phone` (`DESCRIPTION`, `NUMBER`, `OWNER_ID`) VALUES ('work', '31532662', 287);
INSERT INTO `hobby_person` (`hobbies_ID`, `persons_ID`) VALUES (4, 287);
INSERT INTO `address` (`INFORMATION`, `STREET`, `CITY_ID`) VALUES ('1. tv', 'Milanovicvej', 805);
INSERT INTO `person` (`ID`, `EMAIL`, `FIRSTNAME`, `LASTNAME`, `ADDRESS_ID`) VALUES (288,'Isabella@hotmail.eu', 'Isabella', 'Thomassen', 288);
INSERT INTO `phone` (`DESCRIPTION`, `NUMBER`, `OWNER_ID`) VALUES ('mobile', '71683670', 288);
INSERT INTO `hobby_person` (`hobbies_ID`, `persons_ID`) VALUES (3, 288);
INSERT INTO `address` (`INFORMATION`, `STREET`, `CITY_ID`) VALUES ('2. tv', 'Østgaardsvej', 507);
INSERT INTO `person` (`ID`, `EMAIL`, `FIRSTNAME`, `LASTNAME`, `ADDRESS_ID`) VALUES (289,'Mikkel@hotmail.eu', 'Mikkel', 'Behrendt', 289);
INSERT INTO `phone` (`DESCRIPTION`, `NUMBER`, `OWNER_ID`) VALUES ('mobile', '23292833', 289);
INSERT INTO `hobby_person` (`hobbies_ID`, `persons_ID`) VALUES (1, 289);
INSERT INTO `address` (`INFORMATION`, `STREET`, `CITY_ID`) VALUES ('1. th', 'Møllevangen', 265);
INSERT INTO `person` (`ID`, `EMAIL`, `FIRSTNAME`, `LASTNAME`, `ADDRESS_ID`) VALUES (290,'Mikkel@yahoo.dk', 'Mikkel', 'Christoffersen', 290);
INSERT INTO `phone` (`DESCRIPTION`, `NUMBER`, `OWNER_ID`) VALUES ('home', '37004695', 290);
INSERT INTO `hobby_person` (`hobbies_ID`, `persons_ID`) VALUES (3, 290);
INSERT INTO `address` (`INFORMATION`, `STREET`, `CITY_ID`) VALUES ('1. tv', 'Møllevangen', 266);
INSERT INTO `person` (`ID`, `EMAIL`, `FIRSTNAME`, `LASTNAME`, `ADDRESS_ID`) VALUES (291,'Solveig@gmail.com', 'Solveig', 'Alexandersen', 291);
INSERT INTO `phone` (`DESCRIPTION`, `NUMBER`, `OWNER_ID`) VALUES ('work', '84200619', 291);
INSERT INTO `hobby_person` (`hobbies_ID`, `persons_ID`) VALUES (5, 291);
INSERT INTO `address` (`INFORMATION`, `STREET`, `CITY_ID`) VALUES ('stuen', 'Hjortekærsvej', 812);
INSERT INTO `person` (`ID`, `EMAIL`, `FIRSTNAME`, `LASTNAME`, `ADDRESS_ID`) VALUES (292,'Jonas@hotmail.com', 'Jonas', 'Filipovic', 292);
INSERT INTO `phone` (`DESCRIPTION`, `NUMBER`, `OWNER_ID`) VALUES ('mobile', '42159435', 292);
INSERT INTO `hobby_person` (`hobbies_ID`, `persons_ID`) VALUES (2, 292);
INSERT INTO `address` (`INFORMATION`, `STREET`, `CITY_ID`) VALUES ('2. tv', 'Kullevej', 1070);
INSERT INTO `person` (`ID`, `EMAIL`, `FIRSTNAME`, `LASTNAME`, `ADDRESS_ID`) VALUES (293,'Solveig@protonmail.dk', 'Solveig', 'Simonsen', 293);
INSERT INTO `phone` (`DESCRIPTION`, `NUMBER`, `OWNER_ID`) VALUES ('work', '67790033', 293);
INSERT INTO `hobby_person` (`hobbies_ID`, `persons_ID`) VALUES (3, 293);
INSERT INTO `address` (`INFORMATION`, `STREET`, `CITY_ID`) VALUES ('2. th', 'Kronhjortevej', 39);
INSERT INTO `person` (`ID`, `EMAIL`, `FIRSTNAME`, `LASTNAME`, `ADDRESS_ID`) VALUES (294,'Kristian@zoho.com', 'Kristian', 'Behrendt', 294);
INSERT INTO `phone` (`DESCRIPTION`, `NUMBER`, `OWNER_ID`) VALUES ('mobile', '15459670', 294);
INSERT INTO `hobby_person` (`hobbies_ID`, `persons_ID`) VALUES (2, 294);
INSERT INTO `address` (`INFORMATION`, `STREET`, `CITY_ID`) VALUES ('1. tv', 'Ryllevej', 330);
INSERT INTO `person` (`ID`, `EMAIL`, `FIRSTNAME`, `LASTNAME`, `ADDRESS_ID`) VALUES (295,'Isabella@protonmail.eu', 'Isabella', 'Jonassen', 295);
INSERT INTO `phone` (`DESCRIPTION`, `NUMBER`, `OWNER_ID`) VALUES ('work', '80437645', 295);
INSERT INTO `hobby_person` (`hobbies_ID`, `persons_ID`) VALUES (3, 295);
INSERT INTO `address` (`INFORMATION`, `STREET`, `CITY_ID`) VALUES ('2. th', 'Milanovicvej', 872);
INSERT INTO `person` (`ID`, `EMAIL`, `FIRSTNAME`, `LASTNAME`, `ADDRESS_ID`) VALUES (296,'Jonas@protonmail.com', 'Jonas', 'Bobsen', 296);
INSERT INTO `phone` (`DESCRIPTION`, `NUMBER`, `OWNER_ID`) VALUES ('work', '74106576', 296);
INSERT INTO `hobby_person` (`hobbies_ID`, `persons_ID`) VALUES (5, 296);
INSERT INTO `address` (`INFORMATION`, `STREET`, `CITY_ID`) VALUES ('1. tv', 'Kronhjortevej', 330);
INSERT INTO `person` (`ID`, `EMAIL`, `FIRSTNAME`, `LASTNAME`, `ADDRESS_ID`) VALUES (297,'Thomas@protonmail.com', 'Thomas', 'Thomassen', 297);
INSERT INTO `phone` (`DESCRIPTION`, `NUMBER`, `OWNER_ID`) VALUES ('home', '91292141', 297);
INSERT INTO `hobby_person` (`hobbies_ID`, `persons_ID`) VALUES (2, 297);
INSERT INTO `address` (`INFORMATION`, `STREET`, `CITY_ID`) VALUES ('stuen', 'Østgaardsvej', 323);
INSERT INTO `person` (`ID`, `EMAIL`, `FIRSTNAME`, `LASTNAME`, `ADDRESS_ID`) VALUES (298,'Kim@outlook.eu', 'Kim', 'Kristiansen', 298);
INSERT INTO `phone` (`DESCRIPTION`, `NUMBER`, `OWNER_ID`) VALUES ('mobile', '6842949', 298);
INSERT INTO `hobby_person` (`hobbies_ID`, `persons_ID`) VALUES (3, 298);
INSERT INTO `address` (`INFORMATION`, `STREET`, `CITY_ID`) VALUES ('1. tv', 'Møllevangen', 288);
INSERT INTO `person` (`ID`, `EMAIL`, `FIRSTNAME`, `LASTNAME`, `ADDRESS_ID`) VALUES (299,'Filip@yahoo.dk', 'Filip', 'Jonassen', 299);
INSERT INTO `phone` (`DESCRIPTION`, `NUMBER`, `OWNER_ID`) VALUES ('work', '69748725', 299);
INSERT INTO `hobby_person` (`hobbies_ID`, `persons_ID`) VALUES (1, 299);
INSERT INTO `address` (`INFORMATION`, `STREET`, `CITY_ID`) VALUES ('2. th', 'Milanovicvej', 576);
INSERT INTO `person` (`ID`, `EMAIL`, `FIRSTNAME`, `LASTNAME`, `ADDRESS_ID`) VALUES (300,'Filip@zoho.dk', 'Filip', 'Alexandersen', 300);
INSERT INTO `phone` (`DESCRIPTION`, `NUMBER`, `OWNER_ID`) VALUES ('mobile', '28767560', 300);
INSERT INTO `hobby_person` (`hobbies_ID`, `persons_ID`) VALUES (2, 300);
INSERT INTO `address` (`INFORMATION`, `STREET`, `CITY_ID`) VALUES ('1. th', 'Østgaardsvej', 467);
INSERT INTO `person` (`ID`, `EMAIL`, `FIRSTNAME`, `LASTNAME`, `ADDRESS_ID`) VALUES (301,'Kasper@gmail.dk', 'Kasper', 'Filipsen', 301);
INSERT INTO `phone` (`DESCRIPTION`, `NUMBER`, `OWNER_ID`) VALUES ('work', '86095690', 301);
INSERT INTO `hobby_person` (`hobbies_ID`, `persons_ID`) VALUES (3, 301);
INSERT INTO `address` (`INFORMATION`, `STREET`, `CITY_ID`) VALUES ('2. th', 'Østgaardsvej', 1227);
INSERT INTO `person` (`ID`, `EMAIL`, `FIRSTNAME`, `LASTNAME`, `ADDRESS_ID`) VALUES (302,'Isabella@yahoo.com', 'Isabella', 'Stevensen', 302);
INSERT INTO `phone` (`DESCRIPTION`, `NUMBER`, `OWNER_ID`) VALUES ('work', '74026239', 302);
INSERT INTO `hobby_person` (`hobbies_ID`, `persons_ID`) VALUES (5, 302);
INSERT INTO `address` (`INFORMATION`, `STREET`, `CITY_ID`) VALUES ('2. th', 'Møllevangen', 574);
INSERT INTO `person` (`ID`, `EMAIL`, `FIRSTNAME`, `LASTNAME`, `ADDRESS_ID`) VALUES (303,'Filip@outlook.com', 'Filip', 'Kaspersen', 303);
INSERT INTO `phone` (`DESCRIPTION`, `NUMBER`, `OWNER_ID`) VALUES ('home', '86297942', 303);
INSERT INTO `hobby_person` (`hobbies_ID`, `persons_ID`) VALUES (2, 303);
INSERT INTO `address` (`INFORMATION`, `STREET`, `CITY_ID`) VALUES ('stuen', 'Østgaardsvej', 15);
INSERT INTO `person` (`ID`, `EMAIL`, `FIRSTNAME`, `LASTNAME`, `ADDRESS_ID`) VALUES (304,'Steven@protonmail.eu', 'Steven', 'Filipovic', 304);
INSERT INTO `phone` (`DESCRIPTION`, `NUMBER`, `OWNER_ID`) VALUES ('work', '2212972', 304);
INSERT INTO `hobby_person` (`hobbies_ID`, `persons_ID`) VALUES (5, 304);
INSERT INTO `address` (`INFORMATION`, `STREET`, `CITY_ID`) VALUES ('1. tv', 'Hjortekærsvej', 1197);
INSERT INTO `person` (`ID`, `EMAIL`, `FIRSTNAME`, `LASTNAME`, `ADDRESS_ID`) VALUES (305,'Jonas@protonmail.dk', 'Jonas', 'Alexandersen', 305);
INSERT INTO `phone` (`DESCRIPTION`, `NUMBER`, `OWNER_ID`) VALUES ('work', '47920505', 305);
INSERT INTO `hobby_person` (`hobbies_ID`, `persons_ID`) VALUES (2, 305);
INSERT INTO `address` (`INFORMATION`, `STREET`, `CITY_ID`) VALUES ('2. tv', 'Kullevej', 1245);
INSERT INTO `person` (`ID`, `EMAIL`, `FIRSTNAME`, `LASTNAME`, `ADDRESS_ID`) VALUES (306,'Maria@outlook.dk', 'Maria', 'Bobsen', 306);
INSERT INTO `phone` (`DESCRIPTION`, `NUMBER`, `OWNER_ID`) VALUES ('mobile', '65659588', 306);
INSERT INTO `hobby_person` (`hobbies_ID`, `persons_ID`) VALUES (1, 306);
INSERT INTO `address` (`INFORMATION`, `STREET`, `CITY_ID`) VALUES ('2. tv', 'Kronhjortevej', 852);
INSERT INTO `person` (`ID`, `EMAIL`, `FIRSTNAME`, `LASTNAME`, `ADDRESS_ID`) VALUES (307,'Alexander@gmail.com', 'Alexander', 'Simonsen', 307);
INSERT INTO `phone` (`DESCRIPTION`, `NUMBER`, `OWNER_ID`) VALUES ('home', '8769162', 307);
INSERT INTO `hobby_person` (`hobbies_ID`, `persons_ID`) VALUES (2, 307);
INSERT INTO `address` (`INFORMATION`, `STREET`, `CITY_ID`) VALUES ('1. tv', 'Ryllevej', 450);
INSERT INTO `person` (`ID`, `EMAIL`, `FIRSTNAME`, `LASTNAME`, `ADDRESS_ID`) VALUES (308,'Kirsten@zoho.eu', 'Kirsten', 'Behrendt', 308);
INSERT INTO `phone` (`DESCRIPTION`, `NUMBER`, `OWNER_ID`) VALUES ('work', '22590739', 308);
INSERT INTO `hobby_person` (`hobbies_ID`, `persons_ID`) VALUES (4, 308);
INSERT INTO `address` (`INFORMATION`, `STREET`, `CITY_ID`) VALUES ('stuen', 'Kullevej', 40);
INSERT INTO `person` (`ID`, `EMAIL`, `FIRSTNAME`, `LASTNAME`, `ADDRESS_ID`) VALUES (309,'Kasper@zoho.eu', 'Kasper', 'Behrendt', 309);
INSERT INTO `phone` (`DESCRIPTION`, `NUMBER`, `OWNER_ID`) VALUES ('mobile', '26280948', 309);
INSERT INTO `hobby_person` (`hobbies_ID`, `persons_ID`) VALUES (2, 309);
INSERT INTO `address` (`INFORMATION`, `STREET`, `CITY_ID`) VALUES ('stuen', 'Kronhjortevej', 606);
INSERT INTO `person` (`ID`, `EMAIL`, `FIRSTNAME`, `LASTNAME`, `ADDRESS_ID`) VALUES (310,'Kim@yahoo.eu', 'Kim', 'Kristiansen', 310);
INSERT INTO `phone` (`DESCRIPTION`, `NUMBER`, `OWNER_ID`) VALUES ('mobile', '68563423', 310);
INSERT INTO `hobby_person` (`hobbies_ID`, `persons_ID`) VALUES (3, 310);
INSERT INTO `address` (`INFORMATION`, `STREET`, `CITY_ID`) VALUES ('2. th', 'Møllevangen', 519);
INSERT INTO `person` (`ID`, `EMAIL`, `FIRSTNAME`, `LASTNAME`, `ADDRESS_ID`) VALUES (311,'Alexa@gmail.dk', 'Alexa', 'Christoffersen', 311);
INSERT INTO `phone` (`DESCRIPTION`, `NUMBER`, `OWNER_ID`) VALUES ('mobile', '22769820', 311);
INSERT INTO `hobby_person` (`hobbies_ID`, `persons_ID`) VALUES (2, 311);
INSERT INTO `address` (`INFORMATION`, `STREET`, `CITY_ID`) VALUES ('1. tv', 'Milanovicvej', 1039);
INSERT INTO `person` (`ID`, `EMAIL`, `FIRSTNAME`, `LASTNAME`, `ADDRESS_ID`) VALUES (312,'Bob@yahoo.com', 'Bob', 'Filipsen', 312);
INSERT INTO `phone` (`DESCRIPTION`, `NUMBER`, `OWNER_ID`) VALUES ('mobile', '46048027', 312);
INSERT INTO `hobby_person` (`hobbies_ID`, `persons_ID`) VALUES (3, 312);
INSERT INTO `address` (`INFORMATION`, `STREET`, `CITY_ID`) VALUES ('2. th', 'Møllevangen', 420);
INSERT INTO `person` (`ID`, `EMAIL`, `FIRSTNAME`, `LASTNAME`, `ADDRESS_ID`) VALUES (313,'Christoffer@outlook.eu', 'Christoffer', 'Vestergaard', 313);
INSERT INTO `phone` (`DESCRIPTION`, `NUMBER`, `OWNER_ID`) VALUES ('home', '1659898', 313);
INSERT INTO `hobby_person` (`hobbies_ID`, `persons_ID`) VALUES (1, 313);
INSERT INTO `address` (`INFORMATION`, `STREET`, `CITY_ID`) VALUES ('1. th', 'Milanovicvej', 934);
INSERT INTO `person` (`ID`, `EMAIL`, `FIRSTNAME`, `LASTNAME`, `ADDRESS_ID`) VALUES (314,'Simon@outlook.eu', 'Simon', 'Jonassen', 314);
INSERT INTO `phone` (`DESCRIPTION`, `NUMBER`, `OWNER_ID`) VALUES ('mobile', '39507771', 314);
INSERT INTO `hobby_person` (`hobbies_ID`, `persons_ID`) VALUES (3, 314);
INSERT INTO `address` (`INFORMATION`, `STREET`, `CITY_ID`) VALUES ('stuen', 'Hjortekærsvej', 781);
INSERT INTO `person` (`ID`, `EMAIL`, `FIRSTNAME`, `LASTNAME`, `ADDRESS_ID`) VALUES (315,'Kirsten@hotmail.eu', 'Kirsten', 'Thomassen', 315);
INSERT INTO `phone` (`DESCRIPTION`, `NUMBER`, `OWNER_ID`) VALUES ('mobile', '54050394', 315);
INSERT INTO `hobby_person` (`hobbies_ID`, `persons_ID`) VALUES (5, 315);
INSERT INTO `address` (`INFORMATION`, `STREET`, `CITY_ID`) VALUES ('2. th', 'Kullevej', 786);
INSERT INTO `person` (`ID`, `EMAIL`, `FIRSTNAME`, `LASTNAME`, `ADDRESS_ID`) VALUES (316,'Alexa@zoho.com', 'Alexa', 'Kristiansen', 316);
INSERT INTO `phone` (`DESCRIPTION`, `NUMBER`, `OWNER_ID`) VALUES ('home', '86457200', 316);
INSERT INTO `hobby_person` (`hobbies_ID`, `persons_ID`) VALUES (3, 316);
INSERT INTO `address` (`INFORMATION`, `STREET`, `CITY_ID`) VALUES ('2. tv', 'Hjortekærsvej', 175);
INSERT INTO `person` (`ID`, `EMAIL`, `FIRSTNAME`, `LASTNAME`, `ADDRESS_ID`) VALUES (317,'Steven@gmail.dk', 'Steven', 'Kaspersen', 317);
INSERT INTO `phone` (`DESCRIPTION`, `NUMBER`, `OWNER_ID`) VALUES ('mobile', '4963685', 317);
INSERT INTO `hobby_person` (`hobbies_ID`, `persons_ID`) VALUES (5, 317);
INSERT INTO `address` (`INFORMATION`, `STREET`, `CITY_ID`) VALUES ('1. th', 'Kullevej', 1076);
INSERT INTO `person` (`ID`, `EMAIL`, `FIRSTNAME`, `LASTNAME`, `ADDRESS_ID`) VALUES (318,'Kim@protonmail.com', 'Kim', 'Jonassen', 318);
INSERT INTO `phone` (`DESCRIPTION`, `NUMBER`, `OWNER_ID`) VALUES ('mobile', '86063729', 318);
INSERT INTO `hobby_person` (`hobbies_ID`, `persons_ID`) VALUES (5, 318);
INSERT INTO `address` (`INFORMATION`, `STREET`, `CITY_ID`) VALUES ('1. th', 'Møllevangen', 1317);
INSERT INTO `person` (`ID`, `EMAIL`, `FIRSTNAME`, `LASTNAME`, `ADDRESS_ID`) VALUES (319,'Kirsten@hotmail.dk', 'Kirsten', 'Behrendt', 319);
INSERT INTO `phone` (`DESCRIPTION`, `NUMBER`, `OWNER_ID`) VALUES ('home', '50108129', 319);
INSERT INTO `hobby_person` (`hobbies_ID`, `persons_ID`) VALUES (1, 319);
INSERT INTO `address` (`INFORMATION`, `STREET`, `CITY_ID`) VALUES ('1. tv', 'Kullevej', 1100);
INSERT INTO `person` (`ID`, `EMAIL`, `FIRSTNAME`, `LASTNAME`, `ADDRESS_ID`) VALUES (320,'Thomas@yahoo.eu', 'Thomas', 'Filipovic', 320);
INSERT INTO `phone` (`DESCRIPTION`, `NUMBER`, `OWNER_ID`) VALUES ('mobile', '6727395', 320);
INSERT INTO `hobby_person` (`hobbies_ID`, `persons_ID`) VALUES (4, 320);
INSERT INTO `address` (`INFORMATION`, `STREET`, `CITY_ID`) VALUES ('2. tv', 'Kronhjortevej', 440);
INSERT INTO `person` (`ID`, `EMAIL`, `FIRSTNAME`, `LASTNAME`, `ADDRESS_ID`) VALUES (321,'Steven@hotmail.eu', 'Steven', 'Thomassen', 321);
INSERT INTO `phone` (`DESCRIPTION`, `NUMBER`, `OWNER_ID`) VALUES ('home', '13849998', 321);
INSERT INTO `hobby_person` (`hobbies_ID`, `persons_ID`) VALUES (2, 321);
INSERT INTO `address` (`INFORMATION`, `STREET`, `CITY_ID`) VALUES ('stuen', 'Milanovicvej', 1287);
INSERT INTO `person` (`ID`, `EMAIL`, `FIRSTNAME`, `LASTNAME`, `ADDRESS_ID`) VALUES (322,'Thomas@protonmail.dk', 'Thomas', 'Jonassen', 322);
INSERT INTO `phone` (`DESCRIPTION`, `NUMBER`, `OWNER_ID`) VALUES ('home', '98824153', 322);
INSERT INTO `hobby_person` (`hobbies_ID`, `persons_ID`) VALUES (3, 322);
INSERT INTO `address` (`INFORMATION`, `STREET`, `CITY_ID`) VALUES ('2. tv', 'Møllevangen', 395);
INSERT INTO `person` (`ID`, `EMAIL`, `FIRSTNAME`, `LASTNAME`, `ADDRESS_ID`) VALUES (323,'Christoffer@gmail.eu', 'Christoffer', 'Mikkelsen', 323);
INSERT INTO `phone` (`DESCRIPTION`, `NUMBER`, `OWNER_ID`) VALUES ('home', '7559313', 323);
INSERT INTO `hobby_person` (`hobbies_ID`, `persons_ID`) VALUES (2, 323);
INSERT INTO `address` (`INFORMATION`, `STREET`, `CITY_ID`) VALUES ('1. th', 'Milanovicvej', 869);
INSERT INTO `person` (`ID`, `EMAIL`, `FIRSTNAME`, `LASTNAME`, `ADDRESS_ID`) VALUES (324,'Rune@yahoo.com', 'Rune', 'Kaspersen', 324);
INSERT INTO `phone` (`DESCRIPTION`, `NUMBER`, `OWNER_ID`) VALUES ('home', '25501232', 324);
INSERT INTO `hobby_person` (`hobbies_ID`, `persons_ID`) VALUES (3, 324);
INSERT INTO `address` (`INFORMATION`, `STREET`, `CITY_ID`) VALUES ('2. tv', 'Møllevangen', 39);
INSERT INTO `person` (`ID`, `EMAIL`, `FIRSTNAME`, `LASTNAME`, `ADDRESS_ID`) VALUES (325,'Kasper@outlook.dk', 'Kasper', 'Behrendt', 325);
INSERT INTO `phone` (`DESCRIPTION`, `NUMBER`, `OWNER_ID`) VALUES ('work', '67864312', 325);
INSERT INTO `hobby_person` (`hobbies_ID`, `persons_ID`) VALUES (1, 325);
INSERT INTO `address` (`INFORMATION`, `STREET`, `CITY_ID`) VALUES ('1. th', 'Østgaardsvej', 532);
INSERT INTO `person` (`ID`, `EMAIL`, `FIRSTNAME`, `LASTNAME`, `ADDRESS_ID`) VALUES (326,'Kristian@yahoo.eu', 'Kristian', 'Jonassen', 326);
INSERT INTO `phone` (`DESCRIPTION`, `NUMBER`, `OWNER_ID`) VALUES ('mobile', '57684847', 326);
INSERT INTO `hobby_person` (`hobbies_ID`, `persons_ID`) VALUES (3, 326);
INSERT INTO `address` (`INFORMATION`, `STREET`, `CITY_ID`) VALUES ('1. tv', 'Hjortekærsvej', 1099);
INSERT INTO `person` (`ID`, `EMAIL`, `FIRSTNAME`, `LASTNAME`, `ADDRESS_ID`) VALUES (327,'Alexander@zoho.dk', 'Alexander', 'Simonsen', 327);
INSERT INTO `phone` (`DESCRIPTION`, `NUMBER`, `OWNER_ID`) VALUES ('work', '62020586', 327);
INSERT INTO `hobby_person` (`hobbies_ID`, `persons_ID`) VALUES (3, 327);
INSERT INTO `address` (`INFORMATION`, `STREET`, `CITY_ID`) VALUES ('2. tv', 'Møllevangen', 223);
INSERT INTO `person` (`ID`, `EMAIL`, `FIRSTNAME`, `LASTNAME`, `ADDRESS_ID`) VALUES (328,'Christoffer@hotmail.com', 'Christoffer', 'Filipsen', 328);
INSERT INTO `phone` (`DESCRIPTION`, `NUMBER`, `OWNER_ID`) VALUES ('mobile', '44335836', 328);
INSERT INTO `hobby_person` (`hobbies_ID`, `persons_ID`) VALUES (3, 328);
INSERT INTO `address` (`INFORMATION`, `STREET`, `CITY_ID`) VALUES ('2. th', 'Kronhjortevej', 1071);
INSERT INTO `person` (`ID`, `EMAIL`, `FIRSTNAME`, `LASTNAME`, `ADDRESS_ID`) VALUES (329,'Kirsten@outlook.eu', 'Kirsten', 'Bobsen', 329);
INSERT INTO `phone` (`DESCRIPTION`, `NUMBER`, `OWNER_ID`) VALUES ('mobile', '95946417', 329);
INSERT INTO `hobby_person` (`hobbies_ID`, `persons_ID`) VALUES (3, 329);
INSERT INTO `address` (`INFORMATION`, `STREET`, `CITY_ID`) VALUES ('1. th', 'Kronhjortevej', 262);
INSERT INTO `person` (`ID`, `EMAIL`, `FIRSTNAME`, `LASTNAME`, `ADDRESS_ID`) VALUES (330,'Filip@zoho.eu', 'Filip', 'Runesen', 330);
INSERT INTO `phone` (`DESCRIPTION`, `NUMBER`, `OWNER_ID`) VALUES ('home', '10618848', 330);
INSERT INTO `hobby_person` (`hobbies_ID`, `persons_ID`) VALUES (1, 330);
INSERT INTO `address` (`INFORMATION`, `STREET`, `CITY_ID`) VALUES ('2. tv', 'Østgaardsvej', 1163);
INSERT INTO `person` (`ID`, `EMAIL`, `FIRSTNAME`, `LASTNAME`, `ADDRESS_ID`) VALUES (331,'Alexa@gmail.com', 'Alexa', 'Jonassen', 331);
INSERT INTO `phone` (`DESCRIPTION`, `NUMBER`, `OWNER_ID`) VALUES ('work', '82121267', 331);
INSERT INTO `hobby_person` (`hobbies_ID`, `persons_ID`) VALUES (3, 331);
INSERT INTO `address` (`INFORMATION`, `STREET`, `CITY_ID`) VALUES ('1. th', 'Ryllevej', 74);
INSERT INTO `person` (`ID`, `EMAIL`, `FIRSTNAME`, `LASTNAME`, `ADDRESS_ID`) VALUES (332,'Thomas@outlook.com', 'Thomas', 'Runesen', 332);
INSERT INTO `phone` (`DESCRIPTION`, `NUMBER`, `OWNER_ID`) VALUES ('mobile', '88123761', 332);
INSERT INTO `hobby_person` (`hobbies_ID`, `persons_ID`) VALUES (2, 332);
INSERT INTO `address` (`INFORMATION`, `STREET`, `CITY_ID`) VALUES ('2. th', 'Møllevangen', 1328);
INSERT INTO `person` (`ID`, `EMAIL`, `FIRSTNAME`, `LASTNAME`, `ADDRESS_ID`) VALUES (333,'Alexa@gmail.dk', 'Alexa', 'Mikkelsen', 333);
INSERT INTO `phone` (`DESCRIPTION`, `NUMBER`, `OWNER_ID`) VALUES ('mobile', '16156180', 333);
INSERT INTO `hobby_person` (`hobbies_ID`, `persons_ID`) VALUES (3, 333);
INSERT INTO `address` (`INFORMATION`, `STREET`, `CITY_ID`) VALUES ('1. th', 'Kronhjortevej', 517);
INSERT INTO `person` (`ID`, `EMAIL`, `FIRSTNAME`, `LASTNAME`, `ADDRESS_ID`) VALUES (334,'Steven@gmail.dk', 'Steven', 'Stevensen', 334);
INSERT INTO `phone` (`DESCRIPTION`, `NUMBER`, `OWNER_ID`) VALUES ('home', '42432379', 334);
INSERT INTO `hobby_person` (`hobbies_ID`, `persons_ID`) VALUES (2, 334);
INSERT INTO `address` (`INFORMATION`, `STREET`, `CITY_ID`) VALUES ('1. tv', 'Milanovicvej', 298);
INSERT INTO `person` (`ID`, `EMAIL`, `FIRSTNAME`, `LASTNAME`, `ADDRESS_ID`) VALUES (335,'Bob@yahoo.com', 'Bob', 'Kristiansen', 335);
INSERT INTO `phone` (`DESCRIPTION`, `NUMBER`, `OWNER_ID`) VALUES ('home', '49682774', 335);
INSERT INTO `hobby_person` (`hobbies_ID`, `persons_ID`) VALUES (5, 335);
INSERT INTO `address` (`INFORMATION`, `STREET`, `CITY_ID`) VALUES ('1. tv', 'Østgaardsvej', 1171);
INSERT INTO `person` (`ID`, `EMAIL`, `FIRSTNAME`, `LASTNAME`, `ADDRESS_ID`) VALUES (336,'Alexa@gmail.com', 'Alexa', 'Mikkelsen', 336);
INSERT INTO `phone` (`DESCRIPTION`, `NUMBER`, `OWNER_ID`) VALUES ('home', '13857218', 336);
INSERT INTO `hobby_person` (`hobbies_ID`, `persons_ID`) VALUES (1, 336);
INSERT INTO `address` (`INFORMATION`, `STREET`, `CITY_ID`) VALUES ('1. tv', 'Hjortekærsvej', 407);
INSERT INTO `person` (`ID`, `EMAIL`, `FIRSTNAME`, `LASTNAME`, `ADDRESS_ID`) VALUES (337,'Kirsten@protonmail.eu', 'Kirsten', 'Behrendt', 337);
INSERT INTO `phone` (`DESCRIPTION`, `NUMBER`, `OWNER_ID`) VALUES ('work', '7404306', 337);
INSERT INTO `hobby_person` (`hobbies_ID`, `persons_ID`) VALUES (4, 337);
INSERT INTO `address` (`INFORMATION`, `STREET`, `CITY_ID`) VALUES ('stuen', 'Kullevej', 33);
INSERT INTO `person` (`ID`, `EMAIL`, `FIRSTNAME`, `LASTNAME`, `ADDRESS_ID`) VALUES (338,'Filip@gmail.dk', 'Filip', 'Simonsen', 338);
INSERT INTO `phone` (`DESCRIPTION`, `NUMBER`, `OWNER_ID`) VALUES ('mobile', '5579399', 338);
INSERT INTO `hobby_person` (`hobbies_ID`, `persons_ID`) VALUES (3, 338);
INSERT INTO `address` (`INFORMATION`, `STREET`, `CITY_ID`) VALUES ('2. tv', 'Ryllevej', 625);
INSERT INTO `person` (`ID`, `EMAIL`, `FIRSTNAME`, `LASTNAME`, `ADDRESS_ID`) VALUES (339,'Jonas@hotmail.dk', 'Jonas', 'Jonassen', 339);
INSERT INTO `phone` (`DESCRIPTION`, `NUMBER`, `OWNER_ID`) VALUES ('home', '86891577', 339);
INSERT INTO `hobby_person` (`hobbies_ID`, `persons_ID`) VALUES (2, 339);
INSERT INTO `address` (`INFORMATION`, `STREET`, `CITY_ID`) VALUES ('1. tv', 'Hjortekærsvej', 353);
INSERT INTO `person` (`ID`, `EMAIL`, `FIRSTNAME`, `LASTNAME`, `ADDRESS_ID`) VALUES (340,'Alexander@hotmail.dk', 'Alexander', 'Filipovic', 340);
INSERT INTO `phone` (`DESCRIPTION`, `NUMBER`, `OWNER_ID`) VALUES ('work', '62585465', 340);
INSERT INTO `hobby_person` (`hobbies_ID`, `persons_ID`) VALUES (4, 340);
INSERT INTO `address` (`INFORMATION`, `STREET`, `CITY_ID`) VALUES ('2. tv', 'Møllevangen', 380);
INSERT INTO `person` (`ID`, `EMAIL`, `FIRSTNAME`, `LASTNAME`, `ADDRESS_ID`) VALUES (341,'Thomas@hotmail.com', 'Thomas', 'Alexandersen', 341);
INSERT INTO `phone` (`DESCRIPTION`, `NUMBER`, `OWNER_ID`) VALUES ('mobile', '39872296', 341);
INSERT INTO `hobby_person` (`hobbies_ID`, `persons_ID`) VALUES (2, 341);
INSERT INTO `address` (`INFORMATION`, `STREET`, `CITY_ID`) VALUES ('1. tv', 'Milanovicvej', 1191);
INSERT INTO `person` (`ID`, `EMAIL`, `FIRSTNAME`, `LASTNAME`, `ADDRESS_ID`) VALUES (342,'Kasper@hotmail.com', 'Kasper', 'Bobsen', 342);
INSERT INTO `phone` (`DESCRIPTION`, `NUMBER`, `OWNER_ID`) VALUES ('work', '4465825', 342);
INSERT INTO `hobby_person` (`hobbies_ID`, `persons_ID`) VALUES (2, 342);
INSERT INTO `address` (`INFORMATION`, `STREET`, `CITY_ID`) VALUES ('stuen', 'Hjortekærsvej', 189);
INSERT INTO `person` (`ID`, `EMAIL`, `FIRSTNAME`, `LASTNAME`, `ADDRESS_ID`) VALUES (343,'Ida@yahoo.dk', 'Ida', 'Bobsen', 343);
INSERT INTO `phone` (`DESCRIPTION`, `NUMBER`, `OWNER_ID`) VALUES ('mobile', '9301858', 343);
INSERT INTO `hobby_person` (`hobbies_ID`, `persons_ID`) VALUES (5, 343);
INSERT INTO `address` (`INFORMATION`, `STREET`, `CITY_ID`) VALUES ('1. th', 'Milanovicvej', 979);
INSERT INTO `person` (`ID`, `EMAIL`, `FIRSTNAME`, `LASTNAME`, `ADDRESS_ID`) VALUES (344,'Solveig@protonmail.eu', 'Solveig', 'Behrendt', 344);
INSERT INTO `phone` (`DESCRIPTION`, `NUMBER`, `OWNER_ID`) VALUES ('work', '32450014', 344);
INSERT INTO `hobby_person` (`hobbies_ID`, `persons_ID`) VALUES (2, 344);
INSERT INTO `address` (`INFORMATION`, `STREET`, `CITY_ID`) VALUES ('2. th', 'Hjortekærsvej', 255);
INSERT INTO `person` (`ID`, `EMAIL`, `FIRSTNAME`, `LASTNAME`, `ADDRESS_ID`) VALUES (345,'Alexa@protonmail.dk', 'Alexa', 'Filipsen', 345);
INSERT INTO `phone` (`DESCRIPTION`, `NUMBER`, `OWNER_ID`) VALUES ('work', '10299096', 345);
INSERT INTO `hobby_person` (`hobbies_ID`, `persons_ID`) VALUES (3, 345);
INSERT INTO `address` (`INFORMATION`, `STREET`, `CITY_ID`) VALUES ('stuen', 'Hjortekærsvej', 2);
INSERT INTO `person` (`ID`, `EMAIL`, `FIRSTNAME`, `LASTNAME`, `ADDRESS_ID`) VALUES (346,'Alexa@hotmail.com', 'Alexa', 'Thomassen', 346);
INSERT INTO `phone` (`DESCRIPTION`, `NUMBER`, `OWNER_ID`) VALUES ('home', '81277937', 346);
INSERT INTO `hobby_person` (`hobbies_ID`, `persons_ID`) VALUES (1, 346);
INSERT INTO `address` (`INFORMATION`, `STREET`, `CITY_ID`) VALUES ('2. tv', 'Kullevej', 394);
INSERT INTO `person` (`ID`, `EMAIL`, `FIRSTNAME`, `LASTNAME`, `ADDRESS_ID`) VALUES (347,'Christoffer@zoho.dk', 'Christoffer', 'Alexandersen', 347);
INSERT INTO `phone` (`DESCRIPTION`, `NUMBER`, `OWNER_ID`) VALUES ('work', '97693349', 347);
INSERT INTO `hobby_person` (`hobbies_ID`, `persons_ID`) VALUES (5, 347);
INSERT INTO `address` (`INFORMATION`, `STREET`, `CITY_ID`) VALUES ('1. th', 'Østgaardsvej', 363);
INSERT INTO `person` (`ID`, `EMAIL`, `FIRSTNAME`, `LASTNAME`, `ADDRESS_ID`) VALUES (348,'Maria@gmail.com', 'Maria', 'Christoffersen', 348);
INSERT INTO `phone` (`DESCRIPTION`, `NUMBER`, `OWNER_ID`) VALUES ('mobile', '53179059', 348);
INSERT INTO `hobby_person` (`hobbies_ID`, `persons_ID`) VALUES (2, 348);
INSERT INTO `address` (`INFORMATION`, `STREET`, `CITY_ID`) VALUES ('2. th', 'Møllevangen', 570);
INSERT INTO `person` (`ID`, `EMAIL`, `FIRSTNAME`, `LASTNAME`, `ADDRESS_ID`) VALUES (349,'Alexa@hotmail.eu', 'Alexa', 'Vestergaard', 349);
INSERT INTO `phone` (`DESCRIPTION`, `NUMBER`, `OWNER_ID`) VALUES ('home', '51355842', 349);
INSERT INTO `hobby_person` (`hobbies_ID`, `persons_ID`) VALUES (1, 349);
INSERT INTO `address` (`INFORMATION`, `STREET`, `CITY_ID`) VALUES ('2. tv', 'Milanovicvej', 483);
INSERT INTO `person` (`ID`, `EMAIL`, `FIRSTNAME`, `LASTNAME`, `ADDRESS_ID`) VALUES (350,'Alexander@outlook.eu', 'Alexander', 'Stevensen', 350);
INSERT INTO `phone` (`DESCRIPTION`, `NUMBER`, `OWNER_ID`) VALUES ('mobile', '65290045', 350);
INSERT INTO `hobby_person` (`hobbies_ID`, `persons_ID`) VALUES (2, 350);
INSERT INTO `address` (`INFORMATION`, `STREET`, `CITY_ID`) VALUES ('1. th', 'Møllevangen', 297);
INSERT INTO `person` (`ID`, `EMAIL`, `FIRSTNAME`, `LASTNAME`, `ADDRESS_ID`) VALUES (351,'Alexa@outlook.dk', 'Alexa', 'Simonsen', 351);
INSERT INTO `phone` (`DESCRIPTION`, `NUMBER`, `OWNER_ID`) VALUES ('mobile', '84501451', 351);
INSERT INTO `hobby_person` (`hobbies_ID`, `persons_ID`) VALUES (5, 351);
INSERT INTO `address` (`INFORMATION`, `STREET`, `CITY_ID`) VALUES ('1. th', 'Hjortekærsvej', 605);
INSERT INTO `person` (`ID`, `EMAIL`, `FIRSTNAME`, `LASTNAME`, `ADDRESS_ID`) VALUES (352,'Kasper@protonmail.com', 'Kasper', 'Christoffersen', 352);
INSERT INTO `phone` (`DESCRIPTION`, `NUMBER`, `OWNER_ID`) VALUES ('work', '70062551', 352);
INSERT INTO `hobby_person` (`hobbies_ID`, `persons_ID`) VALUES (4, 352);
INSERT INTO `address` (`INFORMATION`, `STREET`, `CITY_ID`) VALUES ('1. th', 'Hjortekærsvej', 1050);
INSERT INTO `person` (`ID`, `EMAIL`, `FIRSTNAME`, `LASTNAME`, `ADDRESS_ID`) VALUES (353,'Mikkel@gmail.dk', 'Mikkel', 'Christoffersen', 353);
INSERT INTO `phone` (`DESCRIPTION`, `NUMBER`, `OWNER_ID`) VALUES ('work', '47297808', 353);
INSERT INTO `hobby_person` (`hobbies_ID`, `persons_ID`) VALUES (4, 353);
INSERT INTO `address` (`INFORMATION`, `STREET`, `CITY_ID`) VALUES ('2. tv', 'Kronhjortevej', 801);
INSERT INTO `person` (`ID`, `EMAIL`, `FIRSTNAME`, `LASTNAME`, `ADDRESS_ID`) VALUES (354,'Simon@yahoo.com', 'Simon', 'Runesen', 354);
INSERT INTO `phone` (`DESCRIPTION`, `NUMBER`, `OWNER_ID`) VALUES ('work', '38975077', 354);
INSERT INTO `hobby_person` (`hobbies_ID`, `persons_ID`) VALUES (3, 354);
INSERT INTO `address` (`INFORMATION`, `STREET`, `CITY_ID`) VALUES ('2. tv', 'Milanovicvej', 163);
INSERT INTO `person` (`ID`, `EMAIL`, `FIRSTNAME`, `LASTNAME`, `ADDRESS_ID`) VALUES (355,'Steven@hotmail.eu', 'Steven', 'Filipovic', 355);
INSERT INTO `phone` (`DESCRIPTION`, `NUMBER`, `OWNER_ID`) VALUES ('work', '6271904', 355);
INSERT INTO `hobby_person` (`hobbies_ID`, `persons_ID`) VALUES (5, 355);
INSERT INTO `address` (`INFORMATION`, `STREET`, `CITY_ID`) VALUES ('2. tv', 'Kronhjortevej', 40);
INSERT INTO `person` (`ID`, `EMAIL`, `FIRSTNAME`, `LASTNAME`, `ADDRESS_ID`) VALUES (356,'Kim@gmail.eu', 'Kim', 'Thomassen', 356);
INSERT INTO `phone` (`DESCRIPTION`, `NUMBER`, `OWNER_ID`) VALUES ('work', '99978978', 356);
INSERT INTO `hobby_person` (`hobbies_ID`, `persons_ID`) VALUES (3, 356);
INSERT INTO `address` (`INFORMATION`, `STREET`, `CITY_ID`) VALUES ('2. th', 'Kronhjortevej', 1341);
INSERT INTO `person` (`ID`, `EMAIL`, `FIRSTNAME`, `LASTNAME`, `ADDRESS_ID`) VALUES (357,'Steven@protonmail.dk', 'Steven', 'Jonassen', 357);
INSERT INTO `phone` (`DESCRIPTION`, `NUMBER`, `OWNER_ID`) VALUES ('mobile', '62084503', 357);
INSERT INTO `hobby_person` (`hobbies_ID`, `persons_ID`) VALUES (5, 357);
INSERT INTO `address` (`INFORMATION`, `STREET`, `CITY_ID`) VALUES ('1. tv', 'Østgaardsvej', 185);
INSERT INTO `person` (`ID`, `EMAIL`, `FIRSTNAME`, `LASTNAME`, `ADDRESS_ID`) VALUES (358,'Kristian@hotmail.com', 'Kristian', 'Filipovic', 358);
INSERT INTO `phone` (`DESCRIPTION`, `NUMBER`, `OWNER_ID`) VALUES ('mobile', '35835778', 358);
INSERT INTO `hobby_person` (`hobbies_ID`, `persons_ID`) VALUES (4, 358);
INSERT INTO `address` (`INFORMATION`, `STREET`, `CITY_ID`) VALUES ('stuen', 'Kronhjortevej', 523);
INSERT INTO `person` (`ID`, `EMAIL`, `FIRSTNAME`, `LASTNAME`, `ADDRESS_ID`) VALUES (359,'Kim@zoho.dk', 'Kim', 'Stevensen', 359);
INSERT INTO `phone` (`DESCRIPTION`, `NUMBER`, `OWNER_ID`) VALUES ('work', '72535878', 359);
INSERT INTO `hobby_person` (`hobbies_ID`, `persons_ID`) VALUES (3, 359);
INSERT INTO `address` (`INFORMATION`, `STREET`, `CITY_ID`) VALUES ('1. tv', 'Kronhjortevej', 1195);
INSERT INTO `person` (`ID`, `EMAIL`, `FIRSTNAME`, `LASTNAME`, `ADDRESS_ID`) VALUES (360,'Kim@hotmail.com', 'Kim', 'Thomassen', 360);
INSERT INTO `phone` (`DESCRIPTION`, `NUMBER`, `OWNER_ID`) VALUES ('mobile', '79417393', 360);
INSERT INTO `hobby_person` (`hobbies_ID`, `persons_ID`) VALUES (3, 360);
INSERT INTO `address` (`INFORMATION`, `STREET`, `CITY_ID`) VALUES ('1. th', 'Østgaardsvej', 37);
INSERT INTO `person` (`ID`, `EMAIL`, `FIRSTNAME`, `LASTNAME`, `ADDRESS_ID`) VALUES (361,'Mikkel@hotmail.com', 'Mikkel', 'Stevensen', 361);
INSERT INTO `phone` (`DESCRIPTION`, `NUMBER`, `OWNER_ID`) VALUES ('mobile', '92862220', 361);
INSERT INTO `hobby_person` (`hobbies_ID`, `persons_ID`) VALUES (4, 361);
INSERT INTO `address` (`INFORMATION`, `STREET`, `CITY_ID`) VALUES ('1. tv', 'Hjortekærsvej', 375);
INSERT INTO `person` (`ID`, `EMAIL`, `FIRSTNAME`, `LASTNAME`, `ADDRESS_ID`) VALUES (362,'Kim@hotmail.com', 'Kim', 'Runesen', 362);
INSERT INTO `phone` (`DESCRIPTION`, `NUMBER`, `OWNER_ID`) VALUES ('home', '38335251', 362);
INSERT INTO `hobby_person` (`hobbies_ID`, `persons_ID`) VALUES (3, 362);
INSERT INTO `address` (`INFORMATION`, `STREET`, `CITY_ID`) VALUES ('2. th', 'Østgaardsvej', 818);
INSERT INTO `person` (`ID`, `EMAIL`, `FIRSTNAME`, `LASTNAME`, `ADDRESS_ID`) VALUES (363,'Maria@protonmail.eu', 'Maria', 'Kaspersen', 363);
INSERT INTO `phone` (`DESCRIPTION`, `NUMBER`, `OWNER_ID`) VALUES ('home', '88452860', 363);
INSERT INTO `hobby_person` (`hobbies_ID`, `persons_ID`) VALUES (5, 363);
INSERT INTO `address` (`INFORMATION`, `STREET`, `CITY_ID`) VALUES ('1. th', 'Kronhjortevej', 741);
INSERT INTO `person` (`ID`, `EMAIL`, `FIRSTNAME`, `LASTNAME`, `ADDRESS_ID`) VALUES (364,'Thomas@gmail.com', 'Thomas', 'Runesen', 364);
INSERT INTO `phone` (`DESCRIPTION`, `NUMBER`, `OWNER_ID`) VALUES ('mobile', '36303111', 364);
INSERT INTO `hobby_person` (`hobbies_ID`, `persons_ID`) VALUES (2, 364);
INSERT INTO `address` (`INFORMATION`, `STREET`, `CITY_ID`) VALUES ('2. tv', 'Milanovicvej', 1293);
INSERT INTO `person` (`ID`, `EMAIL`, `FIRSTNAME`, `LASTNAME`, `ADDRESS_ID`) VALUES (365,'Kristian@hotmail.eu', 'Kristian', 'Vestergaard', 365);
INSERT INTO `phone` (`DESCRIPTION`, `NUMBER`, `OWNER_ID`) VALUES ('work', '9481376', 365);
INSERT INTO `hobby_person` (`hobbies_ID`, `persons_ID`) VALUES (4, 365);
INSERT INTO `address` (`INFORMATION`, `STREET`, `CITY_ID`) VALUES ('stuen', 'Milanovicvej', 137);
INSERT INTO `person` (`ID`, `EMAIL`, `FIRSTNAME`, `LASTNAME`, `ADDRESS_ID`) VALUES (366,'Kasper@protonmail.dk', 'Kasper', 'Jonassen', 366);
INSERT INTO `phone` (`DESCRIPTION`, `NUMBER`, `OWNER_ID`) VALUES ('work', '8055273', 366);
INSERT INTO `hobby_person` (`hobbies_ID`, `persons_ID`) VALUES (5, 366);
INSERT INTO `address` (`INFORMATION`, `STREET`, `CITY_ID`) VALUES ('stuen', 'Milanovicvej', 20);
INSERT INTO `person` (`ID`, `EMAIL`, `FIRSTNAME`, `LASTNAME`, `ADDRESS_ID`) VALUES (367,'Christoffer@outlook.eu', 'Christoffer', 'Mikkelsen', 367);
INSERT INTO `phone` (`DESCRIPTION`, `NUMBER`, `OWNER_ID`) VALUES ('home', '7809612', 367);
INSERT INTO `hobby_person` (`hobbies_ID`, `persons_ID`) VALUES (4, 367);
INSERT INTO `address` (`INFORMATION`, `STREET`, `CITY_ID`) VALUES ('stuen', 'Milanovicvej', 624);
INSERT INTO `person` (`ID`, `EMAIL`, `FIRSTNAME`, `LASTNAME`, `ADDRESS_ID`) VALUES (368,'Kasper@protonmail.eu', 'Kasper', 'Simonsen', 368);
INSERT INTO `phone` (`DESCRIPTION`, `NUMBER`, `OWNER_ID`) VALUES ('mobile', '68532415', 368);
INSERT INTO `hobby_person` (`hobbies_ID`, `persons_ID`) VALUES (5, 368);
INSERT INTO `address` (`INFORMATION`, `STREET`, `CITY_ID`) VALUES ('1. tv', 'Kullevej', 105);
INSERT INTO `person` (`ID`, `EMAIL`, `FIRSTNAME`, `LASTNAME`, `ADDRESS_ID`) VALUES (369,'Thomas@outlook.com', 'Thomas', 'Jonassen', 369);
INSERT INTO `phone` (`DESCRIPTION`, `NUMBER`, `OWNER_ID`) VALUES ('home', '98643949', 369);
INSERT INTO `hobby_person` (`hobbies_ID`, `persons_ID`) VALUES (4, 369);
INSERT INTO `address` (`INFORMATION`, `STREET`, `CITY_ID`) VALUES ('stuen', 'Milanovicvej', 94);
INSERT INTO `person` (`ID`, `EMAIL`, `FIRSTNAME`, `LASTNAME`, `ADDRESS_ID`) VALUES (370,'Christoffer@zoho.eu', 'Christoffer', 'Vestergaard', 370);
INSERT INTO `phone` (`DESCRIPTION`, `NUMBER`, `OWNER_ID`) VALUES ('mobile', '55453686', 370);
INSERT INTO `hobby_person` (`hobbies_ID`, `persons_ID`) VALUES (2, 370);
INSERT INTO `address` (`INFORMATION`, `STREET`, `CITY_ID`) VALUES ('2. th', 'Kullevej', 882);
INSERT INTO `person` (`ID`, `EMAIL`, `FIRSTNAME`, `LASTNAME`, `ADDRESS_ID`) VALUES (371,'Bob@gmail.com', 'Bob', 'Mikkelsen', 371);
INSERT INTO `phone` (`DESCRIPTION`, `NUMBER`, `OWNER_ID`) VALUES ('mobile', '3374092', 371);
INSERT INTO `hobby_person` (`hobbies_ID`, `persons_ID`) VALUES (1, 371);
INSERT INTO `address` (`INFORMATION`, `STREET`, `CITY_ID`) VALUES ('2. th', 'Ryllevej', 1190);
INSERT INTO `person` (`ID`, `EMAIL`, `FIRSTNAME`, `LASTNAME`, `ADDRESS_ID`) VALUES (372,'Steven@yahoo.com', 'Steven', 'Filipovic', 372);
INSERT INTO `phone` (`DESCRIPTION`, `NUMBER`, `OWNER_ID`) VALUES ('home', '43636759', 372);
INSERT INTO `hobby_person` (`hobbies_ID`, `persons_ID`) VALUES (1, 372);
INSERT INTO `address` (`INFORMATION`, `STREET`, `CITY_ID`) VALUES ('1. tv', 'Østgaardsvej', 1227);
INSERT INTO `person` (`ID`, `EMAIL`, `FIRSTNAME`, `LASTNAME`, `ADDRESS_ID`) VALUES (373,'Kristian@outlook.dk', 'Kristian', 'Alexandersen', 373);
INSERT INTO `phone` (`DESCRIPTION`, `NUMBER`, `OWNER_ID`) VALUES ('home', '24465719', 373);
INSERT INTO `hobby_person` (`hobbies_ID`, `persons_ID`) VALUES (3, 373);
INSERT INTO `address` (`INFORMATION`, `STREET`, `CITY_ID`) VALUES ('stuen', 'Kullevej', 315);
INSERT INTO `person` (`ID`, `EMAIL`, `FIRSTNAME`, `LASTNAME`, `ADDRESS_ID`) VALUES (374,'Steven@protonmail.com', 'Steven', 'Mikkelsen', 374);
INSERT INTO `phone` (`DESCRIPTION`, `NUMBER`, `OWNER_ID`) VALUES ('home', '97262182', 374);
INSERT INTO `hobby_person` (`hobbies_ID`, `persons_ID`) VALUES (2, 374);
INSERT INTO `address` (`INFORMATION`, `STREET`, `CITY_ID`) VALUES ('stuen', 'Østgaardsvej', 981);
INSERT INTO `person` (`ID`, `EMAIL`, `FIRSTNAME`, `LASTNAME`, `ADDRESS_ID`) VALUES (375,'Steven@yahoo.dk', 'Steven', 'Behrendt', 375);
INSERT INTO `phone` (`DESCRIPTION`, `NUMBER`, `OWNER_ID`) VALUES ('home', '40887385', 375);
INSERT INTO `hobby_person` (`hobbies_ID`, `persons_ID`) VALUES (1, 375);
INSERT INTO `address` (`INFORMATION`, `STREET`, `CITY_ID`) VALUES ('1. tv', 'Hjortekærsvej', 331);
INSERT INTO `person` (`ID`, `EMAIL`, `FIRSTNAME`, `LASTNAME`, `ADDRESS_ID`) VALUES (376,'Kim@outlook.dk', 'Kim', 'Thomassen', 376);
INSERT INTO `phone` (`DESCRIPTION`, `NUMBER`, `OWNER_ID`) VALUES ('mobile', '36101682', 376);
INSERT INTO `hobby_person` (`hobbies_ID`, `persons_ID`) VALUES (2, 376);
INSERT INTO `address` (`INFORMATION`, `STREET`, `CITY_ID`) VALUES ('2. th', 'Møllevangen', 694);
INSERT INTO `person` (`ID`, `EMAIL`, `FIRSTNAME`, `LASTNAME`, `ADDRESS_ID`) VALUES (377,'Rune@gmail.com', 'Rune', 'Behrendt', 377);
INSERT INTO `phone` (`DESCRIPTION`, `NUMBER`, `OWNER_ID`) VALUES ('work', '145508', 377);
INSERT INTO `hobby_person` (`hobbies_ID`, `persons_ID`) VALUES (5, 377);
INSERT INTO `address` (`INFORMATION`, `STREET`, `CITY_ID`) VALUES ('stuen', 'Kronhjortevej', 762);
INSERT INTO `person` (`ID`, `EMAIL`, `FIRSTNAME`, `LASTNAME`, `ADDRESS_ID`) VALUES (378,'Ida@zoho.dk', 'Ida', 'Bobsen', 378);
INSERT INTO `phone` (`DESCRIPTION`, `NUMBER`, `OWNER_ID`) VALUES ('work', '44820839', 378);
INSERT INTO `hobby_person` (`hobbies_ID`, `persons_ID`) VALUES (3, 378);
INSERT INTO `address` (`INFORMATION`, `STREET`, `CITY_ID`) VALUES ('1. tv', 'Ryllevej', 199);
INSERT INTO `person` (`ID`, `EMAIL`, `FIRSTNAME`, `LASTNAME`, `ADDRESS_ID`) VALUES (379,'Mikkel@zoho.dk', 'Mikkel', 'Mikkelsen', 379);
INSERT INTO `phone` (`DESCRIPTION`, `NUMBER`, `OWNER_ID`) VALUES ('work', '18301270', 379);
INSERT INTO `hobby_person` (`hobbies_ID`, `persons_ID`) VALUES (3, 379);
INSERT INTO `address` (`INFORMATION`, `STREET`, `CITY_ID`) VALUES ('1. tv', 'Milanovicvej', 347);
INSERT INTO `person` (`ID`, `EMAIL`, `FIRSTNAME`, `LASTNAME`, `ADDRESS_ID`) VALUES (380,'Steven@protonmail.com', 'Steven', 'Alexandersen', 380);
INSERT INTO `phone` (`DESCRIPTION`, `NUMBER`, `OWNER_ID`) VALUES ('home', '74165726', 380);
INSERT INTO `hobby_person` (`hobbies_ID`, `persons_ID`) VALUES (3, 380);
INSERT INTO `address` (`INFORMATION`, `STREET`, `CITY_ID`) VALUES ('2. tv', 'Kullevej', 792);
INSERT INTO `person` (`ID`, `EMAIL`, `FIRSTNAME`, `LASTNAME`, `ADDRESS_ID`) VALUES (381,'Jonas@outlook.dk', 'Jonas', 'Filipovic', 381);
INSERT INTO `phone` (`DESCRIPTION`, `NUMBER`, `OWNER_ID`) VALUES ('work', '68048103', 381);
INSERT INTO `hobby_person` (`hobbies_ID`, `persons_ID`) VALUES (2, 381);
INSERT INTO `address` (`INFORMATION`, `STREET`, `CITY_ID`) VALUES ('2. tv', 'Milanovicvej', 979);
INSERT INTO `person` (`ID`, `EMAIL`, `FIRSTNAME`, `LASTNAME`, `ADDRESS_ID`) VALUES (382,'Christoffer@gmail.dk', 'Christoffer', 'Kristiansen', 382);
INSERT INTO `phone` (`DESCRIPTION`, `NUMBER`, `OWNER_ID`) VALUES ('work', '41382546', 382);
INSERT INTO `hobby_person` (`hobbies_ID`, `persons_ID`) VALUES (3, 382);
INSERT INTO `address` (`INFORMATION`, `STREET`, `CITY_ID`) VALUES ('1. th', 'Møllevangen', 251);
INSERT INTO `person` (`ID`, `EMAIL`, `FIRSTNAME`, `LASTNAME`, `ADDRESS_ID`) VALUES (383,'Mia@protonmail.com', 'Mia', 'Kristiansen', 383);
INSERT INTO `phone` (`DESCRIPTION`, `NUMBER`, `OWNER_ID`) VALUES ('home', '18506860', 383);
INSERT INTO `hobby_person` (`hobbies_ID`, `persons_ID`) VALUES (3, 383);
INSERT INTO `address` (`INFORMATION`, `STREET`, `CITY_ID`) VALUES ('2. th', 'Kronhjortevej', 230);
INSERT INTO `person` (`ID`, `EMAIL`, `FIRSTNAME`, `LASTNAME`, `ADDRESS_ID`) VALUES (384,'Alexa@zoho.eu', 'Alexa', 'Thomassen', 384);
INSERT INTO `phone` (`DESCRIPTION`, `NUMBER`, `OWNER_ID`) VALUES ('work', '45356768', 384);
INSERT INTO `hobby_person` (`hobbies_ID`, `persons_ID`) VALUES (2, 384);
INSERT INTO `address` (`INFORMATION`, `STREET`, `CITY_ID`) VALUES ('1. th', 'Ryllevej', 883);
INSERT INTO `person` (`ID`, `EMAIL`, `FIRSTNAME`, `LASTNAME`, `ADDRESS_ID`) VALUES (385,'Bob@hotmail.com', 'Bob', 'Stevensen', 385);
INSERT INTO `phone` (`DESCRIPTION`, `NUMBER`, `OWNER_ID`) VALUES ('home', '52894953', 385);
INSERT INTO `hobby_person` (`hobbies_ID`, `persons_ID`) VALUES (1, 385);
INSERT INTO `address` (`INFORMATION`, `STREET`, `CITY_ID`) VALUES ('1. tv', 'Kullevej', 547);
INSERT INTO `person` (`ID`, `EMAIL`, `FIRSTNAME`, `LASTNAME`, `ADDRESS_ID`) VALUES (386,'Christoffer@zoho.eu', 'Christoffer', 'Thomassen', 386);
INSERT INTO `phone` (`DESCRIPTION`, `NUMBER`, `OWNER_ID`) VALUES ('work', '17523203', 386);
INSERT INTO `hobby_person` (`hobbies_ID`, `persons_ID`) VALUES (1, 386);
INSERT INTO `address` (`INFORMATION`, `STREET`, `CITY_ID`) VALUES ('2. th', 'Milanovicvej', 134);
INSERT INTO `person` (`ID`, `EMAIL`, `FIRSTNAME`, `LASTNAME`, `ADDRESS_ID`) VALUES (387,'Ida@yahoo.dk', 'Ida', 'Runesen', 387);
INSERT INTO `phone` (`DESCRIPTION`, `NUMBER`, `OWNER_ID`) VALUES ('home', '51337320', 387);
INSERT INTO `hobby_person` (`hobbies_ID`, `persons_ID`) VALUES (1, 387);
INSERT INTO `address` (`INFORMATION`, `STREET`, `CITY_ID`) VALUES ('2. th', 'Milanovicvej', 933);
INSERT INTO `person` (`ID`, `EMAIL`, `FIRSTNAME`, `LASTNAME`, `ADDRESS_ID`) VALUES (388,'Kasper@yahoo.dk', 'Kasper', 'Simonsen', 388);
INSERT INTO `phone` (`DESCRIPTION`, `NUMBER`, `OWNER_ID`) VALUES ('home', '71768054', 388);
INSERT INTO `hobby_person` (`hobbies_ID`, `persons_ID`) VALUES (4, 388);
INSERT INTO `address` (`INFORMATION`, `STREET`, `CITY_ID`) VALUES ('2. tv', 'Hjortekærsvej', 621);
INSERT INTO `person` (`ID`, `EMAIL`, `FIRSTNAME`, `LASTNAME`, `ADDRESS_ID`) VALUES (389,'Steven@yahoo.com', 'Steven', 'Kristiansen', 389);
INSERT INTO `phone` (`DESCRIPTION`, `NUMBER`, `OWNER_ID`) VALUES ('home', '50582032', 389);
INSERT INTO `hobby_person` (`hobbies_ID`, `persons_ID`) VALUES (5, 389);
INSERT INTO `address` (`INFORMATION`, `STREET`, `CITY_ID`) VALUES ('stuen', 'Ryllevej', 837);
INSERT INTO `person` (`ID`, `EMAIL`, `FIRSTNAME`, `LASTNAME`, `ADDRESS_ID`) VALUES (390,'Kirsten@zoho.com', 'Kirsten', 'Vestergaard', 390);
INSERT INTO `phone` (`DESCRIPTION`, `NUMBER`, `OWNER_ID`) VALUES ('mobile', '86006106', 390);
INSERT INTO `hobby_person` (`hobbies_ID`, `persons_ID`) VALUES (1, 390);
INSERT INTO `address` (`INFORMATION`, `STREET`, `CITY_ID`) VALUES ('2. tv', 'Kullevej', 66);
INSERT INTO `person` (`ID`, `EMAIL`, `FIRSTNAME`, `LASTNAME`, `ADDRESS_ID`) VALUES (391,'Alexa@zoho.eu', 'Alexa', 'Filipsen', 391);
INSERT INTO `phone` (`DESCRIPTION`, `NUMBER`, `OWNER_ID`) VALUES ('work', '79447927', 391);
INSERT INTO `hobby_person` (`hobbies_ID`, `persons_ID`) VALUES (3, 391);
INSERT INTO `address` (`INFORMATION`, `STREET`, `CITY_ID`) VALUES ('2. th', 'Milanovicvej', 36);
INSERT INTO `person` (`ID`, `EMAIL`, `FIRSTNAME`, `LASTNAME`, `ADDRESS_ID`) VALUES (392,'Kirsten@zoho.eu', 'Kirsten', 'Alexandersen', 392);
INSERT INTO `phone` (`DESCRIPTION`, `NUMBER`, `OWNER_ID`) VALUES ('work', '59310571', 392);
INSERT INTO `hobby_person` (`hobbies_ID`, `persons_ID`) VALUES (5, 392);
INSERT INTO `address` (`INFORMATION`, `STREET`, `CITY_ID`) VALUES ('1. th', 'Hjortekærsvej', 617);
INSERT INTO `person` (`ID`, `EMAIL`, `FIRSTNAME`, `LASTNAME`, `ADDRESS_ID`) VALUES (393,'Rune@outlook.dk', 'Rune', 'Filipovic', 393);
INSERT INTO `phone` (`DESCRIPTION`, `NUMBER`, `OWNER_ID`) VALUES ('mobile', '91920685', 393);
INSERT INTO `hobby_person` (`hobbies_ID`, `persons_ID`) VALUES (5, 393);
INSERT INTO `address` (`INFORMATION`, `STREET`, `CITY_ID`) VALUES ('stuen', 'Østgaardsvej', 597);
INSERT INTO `person` (`ID`, `EMAIL`, `FIRSTNAME`, `LASTNAME`, `ADDRESS_ID`) VALUES (394,'Jonas@gmail.eu', 'Jonas', 'Christoffersen', 394);
INSERT INTO `phone` (`DESCRIPTION`, `NUMBER`, `OWNER_ID`) VALUES ('home', '12536104', 394);
INSERT INTO `hobby_person` (`hobbies_ID`, `persons_ID`) VALUES (4, 394);
INSERT INTO `address` (`INFORMATION`, `STREET`, `CITY_ID`) VALUES ('2. tv', 'Hjortekærsvej', 912);
INSERT INTO `person` (`ID`, `EMAIL`, `FIRSTNAME`, `LASTNAME`, `ADDRESS_ID`) VALUES (395,'Filip@gmail.dk', 'Filip', 'Filipsen', 395);
INSERT INTO `phone` (`DESCRIPTION`, `NUMBER`, `OWNER_ID`) VALUES ('home', '21778585', 395);
INSERT INTO `hobby_person` (`hobbies_ID`, `persons_ID`) VALUES (5, 395);
INSERT INTO `address` (`INFORMATION`, `STREET`, `CITY_ID`) VALUES ('2. th', 'Kullevej', 960);
INSERT INTO `person` (`ID`, `EMAIL`, `FIRSTNAME`, `LASTNAME`, `ADDRESS_ID`) VALUES (396,'Kim@zoho.eu', 'Kim', 'Kaspersen', 396);
INSERT INTO `phone` (`DESCRIPTION`, `NUMBER`, `OWNER_ID`) VALUES ('work', '15527997', 396);
INSERT INTO `hobby_person` (`hobbies_ID`, `persons_ID`) VALUES (1, 396);
INSERT INTO `address` (`INFORMATION`, `STREET`, `CITY_ID`) VALUES ('stuen', 'Ryllevej', 641);
INSERT INTO `person` (`ID`, `EMAIL`, `FIRSTNAME`, `LASTNAME`, `ADDRESS_ID`) VALUES (397,'Ida@outlook.eu', 'Ida', 'Filipsen', 397);
INSERT INTO `phone` (`DESCRIPTION`, `NUMBER`, `OWNER_ID`) VALUES ('work', '20796002', 397);
INSERT INTO `hobby_person` (`hobbies_ID`, `persons_ID`) VALUES (4, 397);
INSERT INTO `address` (`INFORMATION`, `STREET`, `CITY_ID`) VALUES ('stuen', 'Milanovicvej', 545);
INSERT INTO `person` (`ID`, `EMAIL`, `FIRSTNAME`, `LASTNAME`, `ADDRESS_ID`) VALUES (398,'Kirsten@zoho.com', 'Kirsten', 'Runesen', 398);
INSERT INTO `phone` (`DESCRIPTION`, `NUMBER`, `OWNER_ID`) VALUES ('mobile', '83278425', 398);
INSERT INTO `hobby_person` (`hobbies_ID`, `persons_ID`) VALUES (5, 398);
INSERT INTO `address` (`INFORMATION`, `STREET`, `CITY_ID`) VALUES ('2. tv', 'Østgaardsvej', 39);
INSERT INTO `person` (`ID`, `EMAIL`, `FIRSTNAME`, `LASTNAME`, `ADDRESS_ID`) VALUES (399,'Simon@protonmail.com', 'Simon', 'Simonsen', 399);
INSERT INTO `phone` (`DESCRIPTION`, `NUMBER`, `OWNER_ID`) VALUES ('mobile', '7866009', 399);
INSERT INTO `hobby_person` (`hobbies_ID`, `persons_ID`) VALUES (4, 399);
INSERT INTO `address` (`INFORMATION`, `STREET`, `CITY_ID`) VALUES ('1. tv', 'Møllevangen', 992);
INSERT INTO `person` (`ID`, `EMAIL`, `FIRSTNAME`, `LASTNAME`, `ADDRESS_ID`) VALUES (400,'Mikkel@zoho.eu', 'Mikkel', 'Christoffersen', 400);
INSERT INTO `phone` (`DESCRIPTION`, `NUMBER`, `OWNER_ID`) VALUES ('work', '5951255', 400);
INSERT INTO `hobby_person` (`hobbies_ID`, `persons_ID`) VALUES (3, 400);
INSERT INTO `address` (`INFORMATION`, `STREET`, `CITY_ID`) VALUES ('2. tv', 'Milanovicvej', 910);
INSERT INTO `person` (`ID`, `EMAIL`, `FIRSTNAME`, `LASTNAME`, `ADDRESS_ID`) VALUES (401,'Jonas@zoho.com', 'Jonas', 'Simonsen', 401);
INSERT INTO `phone` (`DESCRIPTION`, `NUMBER`, `OWNER_ID`) VALUES ('mobile', '34283398', 401);
INSERT INTO `hobby_person` (`hobbies_ID`, `persons_ID`) VALUES (3, 401);
INSERT INTO `address` (`INFORMATION`, `STREET`, `CITY_ID`) VALUES ('stuen', 'Hjortekærsvej', 515);
INSERT INTO `person` (`ID`, `EMAIL`, `FIRSTNAME`, `LASTNAME`, `ADDRESS_ID`) VALUES (402,'Mikkel@hotmail.com', 'Mikkel', 'Kristiansen', 402);
INSERT INTO `phone` (`DESCRIPTION`, `NUMBER`, `OWNER_ID`) VALUES ('mobile', '81601043', 402);
INSERT INTO `hobby_person` (`hobbies_ID`, `persons_ID`) VALUES (4, 402);
INSERT INTO `address` (`INFORMATION`, `STREET`, `CITY_ID`) VALUES ('1. tv', 'Kullevej', 531);
INSERT INTO `person` (`ID`, `EMAIL`, `FIRSTNAME`, `LASTNAME`, `ADDRESS_ID`) VALUES (403,'Filip@yahoo.dk', 'Filip', 'Stevensen', 403);
INSERT INTO `phone` (`DESCRIPTION`, `NUMBER`, `OWNER_ID`) VALUES ('mobile', '9345750', 403);
INSERT INTO `hobby_person` (`hobbies_ID`, `persons_ID`) VALUES (1, 403);
INSERT INTO `address` (`INFORMATION`, `STREET`, `CITY_ID`) VALUES ('1. tv', 'Hjortekærsvej', 246);
INSERT INTO `person` (`ID`, `EMAIL`, `FIRSTNAME`, `LASTNAME`, `ADDRESS_ID`) VALUES (404,'Bob@zoho.dk', 'Bob', 'Filipsen', 404);
INSERT INTO `phone` (`DESCRIPTION`, `NUMBER`, `OWNER_ID`) VALUES ('home', '60990903', 404);
INSERT INTO `hobby_person` (`hobbies_ID`, `persons_ID`) VALUES (4, 404);
INSERT INTO `address` (`INFORMATION`, `STREET`, `CITY_ID`) VALUES ('2. th', 'Milanovicvej', 268);
INSERT INTO `person` (`ID`, `EMAIL`, `FIRSTNAME`, `LASTNAME`, `ADDRESS_ID`) VALUES (405,'Solveig@outlook.dk', 'Solveig', 'Runesen', 405);
INSERT INTO `phone` (`DESCRIPTION`, `NUMBER`, `OWNER_ID`) VALUES ('home', '20370205', 405);
INSERT INTO `hobby_person` (`hobbies_ID`, `persons_ID`) VALUES (5, 405);
INSERT INTO `address` (`INFORMATION`, `STREET`, `CITY_ID`) VALUES ('2. th', 'Ryllevej', 676);
INSERT INTO `person` (`ID`, `EMAIL`, `FIRSTNAME`, `LASTNAME`, `ADDRESS_ID`) VALUES (406,'Bob@zoho.eu', 'Bob', 'Kristiansen', 406);
INSERT INTO `phone` (`DESCRIPTION`, `NUMBER`, `OWNER_ID`) VALUES ('home', '21726999', 406);
INSERT INTO `hobby_person` (`hobbies_ID`, `persons_ID`) VALUES (1, 406);
INSERT INTO `address` (`INFORMATION`, `STREET`, `CITY_ID`) VALUES ('1. tv', 'Milanovicvej', 1321);
INSERT INTO `person` (`ID`, `EMAIL`, `FIRSTNAME`, `LASTNAME`, `ADDRESS_ID`) VALUES (407,'Jonas@protonmail.eu', 'Jonas', 'Simonsen', 407);
INSERT INTO `phone` (`DESCRIPTION`, `NUMBER`, `OWNER_ID`) VALUES ('home', '92623539', 407);
INSERT INTO `hobby_person` (`hobbies_ID`, `persons_ID`) VALUES (2, 407);
INSERT INTO `address` (`INFORMATION`, `STREET`, `CITY_ID`) VALUES ('1. th', 'Milanovicvej', 629);
INSERT INTO `person` (`ID`, `EMAIL`, `FIRSTNAME`, `LASTNAME`, `ADDRESS_ID`) VALUES (408,'Rune@gmail.com', 'Rune', 'Vestergaard', 408);
INSERT INTO `phone` (`DESCRIPTION`, `NUMBER`, `OWNER_ID`) VALUES ('mobile', '94184850', 408);
INSERT INTO `hobby_person` (`hobbies_ID`, `persons_ID`) VALUES (2, 408);
INSERT INTO `address` (`INFORMATION`, `STREET`, `CITY_ID`) VALUES ('1. th', 'Kronhjortevej', 1072);
INSERT INTO `person` (`ID`, `EMAIL`, `FIRSTNAME`, `LASTNAME`, `ADDRESS_ID`) VALUES (409,'Steven@outlook.com', 'Steven', 'Filipsen', 409);
INSERT INTO `phone` (`DESCRIPTION`, `NUMBER`, `OWNER_ID`) VALUES ('home', '2548961', 409);
INSERT INTO `hobby_person` (`hobbies_ID`, `persons_ID`) VALUES (1, 409);
INSERT INTO `address` (`INFORMATION`, `STREET`, `CITY_ID`) VALUES ('1. tv', 'Milanovicvej', 1136);
INSERT INTO `person` (`ID`, `EMAIL`, `FIRSTNAME`, `LASTNAME`, `ADDRESS_ID`) VALUES (410,'Solveig@zoho.eu', 'Solveig', 'Alexandersen', 410);
INSERT INTO `phone` (`DESCRIPTION`, `NUMBER`, `OWNER_ID`) VALUES ('work', '11198278', 410);
INSERT INTO `hobby_person` (`hobbies_ID`, `persons_ID`) VALUES (1, 410);
INSERT INTO `address` (`INFORMATION`, `STREET`, `CITY_ID`) VALUES ('2. tv', 'Kullevej', 295);
INSERT INTO `person` (`ID`, `EMAIL`, `FIRSTNAME`, `LASTNAME`, `ADDRESS_ID`) VALUES (411,'Christoffer@protonmail.com', 'Christoffer', 'Stevensen', 411);
INSERT INTO `phone` (`DESCRIPTION`, `NUMBER`, `OWNER_ID`) VALUES ('home', '48460761', 411);
INSERT INTO `hobby_person` (`hobbies_ID`, `persons_ID`) VALUES (4, 411);
INSERT INTO `address` (`INFORMATION`, `STREET`, `CITY_ID`) VALUES ('2. th', 'Ryllevej', 1235);
INSERT INTO `person` (`ID`, `EMAIL`, `FIRSTNAME`, `LASTNAME`, `ADDRESS_ID`) VALUES (412,'Ida@zoho.dk', 'Ida', 'Mikkelsen', 412);
INSERT INTO `phone` (`DESCRIPTION`, `NUMBER`, `OWNER_ID`) VALUES ('work', '48578299', 412);
INSERT INTO `hobby_person` (`hobbies_ID`, `persons_ID`) VALUES (1, 412);
INSERT INTO `address` (`INFORMATION`, `STREET`, `CITY_ID`) VALUES ('1. th', 'Østgaardsvej', 1347);
INSERT INTO `person` (`ID`, `EMAIL`, `FIRSTNAME`, `LASTNAME`, `ADDRESS_ID`) VALUES (413,'Simon@zoho.dk', 'Simon', 'Kaspersen', 413);
INSERT INTO `phone` (`DESCRIPTION`, `NUMBER`, `OWNER_ID`) VALUES ('home', '36350946', 413);
INSERT INTO `hobby_person` (`hobbies_ID`, `persons_ID`) VALUES (1, 413);
INSERT INTO `address` (`INFORMATION`, `STREET`, `CITY_ID`) VALUES ('stuen', 'Kronhjortevej', 1270);
INSERT INTO `person` (`ID`, `EMAIL`, `FIRSTNAME`, `LASTNAME`, `ADDRESS_ID`) VALUES (414,'Mia@outlook.eu', 'Mia', 'Alexandersen', 414);
INSERT INTO `phone` (`DESCRIPTION`, `NUMBER`, `OWNER_ID`) VALUES ('work', '48922758', 414);
INSERT INTO `hobby_person` (`hobbies_ID`, `persons_ID`) VALUES (1, 414);
INSERT INTO `address` (`INFORMATION`, `STREET`, `CITY_ID`) VALUES ('1. th', 'Hjortekærsvej', 567);
INSERT INTO `person` (`ID`, `EMAIL`, `FIRSTNAME`, `LASTNAME`, `ADDRESS_ID`) VALUES (415,'Alexa@outlook.dk', 'Alexa', 'Simonsen', 415);
INSERT INTO `phone` (`DESCRIPTION`, `NUMBER`, `OWNER_ID`) VALUES ('mobile', '90536234', 415);
INSERT INTO `hobby_person` (`hobbies_ID`, `persons_ID`) VALUES (2, 415);
INSERT INTO `address` (`INFORMATION`, `STREET`, `CITY_ID`) VALUES ('1. tv', 'Ryllevej', 886);
INSERT INTO `person` (`ID`, `EMAIL`, `FIRSTNAME`, `LASTNAME`, `ADDRESS_ID`) VALUES (416,'Kirsten@protonmail.eu', 'Kirsten', 'Stevensen', 416);
INSERT INTO `phone` (`DESCRIPTION`, `NUMBER`, `OWNER_ID`) VALUES ('work', '1245796', 416);
INSERT INTO `hobby_person` (`hobbies_ID`, `persons_ID`) VALUES (4, 416);
INSERT INTO `address` (`INFORMATION`, `STREET`, `CITY_ID`) VALUES ('2. th', 'Kullevej', 950);
INSERT INTO `person` (`ID`, `EMAIL`, `FIRSTNAME`, `LASTNAME`, `ADDRESS_ID`) VALUES (417,'Thomas@yahoo.com', 'Thomas', 'Jonassen', 417);
INSERT INTO `phone` (`DESCRIPTION`, `NUMBER`, `OWNER_ID`) VALUES ('home', '42016971', 417);
INSERT INTO `hobby_person` (`hobbies_ID`, `persons_ID`) VALUES (5, 417);
INSERT INTO `address` (`INFORMATION`, `STREET`, `CITY_ID`) VALUES ('stuen', 'Hjortekærsvej', 238);
INSERT INTO `person` (`ID`, `EMAIL`, `FIRSTNAME`, `LASTNAME`, `ADDRESS_ID`) VALUES (418,'Mikkel@zoho.eu', 'Mikkel', 'Filipovic', 418);
INSERT INTO `phone` (`DESCRIPTION`, `NUMBER`, `OWNER_ID`) VALUES ('home', '65806389', 418);
INSERT INTO `hobby_person` (`hobbies_ID`, `persons_ID`) VALUES (3, 418);
INSERT INTO `address` (`INFORMATION`, `STREET`, `CITY_ID`) VALUES ('2. th', 'Milanovicvej', 498);
INSERT INTO `person` (`ID`, `EMAIL`, `FIRSTNAME`, `LASTNAME`, `ADDRESS_ID`) VALUES (419,'Isabella@hotmail.eu', 'Isabella', 'Thomassen', 419);
INSERT INTO `phone` (`DESCRIPTION`, `NUMBER`, `OWNER_ID`) VALUES ('mobile', '76569247', 419);
INSERT INTO `hobby_person` (`hobbies_ID`, `persons_ID`) VALUES (5, 419);
INSERT INTO `address` (`INFORMATION`, `STREET`, `CITY_ID`) VALUES ('stuen', 'Ryllevej', 1112);
INSERT INTO `person` (`ID`, `EMAIL`, `FIRSTNAME`, `LASTNAME`, `ADDRESS_ID`) VALUES (420,'Thomas@zoho.com', 'Thomas', 'Alexandersen', 420);
INSERT INTO `phone` (`DESCRIPTION`, `NUMBER`, `OWNER_ID`) VALUES ('work', '62776874', 420);
INSERT INTO `hobby_person` (`hobbies_ID`, `persons_ID`) VALUES (1, 420);
INSERT INTO `address` (`INFORMATION`, `STREET`, `CITY_ID`) VALUES ('1. tv', 'Hjortekærsvej', 846);
INSERT INTO `person` (`ID`, `EMAIL`, `FIRSTNAME`, `LASTNAME`, `ADDRESS_ID`) VALUES (421,'Mikkel@hotmail.eu', 'Mikkel', 'Filipsen', 421);
INSERT INTO `phone` (`DESCRIPTION`, `NUMBER`, `OWNER_ID`) VALUES ('mobile', '66035217', 421);
INSERT INTO `hobby_person` (`hobbies_ID`, `persons_ID`) VALUES (5, 421);
INSERT INTO `address` (`INFORMATION`, `STREET`, `CITY_ID`) VALUES ('stuen', 'Kullevej', 874);
INSERT INTO `person` (`ID`, `EMAIL`, `FIRSTNAME`, `LASTNAME`, `ADDRESS_ID`) VALUES (422,'Alexa@gmail.eu', 'Alexa', 'Kaspersen', 422);
INSERT INTO `phone` (`DESCRIPTION`, `NUMBER`, `OWNER_ID`) VALUES ('mobile', '86903384', 422);
INSERT INTO `hobby_person` (`hobbies_ID`, `persons_ID`) VALUES (4, 422);
INSERT INTO `address` (`INFORMATION`, `STREET`, `CITY_ID`) VALUES ('2. th', 'Hjortekærsvej', 214);
INSERT INTO `person` (`ID`, `EMAIL`, `FIRSTNAME`, `LASTNAME`, `ADDRESS_ID`) VALUES (423,'Mia@outlook.eu', 'Mia', 'Vestergaard', 423);
INSERT INTO `phone` (`DESCRIPTION`, `NUMBER`, `OWNER_ID`) VALUES ('mobile', '60584190', 423);
INSERT INTO `hobby_person` (`hobbies_ID`, `persons_ID`) VALUES (2, 423);
INSERT INTO `address` (`INFORMATION`, `STREET`, `CITY_ID`) VALUES ('2. tv', 'Hjortekærsvej', 1221);
INSERT INTO `person` (`ID`, `EMAIL`, `FIRSTNAME`, `LASTNAME`, `ADDRESS_ID`) VALUES (424,'Alexander@protonmail.com', 'Alexander', 'Mikkelsen', 424);
INSERT INTO `phone` (`DESCRIPTION`, `NUMBER`, `OWNER_ID`) VALUES ('mobile', '14852903', 424);
INSERT INTO `hobby_person` (`hobbies_ID`, `persons_ID`) VALUES (5, 424);
INSERT INTO `address` (`INFORMATION`, `STREET`, `CITY_ID`) VALUES ('2. tv', 'Møllevangen', 799);
INSERT INTO `person` (`ID`, `EMAIL`, `FIRSTNAME`, `LASTNAME`, `ADDRESS_ID`) VALUES (425,'Alexander@zoho.eu', 'Alexander', 'Kristiansen', 425);
INSERT INTO `phone` (`DESCRIPTION`, `NUMBER`, `OWNER_ID`) VALUES ('home', '89043571', 425);
INSERT INTO `hobby_person` (`hobbies_ID`, `persons_ID`) VALUES (1, 425);
INSERT INTO `address` (`INFORMATION`, `STREET`, `CITY_ID`) VALUES ('1. tv', 'Hjortekærsvej', 7);
INSERT INTO `person` (`ID`, `EMAIL`, `FIRSTNAME`, `LASTNAME`, `ADDRESS_ID`) VALUES (426,'Kim@protonmail.dk', 'Kim', 'Jonassen', 426);
INSERT INTO `phone` (`DESCRIPTION`, `NUMBER`, `OWNER_ID`) VALUES ('home', '53628880', 426);
INSERT INTO `hobby_person` (`hobbies_ID`, `persons_ID`) VALUES (4, 426);
INSERT INTO `address` (`INFORMATION`, `STREET`, `CITY_ID`) VALUES ('2. tv', 'Kronhjortevej', 665);
INSERT INTO `person` (`ID`, `EMAIL`, `FIRSTNAME`, `LASTNAME`, `ADDRESS_ID`) VALUES (427,'Christoffer@zoho.eu', 'Christoffer', 'Filipovic', 427);
INSERT INTO `phone` (`DESCRIPTION`, `NUMBER`, `OWNER_ID`) VALUES ('work', '31405896', 427);
INSERT INTO `hobby_person` (`hobbies_ID`, `persons_ID`) VALUES (1, 427);
INSERT INTO `address` (`INFORMATION`, `STREET`, `CITY_ID`) VALUES ('1. th', 'Møllevangen', 265);
INSERT INTO `person` (`ID`, `EMAIL`, `FIRSTNAME`, `LASTNAME`, `ADDRESS_ID`) VALUES (428,'Filip@yahoo.dk', 'Filip', 'Filipovic', 428);
INSERT INTO `phone` (`DESCRIPTION`, `NUMBER`, `OWNER_ID`) VALUES ('home', '36379976', 428);
INSERT INTO `hobby_person` (`hobbies_ID`, `persons_ID`) VALUES (2, 428);
INSERT INTO `address` (`INFORMATION`, `STREET`, `CITY_ID`) VALUES ('stuen', 'Østgaardsvej', 1042);
INSERT INTO `person` (`ID`, `EMAIL`, `FIRSTNAME`, `LASTNAME`, `ADDRESS_ID`) VALUES (429,'Bob@protonmail.com', 'Bob', 'Kaspersen', 429);
INSERT INTO `phone` (`DESCRIPTION`, `NUMBER`, `OWNER_ID`) VALUES ('home', '86733262', 429);
INSERT INTO `hobby_person` (`hobbies_ID`, `persons_ID`) VALUES (3, 429);
INSERT INTO `address` (`INFORMATION`, `STREET`, `CITY_ID`) VALUES ('1. tv', 'Kullevej', 923);
INSERT INTO `person` (`ID`, `EMAIL`, `FIRSTNAME`, `LASTNAME`, `ADDRESS_ID`) VALUES (430,'Kim@zoho.dk', 'Kim', 'Stevensen', 430);
INSERT INTO `phone` (`DESCRIPTION`, `NUMBER`, `OWNER_ID`) VALUES ('mobile', '42851256', 430);
INSERT INTO `hobby_person` (`hobbies_ID`, `persons_ID`) VALUES (2, 430);
INSERT INTO `address` (`INFORMATION`, `STREET`, `CITY_ID`) VALUES ('1. tv', 'Kronhjortevej', 341);
INSERT INTO `person` (`ID`, `EMAIL`, `FIRSTNAME`, `LASTNAME`, `ADDRESS_ID`) VALUES (431,'Kim@outlook.dk', 'Kim', 'Kaspersen', 431);
INSERT INTO `phone` (`DESCRIPTION`, `NUMBER`, `OWNER_ID`) VALUES ('work', '50397138', 431);
INSERT INTO `hobby_person` (`hobbies_ID`, `persons_ID`) VALUES (5, 431);
INSERT INTO `address` (`INFORMATION`, `STREET`, `CITY_ID`) VALUES ('1. th', 'Kullevej', 828);
INSERT INTO `person` (`ID`, `EMAIL`, `FIRSTNAME`, `LASTNAME`, `ADDRESS_ID`) VALUES (432,'Kasper@hotmail.dk', 'Kasper', 'Simonsen', 432);
INSERT INTO `phone` (`DESCRIPTION`, `NUMBER`, `OWNER_ID`) VALUES ('work', '69558485', 432);
INSERT INTO `hobby_person` (`hobbies_ID`, `persons_ID`) VALUES (1, 432);
INSERT INTO `address` (`INFORMATION`, `STREET`, `CITY_ID`) VALUES ('1. tv', 'Kronhjortevej', 1297);
INSERT INTO `person` (`ID`, `EMAIL`, `FIRSTNAME`, `LASTNAME`, `ADDRESS_ID`) VALUES (433,'Thomas@zoho.dk', 'Thomas', 'Kristiansen', 433);
INSERT INTO `phone` (`DESCRIPTION`, `NUMBER`, `OWNER_ID`) VALUES ('home', '27758498', 433);
INSERT INTO `hobby_person` (`hobbies_ID`, `persons_ID`) VALUES (3, 433);
INSERT INTO `address` (`INFORMATION`, `STREET`, `CITY_ID`) VALUES ('1. th', 'Milanovicvej', 454);
INSERT INTO `person` (`ID`, `EMAIL`, `FIRSTNAME`, `LASTNAME`, `ADDRESS_ID`) VALUES (434,'Mia@protonmail.com', 'Mia', 'Kaspersen', 434);
INSERT INTO `phone` (`DESCRIPTION`, `NUMBER`, `OWNER_ID`) VALUES ('home', '63837338', 434);
INSERT INTO `hobby_person` (`hobbies_ID`, `persons_ID`) VALUES (1, 434);
INSERT INTO `address` (`INFORMATION`, `STREET`, `CITY_ID`) VALUES ('1. th', 'Kullevej', 1317);
INSERT INTO `person` (`ID`, `EMAIL`, `FIRSTNAME`, `LASTNAME`, `ADDRESS_ID`) VALUES (435,'Christoffer@hotmail.dk', 'Christoffer', 'Christoffersen', 435);
INSERT INTO `phone` (`DESCRIPTION`, `NUMBER`, `OWNER_ID`) VALUES ('mobile', '6244623', 435);
INSERT INTO `hobby_person` (`hobbies_ID`, `persons_ID`) VALUES (5, 435);
INSERT INTO `address` (`INFORMATION`, `STREET`, `CITY_ID`) VALUES ('stuen', 'Milanovicvej', 816);
INSERT INTO `person` (`ID`, `EMAIL`, `FIRSTNAME`, `LASTNAME`, `ADDRESS_ID`) VALUES (436,'Alexa@zoho.com', 'Alexa', 'Alexandersen', 436);
INSERT INTO `phone` (`DESCRIPTION`, `NUMBER`, `OWNER_ID`) VALUES ('home', '84249523', 436);
INSERT INTO `hobby_person` (`hobbies_ID`, `persons_ID`) VALUES (5, 436);
INSERT INTO `address` (`INFORMATION`, `STREET`, `CITY_ID`) VALUES ('1. tv', 'Møllevangen', 103);
INSERT INTO `person` (`ID`, `EMAIL`, `FIRSTNAME`, `LASTNAME`, `ADDRESS_ID`) VALUES (437,'Ida@gmail.com', 'Ida', 'Stevensen', 437);
INSERT INTO `phone` (`DESCRIPTION`, `NUMBER`, `OWNER_ID`) VALUES ('work', '67435401', 437);
INSERT INTO `hobby_person` (`hobbies_ID`, `persons_ID`) VALUES (1, 437);
INSERT INTO `address` (`INFORMATION`, `STREET`, `CITY_ID`) VALUES ('1. th', 'Ryllevej', 908);
INSERT INTO `person` (`ID`, `EMAIL`, `FIRSTNAME`, `LASTNAME`, `ADDRESS_ID`) VALUES (438,'Solveig@gmail.com', 'Solveig', 'Christoffersen', 438);
INSERT INTO `phone` (`DESCRIPTION`, `NUMBER`, `OWNER_ID`) VALUES ('work', '26383512', 438);
INSERT INTO `hobby_person` (`hobbies_ID`, `persons_ID`) VALUES (1, 438);
INSERT INTO `address` (`INFORMATION`, `STREET`, `CITY_ID`) VALUES ('2. th', 'Østgaardsvej', 836);
INSERT INTO `person` (`ID`, `EMAIL`, `FIRSTNAME`, `LASTNAME`, `ADDRESS_ID`) VALUES (439,'Alexa@protonmail.dk', 'Alexa', 'Filipsen', 439);
INSERT INTO `phone` (`DESCRIPTION`, `NUMBER`, `OWNER_ID`) VALUES ('mobile', '80547070', 439);
INSERT INTO `hobby_person` (`hobbies_ID`, `persons_ID`) VALUES (3, 439);
INSERT INTO `address` (`INFORMATION`, `STREET`, `CITY_ID`) VALUES ('stuen', 'Østgaardsvej', 342);
INSERT INTO `person` (`ID`, `EMAIL`, `FIRSTNAME`, `LASTNAME`, `ADDRESS_ID`) VALUES (440,'Kim@protonmail.dk', 'Kim', 'Vestergaard', 440);
INSERT INTO `phone` (`DESCRIPTION`, `NUMBER`, `OWNER_ID`) VALUES ('work', '96060258', 440);
INSERT INTO `hobby_person` (`hobbies_ID`, `persons_ID`) VALUES (1, 440);
INSERT INTO `address` (`INFORMATION`, `STREET`, `CITY_ID`) VALUES ('2. tv', 'Kullevej', 1162);
INSERT INTO `person` (`ID`, `EMAIL`, `FIRSTNAME`, `LASTNAME`, `ADDRESS_ID`) VALUES (441,'Alexa@protonmail.dk', 'Alexa', 'Filipsen', 441);
INSERT INTO `phone` (`DESCRIPTION`, `NUMBER`, `OWNER_ID`) VALUES ('work', '51798249', 441);
INSERT INTO `hobby_person` (`hobbies_ID`, `persons_ID`) VALUES (5, 441);
INSERT INTO `address` (`INFORMATION`, `STREET`, `CITY_ID`) VALUES ('1. tv', 'Østgaardsvej', 119);
INSERT INTO `person` (`ID`, `EMAIL`, `FIRSTNAME`, `LASTNAME`, `ADDRESS_ID`) VALUES (442,'Ida@yahoo.eu', 'Ida', 'Thomassen', 442);
INSERT INTO `phone` (`DESCRIPTION`, `NUMBER`, `OWNER_ID`) VALUES ('mobile', '84225235', 442);
INSERT INTO `hobby_person` (`hobbies_ID`, `persons_ID`) VALUES (2, 442);
INSERT INTO `address` (`INFORMATION`, `STREET`, `CITY_ID`) VALUES ('2. tv', 'Milanovicvej', 1026);
INSERT INTO `person` (`ID`, `EMAIL`, `FIRSTNAME`, `LASTNAME`, `ADDRESS_ID`) VALUES (443,'Kim@yahoo.eu', 'Kim', 'Stevensen', 443);
INSERT INTO `phone` (`DESCRIPTION`, `NUMBER`, `OWNER_ID`) VALUES ('mobile', '45158187', 443);
INSERT INTO `hobby_person` (`hobbies_ID`, `persons_ID`) VALUES (1, 443);
INSERT INTO `address` (`INFORMATION`, `STREET`, `CITY_ID`) VALUES ('stuen', 'Ryllevej', 830);
INSERT INTO `person` (`ID`, `EMAIL`, `FIRSTNAME`, `LASTNAME`, `ADDRESS_ID`) VALUES (444,'Thomas@protonmail.dk', 'Thomas', 'Jonassen', 444);
INSERT INTO `phone` (`DESCRIPTION`, `NUMBER`, `OWNER_ID`) VALUES ('mobile', '2381972', 444);
INSERT INTO `hobby_person` (`hobbies_ID`, `persons_ID`) VALUES (3, 444);
INSERT INTO `address` (`INFORMATION`, `STREET`, `CITY_ID`) VALUES ('1. th', 'Kullevej', 1194);
INSERT INTO `person` (`ID`, `EMAIL`, `FIRSTNAME`, `LASTNAME`, `ADDRESS_ID`) VALUES (445,'Mikkel@gmail.eu', 'Mikkel', 'Filipovic', 445);
INSERT INTO `phone` (`DESCRIPTION`, `NUMBER`, `OWNER_ID`) VALUES ('mobile', '88404650', 445);
INSERT INTO `hobby_person` (`hobbies_ID`, `persons_ID`) VALUES (5, 445);
INSERT INTO `address` (`INFORMATION`, `STREET`, `CITY_ID`) VALUES ('stuen', 'Møllevangen', 1126);
INSERT INTO `person` (`ID`, `EMAIL`, `FIRSTNAME`, `LASTNAME`, `ADDRESS_ID`) VALUES (446,'Kim@yahoo.eu', 'Kim', 'Behrendt', 446);
INSERT INTO `phone` (`DESCRIPTION`, `NUMBER`, `OWNER_ID`) VALUES ('mobile', '92139915', 446);
INSERT INTO `hobby_person` (`hobbies_ID`, `persons_ID`) VALUES (1, 446);
INSERT INTO `address` (`INFORMATION`, `STREET`, `CITY_ID`) VALUES ('1. tv', 'Hjortekærsvej', 1344);
INSERT INTO `person` (`ID`, `EMAIL`, `FIRSTNAME`, `LASTNAME`, `ADDRESS_ID`) VALUES (447,'Maria@outlook.com', 'Maria', 'Simonsen', 447);
INSERT INTO `phone` (`DESCRIPTION`, `NUMBER`, `OWNER_ID`) VALUES ('work', '76666723', 447);
INSERT INTO `hobby_person` (`hobbies_ID`, `persons_ID`) VALUES (2, 447);
INSERT INTO `address` (`INFORMATION`, `STREET`, `CITY_ID`) VALUES ('1. tv', 'Milanovicvej', 454);
INSERT INTO `person` (`ID`, `EMAIL`, `FIRSTNAME`, `LASTNAME`, `ADDRESS_ID`) VALUES (448,'Maria@yahoo.com', 'Maria', 'Simonsen', 448);
INSERT INTO `phone` (`DESCRIPTION`, `NUMBER`, `OWNER_ID`) VALUES ('mobile', '72155451', 448);
INSERT INTO `hobby_person` (`hobbies_ID`, `persons_ID`) VALUES (1, 448);
INSERT INTO `address` (`INFORMATION`, `STREET`, `CITY_ID`) VALUES ('1. th', 'Milanovicvej', 753);
INSERT INTO `person` (`ID`, `EMAIL`, `FIRSTNAME`, `LASTNAME`, `ADDRESS_ID`) VALUES (449,'Ida@yahoo.com', 'Ida', 'Stevensen', 449);
INSERT INTO `phone` (`DESCRIPTION`, `NUMBER`, `OWNER_ID`) VALUES ('mobile', '14744141', 449);
INSERT INTO `hobby_person` (`hobbies_ID`, `persons_ID`) VALUES (4, 449);
INSERT INTO `address` (`INFORMATION`, `STREET`, `CITY_ID`) VALUES ('2. tv', 'Milanovicvej', 890);
INSERT INTO `person` (`ID`, `EMAIL`, `FIRSTNAME`, `LASTNAME`, `ADDRESS_ID`) VALUES (450,'Christoffer@outlook.eu', 'Christoffer', 'Runesen', 450);
INSERT INTO `phone` (`DESCRIPTION`, `NUMBER`, `OWNER_ID`) VALUES ('home', '87488348', 450);
INSERT INTO `hobby_person` (`hobbies_ID`, `persons_ID`) VALUES (4, 450);
INSERT INTO `address` (`INFORMATION`, `STREET`, `CITY_ID`) VALUES ('stuen', 'Østgaardsvej', 368);
INSERT INTO `person` (`ID`, `EMAIL`, `FIRSTNAME`, `LASTNAME`, `ADDRESS_ID`) VALUES (451,'Rune@outlook.dk', 'Rune', 'Simonsen', 451);
INSERT INTO `phone` (`DESCRIPTION`, `NUMBER`, `OWNER_ID`) VALUES ('mobile', '8554585', 451);
INSERT INTO `hobby_person` (`hobbies_ID`, `persons_ID`) VALUES (2, 451);
INSERT INTO `address` (`INFORMATION`, `STREET`, `CITY_ID`) VALUES ('1. th', 'Møllevangen', 1167);
INSERT INTO `person` (`ID`, `EMAIL`, `FIRSTNAME`, `LASTNAME`, `ADDRESS_ID`) VALUES (452,'Kasper@zoho.eu', 'Kasper', 'Christoffersen', 452);
INSERT INTO `phone` (`DESCRIPTION`, `NUMBER`, `OWNER_ID`) VALUES ('mobile', '553403', 452);
INSERT INTO `hobby_person` (`hobbies_ID`, `persons_ID`) VALUES (1, 452);
INSERT INTO `address` (`INFORMATION`, `STREET`, `CITY_ID`) VALUES ('1. th', 'Hjortekærsvej', 459);
INSERT INTO `person` (`ID`, `EMAIL`, `FIRSTNAME`, `LASTNAME`, `ADDRESS_ID`) VALUES (453,'Isabella@outlook.dk', 'Isabella', 'Simonsen', 453);
INSERT INTO `phone` (`DESCRIPTION`, `NUMBER`, `OWNER_ID`) VALUES ('home', '97404171', 453);
INSERT INTO `hobby_person` (`hobbies_ID`, `persons_ID`) VALUES (1, 453);
INSERT INTO `address` (`INFORMATION`, `STREET`, `CITY_ID`) VALUES ('2. tv', 'Kronhjortevej', 636);
INSERT INTO `person` (`ID`, `EMAIL`, `FIRSTNAME`, `LASTNAME`, `ADDRESS_ID`) VALUES (454,'Maria@hotmail.com', 'Maria', 'Vestergaard', 454);
INSERT INTO `phone` (`DESCRIPTION`, `NUMBER`, `OWNER_ID`) VALUES ('home', '60382135', 454);
INSERT INTO `hobby_person` (`hobbies_ID`, `persons_ID`) VALUES (1, 454);
INSERT INTO `address` (`INFORMATION`, `STREET`, `CITY_ID`) VALUES ('2. th', 'Milanovicvej', 72);
INSERT INTO `person` (`ID`, `EMAIL`, `FIRSTNAME`, `LASTNAME`, `ADDRESS_ID`) VALUES (455,'Mia@gmail.eu', 'Mia', 'Kristiansen', 455);
INSERT INTO `phone` (`DESCRIPTION`, `NUMBER`, `OWNER_ID`) VALUES ('home', '58603663', 455);
INSERT INTO `hobby_person` (`hobbies_ID`, `persons_ID`) VALUES (1, 455);
INSERT INTO `address` (`INFORMATION`, `STREET`, `CITY_ID`) VALUES ('2. tv', 'Milanovicvej', 230);
INSERT INTO `person` (`ID`, `EMAIL`, `FIRSTNAME`, `LASTNAME`, `ADDRESS_ID`) VALUES (456,'Alexander@outlook.eu', 'Alexander', 'Kristiansen', 456);
INSERT INTO `phone` (`DESCRIPTION`, `NUMBER`, `OWNER_ID`) VALUES ('home', '47717976', 456);
INSERT INTO `hobby_person` (`hobbies_ID`, `persons_ID`) VALUES (4, 456);
INSERT INTO `address` (`INFORMATION`, `STREET`, `CITY_ID`) VALUES ('stuen', 'Ryllevej', 701);
INSERT INTO `person` (`ID`, `EMAIL`, `FIRSTNAME`, `LASTNAME`, `ADDRESS_ID`) VALUES (457,'Christoffer@outlook.com', 'Christoffer', 'Bobsen', 457);
INSERT INTO `phone` (`DESCRIPTION`, `NUMBER`, `OWNER_ID`) VALUES ('home', '39498333', 457);
INSERT INTO `hobby_person` (`hobbies_ID`, `persons_ID`) VALUES (5, 457);
INSERT INTO `address` (`INFORMATION`, `STREET`, `CITY_ID`) VALUES ('2. th', 'Kronhjortevej', 1266);
INSERT INTO `person` (`ID`, `EMAIL`, `FIRSTNAME`, `LASTNAME`, `ADDRESS_ID`) VALUES (458,'Rune@gmail.com', 'Rune', 'Jonassen', 458);
INSERT INTO `phone` (`DESCRIPTION`, `NUMBER`, `OWNER_ID`) VALUES ('mobile', '91088040', 458);
INSERT INTO `hobby_person` (`hobbies_ID`, `persons_ID`) VALUES (4, 458);
INSERT INTO `address` (`INFORMATION`, `STREET`, `CITY_ID`) VALUES ('stuen', 'Hjortekærsvej', 197);
INSERT INTO `person` (`ID`, `EMAIL`, `FIRSTNAME`, `LASTNAME`, `ADDRESS_ID`) VALUES (459,'Kasper@protonmail.com', 'Kasper', 'Filipovic', 459);
INSERT INTO `phone` (`DESCRIPTION`, `NUMBER`, `OWNER_ID`) VALUES ('mobile', '72632299', 459);
INSERT INTO `hobby_person` (`hobbies_ID`, `persons_ID`) VALUES (2, 459);
INSERT INTO `address` (`INFORMATION`, `STREET`, `CITY_ID`) VALUES ('2. th', 'Hjortekærsvej', 206);
INSERT INTO `person` (`ID`, `EMAIL`, `FIRSTNAME`, `LASTNAME`, `ADDRESS_ID`) VALUES (460,'Ida@gmail.com', 'Ida', 'Behrendt', 460);
INSERT INTO `phone` (`DESCRIPTION`, `NUMBER`, `OWNER_ID`) VALUES ('home', '23363160', 460);
INSERT INTO `hobby_person` (`hobbies_ID`, `persons_ID`) VALUES (2, 460);
INSERT INTO `address` (`INFORMATION`, `STREET`, `CITY_ID`) VALUES ('2. th', 'Møllevangen', 1319);
INSERT INTO `person` (`ID`, `EMAIL`, `FIRSTNAME`, `LASTNAME`, `ADDRESS_ID`) VALUES (461,'Steven@zoho.eu', 'Steven', 'Behrendt', 461);
INSERT INTO `phone` (`DESCRIPTION`, `NUMBER`, `OWNER_ID`) VALUES ('home', '37290256', 461);
INSERT INTO `hobby_person` (`hobbies_ID`, `persons_ID`) VALUES (4, 461);
INSERT INTO `address` (`INFORMATION`, `STREET`, `CITY_ID`) VALUES ('2. th', 'Kronhjortevej', 42);
INSERT INTO `person` (`ID`, `EMAIL`, `FIRSTNAME`, `LASTNAME`, `ADDRESS_ID`) VALUES (462,'Filip@gmail.com', 'Filip', 'Christoffersen', 462);
INSERT INTO `phone` (`DESCRIPTION`, `NUMBER`, `OWNER_ID`) VALUES ('work', '82868657', 462);
INSERT INTO `hobby_person` (`hobbies_ID`, `persons_ID`) VALUES (4, 462);
INSERT INTO `address` (`INFORMATION`, `STREET`, `CITY_ID`) VALUES ('1. th', 'Møllevangen', 1170);
INSERT INTO `person` (`ID`, `EMAIL`, `FIRSTNAME`, `LASTNAME`, `ADDRESS_ID`) VALUES (463,'Ida@zoho.dk', 'Ida', 'Filipsen', 463);
INSERT INTO `phone` (`DESCRIPTION`, `NUMBER`, `OWNER_ID`) VALUES ('mobile', '67919275', 463);
INSERT INTO `hobby_person` (`hobbies_ID`, `persons_ID`) VALUES (4, 463);
INSERT INTO `address` (`INFORMATION`, `STREET`, `CITY_ID`) VALUES ('1. tv', 'Ryllevej', 120);
INSERT INTO `person` (`ID`, `EMAIL`, `FIRSTNAME`, `LASTNAME`, `ADDRESS_ID`) VALUES (464,'Thomas@hotmail.com', 'Thomas', 'Jonassen', 464);
INSERT INTO `phone` (`DESCRIPTION`, `NUMBER`, `OWNER_ID`) VALUES ('mobile', '60825962', 464);
INSERT INTO `hobby_person` (`hobbies_ID`, `persons_ID`) VALUES (3, 464);
INSERT INTO `address` (`INFORMATION`, `STREET`, `CITY_ID`) VALUES ('1. th', 'Møllevangen', 1068);
INSERT INTO `person` (`ID`, `EMAIL`, `FIRSTNAME`, `LASTNAME`, `ADDRESS_ID`) VALUES (465,'Thomas@gmail.com', 'Thomas', 'Filipsen', 465);
INSERT INTO `phone` (`DESCRIPTION`, `NUMBER`, `OWNER_ID`) VALUES ('work', '28930438', 465);
INSERT INTO `hobby_person` (`hobbies_ID`, `persons_ID`) VALUES (1, 465);
INSERT INTO `address` (`INFORMATION`, `STREET`, `CITY_ID`) VALUES ('2. tv', 'Milanovicvej', 123);
INSERT INTO `person` (`ID`, `EMAIL`, `FIRSTNAME`, `LASTNAME`, `ADDRESS_ID`) VALUES (466,'Mia@outlook.dk', 'Mia', 'Filipsen', 466);
INSERT INTO `phone` (`DESCRIPTION`, `NUMBER`, `OWNER_ID`) VALUES ('mobile', '47622583', 466);
INSERT INTO `hobby_person` (`hobbies_ID`, `persons_ID`) VALUES (1, 466);
INSERT INTO `address` (`INFORMATION`, `STREET`, `CITY_ID`) VALUES ('2. th', 'Kronhjortevej', 984);
INSERT INTO `person` (`ID`, `EMAIL`, `FIRSTNAME`, `LASTNAME`, `ADDRESS_ID`) VALUES (467,'Steven@zoho.dk', 'Steven', 'Kaspersen', 467);
INSERT INTO `phone` (`DESCRIPTION`, `NUMBER`, `OWNER_ID`) VALUES ('home', '91273678', 467);
INSERT INTO `hobby_person` (`hobbies_ID`, `persons_ID`) VALUES (5, 467);
INSERT INTO `address` (`INFORMATION`, `STREET`, `CITY_ID`) VALUES ('2. tv', 'Kullevej', 308);
INSERT INTO `person` (`ID`, `EMAIL`, `FIRSTNAME`, `LASTNAME`, `ADDRESS_ID`) VALUES (468,'Bob@zoho.eu', 'Bob', 'Simonsen', 468);
INSERT INTO `phone` (`DESCRIPTION`, `NUMBER`, `OWNER_ID`) VALUES ('home', '26203025', 468);
INSERT INTO `hobby_person` (`hobbies_ID`, `persons_ID`) VALUES (5, 468);
INSERT INTO `address` (`INFORMATION`, `STREET`, `CITY_ID`) VALUES ('2. th', 'Ryllevej', 126);
INSERT INTO `person` (`ID`, `EMAIL`, `FIRSTNAME`, `LASTNAME`, `ADDRESS_ID`) VALUES (469,'Jonas@hotmail.dk', 'Jonas', 'Simonsen', 469);
INSERT INTO `phone` (`DESCRIPTION`, `NUMBER`, `OWNER_ID`) VALUES ('home', '39546110', 469);
INSERT INTO `hobby_person` (`hobbies_ID`, `persons_ID`) VALUES (3, 469);
INSERT INTO `address` (`INFORMATION`, `STREET`, `CITY_ID`) VALUES ('1. tv', 'Østgaardsvej', 705);
INSERT INTO `person` (`ID`, `EMAIL`, `FIRSTNAME`, `LASTNAME`, `ADDRESS_ID`) VALUES (470,'Kasper@gmail.eu', 'Kasper', 'Stevensen', 470);
INSERT INTO `phone` (`DESCRIPTION`, `NUMBER`, `OWNER_ID`) VALUES ('home', '75428129', 470);
INSERT INTO `hobby_person` (`hobbies_ID`, `persons_ID`) VALUES (1, 470);
INSERT INTO `address` (`INFORMATION`, `STREET`, `CITY_ID`) VALUES ('2. tv', 'Kronhjortevej', 909);
INSERT INTO `person` (`ID`, `EMAIL`, `FIRSTNAME`, `LASTNAME`, `ADDRESS_ID`) VALUES (471,'Bob@yahoo.com', 'Bob', 'Thomassen', 471);
INSERT INTO `phone` (`DESCRIPTION`, `NUMBER`, `OWNER_ID`) VALUES ('home', '79265899', 471);
INSERT INTO `hobby_person` (`hobbies_ID`, `persons_ID`) VALUES (5, 471);
INSERT INTO `address` (`INFORMATION`, `STREET`, `CITY_ID`) VALUES ('stuen', 'Milanovicvej', 1087);
INSERT INTO `person` (`ID`, `EMAIL`, `FIRSTNAME`, `LASTNAME`, `ADDRESS_ID`) VALUES (472,'Rune@gmail.eu', 'Rune', 'Kaspersen', 472);
INSERT INTO `phone` (`DESCRIPTION`, `NUMBER`, `OWNER_ID`) VALUES ('mobile', '51554254', 472);
INSERT INTO `hobby_person` (`hobbies_ID`, `persons_ID`) VALUES (5, 472);
INSERT INTO `address` (`INFORMATION`, `STREET`, `CITY_ID`) VALUES ('2. tv', 'Milanovicvej', 580);
INSERT INTO `person` (`ID`, `EMAIL`, `FIRSTNAME`, `LASTNAME`, `ADDRESS_ID`) VALUES (473,'Simon@zoho.com', 'Simon', 'Alexandersen', 473);
INSERT INTO `phone` (`DESCRIPTION`, `NUMBER`, `OWNER_ID`) VALUES ('mobile', '77128907', 473);
INSERT INTO `hobby_person` (`hobbies_ID`, `persons_ID`) VALUES (1, 473);
INSERT INTO `address` (`INFORMATION`, `STREET`, `CITY_ID`) VALUES ('2. th', 'Kronhjortevej', 814);
INSERT INTO `person` (`ID`, `EMAIL`, `FIRSTNAME`, `LASTNAME`, `ADDRESS_ID`) VALUES (474,'Alexander@yahoo.com', 'Alexander', 'Kristiansen', 474);
INSERT INTO `phone` (`DESCRIPTION`, `NUMBER`, `OWNER_ID`) VALUES ('work', '49437247', 474);
INSERT INTO `hobby_person` (`hobbies_ID`, `persons_ID`) VALUES (2, 474);
INSERT INTO `address` (`INFORMATION`, `STREET`, `CITY_ID`) VALUES ('1. tv', 'Milanovicvej', 367);
INSERT INTO `person` (`ID`, `EMAIL`, `FIRSTNAME`, `LASTNAME`, `ADDRESS_ID`) VALUES (475,'Kristian@hotmail.eu', 'Kristian', 'Vestergaard', 475);
INSERT INTO `phone` (`DESCRIPTION`, `NUMBER`, `OWNER_ID`) VALUES ('mobile', '60603289', 475);
INSERT INTO `hobby_person` (`hobbies_ID`, `persons_ID`) VALUES (5, 475);
INSERT INTO `address` (`INFORMATION`, `STREET`, `CITY_ID`) VALUES ('1. tv', 'Milanovicvej', 260);
INSERT INTO `person` (`ID`, `EMAIL`, `FIRSTNAME`, `LASTNAME`, `ADDRESS_ID`) VALUES (476,'Bob@outlook.eu', 'Bob', 'Thomassen', 476);
INSERT INTO `phone` (`DESCRIPTION`, `NUMBER`, `OWNER_ID`) VALUES ('mobile', '52654086', 476);
INSERT INTO `hobby_person` (`hobbies_ID`, `persons_ID`) VALUES (1, 476);
INSERT INTO `address` (`INFORMATION`, `STREET`, `CITY_ID`) VALUES ('2. tv', 'Østgaardsvej', 518);
INSERT INTO `person` (`ID`, `EMAIL`, `FIRSTNAME`, `LASTNAME`, `ADDRESS_ID`) VALUES (477,'Bob@protonmail.dk', 'Bob', 'Kaspersen', 477);
INSERT INTO `phone` (`DESCRIPTION`, `NUMBER`, `OWNER_ID`) VALUES ('mobile', '30300555', 477);
INSERT INTO `hobby_person` (`hobbies_ID`, `persons_ID`) VALUES (5, 477);
INSERT INTO `address` (`INFORMATION`, `STREET`, `CITY_ID`) VALUES ('2. th', 'Møllevangen', 1283);
INSERT INTO `person` (`ID`, `EMAIL`, `FIRSTNAME`, `LASTNAME`, `ADDRESS_ID`) VALUES (478,'Rune@outlook.eu', 'Rune', 'Filipsen', 478);
INSERT INTO `phone` (`DESCRIPTION`, `NUMBER`, `OWNER_ID`) VALUES ('work', '71145435', 478);
INSERT INTO `hobby_person` (`hobbies_ID`, `persons_ID`) VALUES (3, 478);
INSERT INTO `address` (`INFORMATION`, `STREET`, `CITY_ID`) VALUES ('stuen', 'Ryllevej', 367);
INSERT INTO `person` (`ID`, `EMAIL`, `FIRSTNAME`, `LASTNAME`, `ADDRESS_ID`) VALUES (479,'Kirsten@outlook.dk', 'Kirsten', 'Kaspersen', 479);
INSERT INTO `phone` (`DESCRIPTION`, `NUMBER`, `OWNER_ID`) VALUES ('mobile', '78046265', 479);
INSERT INTO `hobby_person` (`hobbies_ID`, `persons_ID`) VALUES (2, 479);
INSERT INTO `address` (`INFORMATION`, `STREET`, `CITY_ID`) VALUES ('1. tv', 'Kullevej', 1269);
INSERT INTO `person` (`ID`, `EMAIL`, `FIRSTNAME`, `LASTNAME`, `ADDRESS_ID`) VALUES (480,'Ida@hotmail.eu', 'Ida', 'Mikkelsen', 480);
INSERT INTO `phone` (`DESCRIPTION`, `NUMBER`, `OWNER_ID`) VALUES ('mobile', '1719395', 480);
INSERT INTO `hobby_person` (`hobbies_ID`, `persons_ID`) VALUES (4, 480);
INSERT INTO `address` (`INFORMATION`, `STREET`, `CITY_ID`) VALUES ('2. th', 'Møllevangen', 676);
INSERT INTO `person` (`ID`, `EMAIL`, `FIRSTNAME`, `LASTNAME`, `ADDRESS_ID`) VALUES (481,'Kasper@hotmail.eu', 'Kasper', 'Thomassen', 481);
INSERT INTO `phone` (`DESCRIPTION`, `NUMBER`, `OWNER_ID`) VALUES ('work', '72168341', 481);
INSERT INTO `hobby_person` (`hobbies_ID`, `persons_ID`) VALUES (3, 481);
INSERT INTO `address` (`INFORMATION`, `STREET`, `CITY_ID`) VALUES ('1. tv', 'Møllevangen', 215);
INSERT INTO `person` (`ID`, `EMAIL`, `FIRSTNAME`, `LASTNAME`, `ADDRESS_ID`) VALUES (482,'Kasper@hotmail.com', 'Kasper', 'Kristiansen', 482);
INSERT INTO `phone` (`DESCRIPTION`, `NUMBER`, `OWNER_ID`) VALUES ('mobile', '88205494', 482);
INSERT INTO `hobby_person` (`hobbies_ID`, `persons_ID`) VALUES (4, 482);
INSERT INTO `address` (`INFORMATION`, `STREET`, `CITY_ID`) VALUES ('1. th', 'Milanovicvej', 497);
INSERT INTO `person` (`ID`, `EMAIL`, `FIRSTNAME`, `LASTNAME`, `ADDRESS_ID`) VALUES (483,'Kristian@protonmail.com', 'Kristian', 'Runesen', 483);
INSERT INTO `phone` (`DESCRIPTION`, `NUMBER`, `OWNER_ID`) VALUES ('mobile', '20858030', 483);
INSERT INTO `hobby_person` (`hobbies_ID`, `persons_ID`) VALUES (4, 483);
INSERT INTO `address` (`INFORMATION`, `STREET`, `CITY_ID`) VALUES ('2. th', 'Møllevangen', 1250);
INSERT INTO `person` (`ID`, `EMAIL`, `FIRSTNAME`, `LASTNAME`, `ADDRESS_ID`) VALUES (484,'Mikkel@yahoo.com', 'Mikkel', 'Simonsen', 484);
INSERT INTO `phone` (`DESCRIPTION`, `NUMBER`, `OWNER_ID`) VALUES ('home', '96031180', 484);
INSERT INTO `hobby_person` (`hobbies_ID`, `persons_ID`) VALUES (1, 484);
INSERT INTO `address` (`INFORMATION`, `STREET`, `CITY_ID`) VALUES ('2. tv', 'Kullevej', 844);
INSERT INTO `person` (`ID`, `EMAIL`, `FIRSTNAME`, `LASTNAME`, `ADDRESS_ID`) VALUES (485,'Kim@hotmail.eu', 'Kim', 'Bobsen', 485);
INSERT INTO `phone` (`DESCRIPTION`, `NUMBER`, `OWNER_ID`) VALUES ('home', '14305792', 485);
INSERT INTO `hobby_person` (`hobbies_ID`, `persons_ID`) VALUES (5, 485);
INSERT INTO `address` (`INFORMATION`, `STREET`, `CITY_ID`) VALUES ('2. th', 'Hjortekærsvej', 1284);
INSERT INTO `person` (`ID`, `EMAIL`, `FIRSTNAME`, `LASTNAME`, `ADDRESS_ID`) VALUES (486,'Alexander@hotmail.eu', 'Alexander', 'Vestergaard', 486);
INSERT INTO `phone` (`DESCRIPTION`, `NUMBER`, `OWNER_ID`) VALUES ('home', '23900550', 486);
INSERT INTO `hobby_person` (`hobbies_ID`, `persons_ID`) VALUES (5, 486);
INSERT INTO `address` (`INFORMATION`, `STREET`, `CITY_ID`) VALUES ('2. th', 'Kronhjortevej', 1080);
INSERT INTO `person` (`ID`, `EMAIL`, `FIRSTNAME`, `LASTNAME`, `ADDRESS_ID`) VALUES (487,'Jonas@protonmail.eu', 'Jonas', 'Vestergaard', 487);
INSERT INTO `phone` (`DESCRIPTION`, `NUMBER`, `OWNER_ID`) VALUES ('home', '43760953', 487);
INSERT INTO `hobby_person` (`hobbies_ID`, `persons_ID`) VALUES (4, 487);
INSERT INTO `address` (`INFORMATION`, `STREET`, `CITY_ID`) VALUES ('1. th', 'Kronhjortevej', 1317);
INSERT INTO `person` (`ID`, `EMAIL`, `FIRSTNAME`, `LASTNAME`, `ADDRESS_ID`) VALUES (488,'Kirsten@outlook.eu', 'Kirsten', 'Runesen', 488);
INSERT INTO `phone` (`DESCRIPTION`, `NUMBER`, `OWNER_ID`) VALUES ('work', '55670190', 488);
INSERT INTO `hobby_person` (`hobbies_ID`, `persons_ID`) VALUES (1, 488);
INSERT INTO `address` (`INFORMATION`, `STREET`, `CITY_ID`) VALUES ('2. th', 'Kronhjortevej', 131);
INSERT INTO `person` (`ID`, `EMAIL`, `FIRSTNAME`, `LASTNAME`, `ADDRESS_ID`) VALUES (489,'Filip@outlook.dk', 'Filip', 'Stevensen', 489);
INSERT INTO `phone` (`DESCRIPTION`, `NUMBER`, `OWNER_ID`) VALUES ('mobile', '23207454', 489);
INSERT INTO `hobby_person` (`hobbies_ID`, `persons_ID`) VALUES (4, 489);
INSERT INTO `address` (`INFORMATION`, `STREET`, `CITY_ID`) VALUES ('2. tv', 'Østgaardsvej', 671);
INSERT INTO `person` (`ID`, `EMAIL`, `FIRSTNAME`, `LASTNAME`, `ADDRESS_ID`) VALUES (490,'Solveig@protonmail.dk', 'Solveig', 'Thomassen', 490);
INSERT INTO `phone` (`DESCRIPTION`, `NUMBER`, `OWNER_ID`) VALUES ('mobile', '94568161', 490);
INSERT INTO `hobby_person` (`hobbies_ID`, `persons_ID`) VALUES (5, 490);
INSERT INTO `address` (`INFORMATION`, `STREET`, `CITY_ID`) VALUES ('1. tv', 'Hjortekærsvej', 1307);
INSERT INTO `person` (`ID`, `EMAIL`, `FIRSTNAME`, `LASTNAME`, `ADDRESS_ID`) VALUES (491,'Solveig@zoho.eu', 'Solveig', 'Thomassen', 491);
INSERT INTO `phone` (`DESCRIPTION`, `NUMBER`, `OWNER_ID`) VALUES ('mobile', '87217331', 491);
INSERT INTO `hobby_person` (`hobbies_ID`, `persons_ID`) VALUES (2, 491);
INSERT INTO `address` (`INFORMATION`, `STREET`, `CITY_ID`) VALUES ('2. tv', 'Milanovicvej', 966);
INSERT INTO `person` (`ID`, `EMAIL`, `FIRSTNAME`, `LASTNAME`, `ADDRESS_ID`) VALUES (492,'Kasper@gmail.eu', 'Kasper', 'Behrendt', 492);
INSERT INTO `phone` (`DESCRIPTION`, `NUMBER`, `OWNER_ID`) VALUES ('work', '57443266', 492);
INSERT INTO `hobby_person` (`hobbies_ID`, `persons_ID`) VALUES (1, 492);
INSERT INTO `address` (`INFORMATION`, `STREET`, `CITY_ID`) VALUES ('2. tv', 'Milanovicvej', 41);
INSERT INTO `person` (`ID`, `EMAIL`, `FIRSTNAME`, `LASTNAME`, `ADDRESS_ID`) VALUES (493,'Ida@yahoo.dk', 'Ida', 'Filipsen', 493);
INSERT INTO `phone` (`DESCRIPTION`, `NUMBER`, `OWNER_ID`) VALUES ('home', '42062212', 493);
INSERT INTO `hobby_person` (`hobbies_ID`, `persons_ID`) VALUES (4, 493);
INSERT INTO `address` (`INFORMATION`, `STREET`, `CITY_ID`) VALUES ('2. tv', 'Ryllevej', 702);
INSERT INTO `person` (`ID`, `EMAIL`, `FIRSTNAME`, `LASTNAME`, `ADDRESS_ID`) VALUES (494,'Steven@outlook.com', 'Steven', 'Thomassen', 494);
INSERT INTO `phone` (`DESCRIPTION`, `NUMBER`, `OWNER_ID`) VALUES ('home', '42432636', 494);
INSERT INTO `hobby_person` (`hobbies_ID`, `persons_ID`) VALUES (3, 494);
INSERT INTO `address` (`INFORMATION`, `STREET`, `CITY_ID`) VALUES ('1. th', 'Østgaardsvej', 476);
INSERT INTO `person` (`ID`, `EMAIL`, `FIRSTNAME`, `LASTNAME`, `ADDRESS_ID`) VALUES (495,'Kirsten@outlook.dk', 'Kirsten', 'Christoffersen', 495);
INSERT INTO `phone` (`DESCRIPTION`, `NUMBER`, `OWNER_ID`) VALUES ('work', '5255177', 495);
INSERT INTO `hobby_person` (`hobbies_ID`, `persons_ID`) VALUES (3, 495);
INSERT INTO `address` (`INFORMATION`, `STREET`, `CITY_ID`) VALUES ('1. th', 'Milanovicvej', 258);
INSERT INTO `person` (`ID`, `EMAIL`, `FIRSTNAME`, `LASTNAME`, `ADDRESS_ID`) VALUES (496,'Mikkel@yahoo.com', 'Mikkel', 'Jonassen', 496);
INSERT INTO `phone` (`DESCRIPTION`, `NUMBER`, `OWNER_ID`) VALUES ('work', '91767546', 496);
INSERT INTO `hobby_person` (`hobbies_ID`, `persons_ID`) VALUES (3, 496);
INSERT INTO `address` (`INFORMATION`, `STREET`, `CITY_ID`) VALUES ('2. th', 'Ryllevej', 111);
INSERT INTO `person` (`ID`, `EMAIL`, `FIRSTNAME`, `LASTNAME`, `ADDRESS_ID`) VALUES (497,'Ida@protonmail.eu', 'Ida', 'Simonsen', 497);
INSERT INTO `phone` (`DESCRIPTION`, `NUMBER`, `OWNER_ID`) VALUES ('home', '84446283', 497);
INSERT INTO `hobby_person` (`hobbies_ID`, `persons_ID`) VALUES (5, 497);
INSERT INTO `address` (`INFORMATION`, `STREET`, `CITY_ID`) VALUES ('1. tv', 'Østgaardsvej', 665);
INSERT INTO `person` (`ID`, `EMAIL`, `FIRSTNAME`, `LASTNAME`, `ADDRESS_ID`) VALUES (498,'Kirsten@protonmail.com', 'Kirsten', 'Behrendt', 498);
INSERT INTO `phone` (`DESCRIPTION`, `NUMBER`, `OWNER_ID`) VALUES ('mobile', '64429185', 498);
INSERT INTO `hobby_person` (`hobbies_ID`, `persons_ID`) VALUES (1, 498);
INSERT INTO `address` (`INFORMATION`, `STREET`, `CITY_ID`) VALUES ('stuen', 'Hjortekærsvej', 518);
INSERT INTO `person` (`ID`, `EMAIL`, `FIRSTNAME`, `LASTNAME`, `ADDRESS_ID`) VALUES (499,'Maria@gmail.dk', 'Maria', 'Bobsen', 499);
INSERT INTO `phone` (`DESCRIPTION`, `NUMBER`, `OWNER_ID`) VALUES ('home', '15139112', 499);
INSERT INTO `hobby_person` (`hobbies_ID`, `persons_ID`) VALUES (1, 499);
INSERT INTO `address` (`INFORMATION`, `STREET`, `CITY_ID`) VALUES ('2. tv', 'Kronhjortevej', 564);
INSERT INTO `person` (`ID`, `EMAIL`, `FIRSTNAME`, `LASTNAME`, `ADDRESS_ID`) VALUES (500,'Bob@zoho.dk', 'Bob', 'Jonassen', 500);
INSERT INTO `phone` (`DESCRIPTION`, `NUMBER`, `OWNER_ID`) VALUES ('mobile', '74772361', 500);
INSERT INTO `hobby_person` (`hobbies_ID`, `persons_ID`) VALUES (1, 500);
INSERT INTO `address` (`INFORMATION`, `STREET`, `CITY_ID`) VALUES ('2. tv', 'Møllevangen', 1210);
INSERT INTO `person` (`ID`, `EMAIL`, `FIRSTNAME`, `LASTNAME`, `ADDRESS_ID`) VALUES (501,'Solveig@outlook.eu', 'Solveig', 'Mikkelsen', 501);
INSERT INTO `phone` (`DESCRIPTION`, `NUMBER`, `OWNER_ID`) VALUES ('mobile', '69763479', 501);
INSERT INTO `hobby_person` (`hobbies_ID`, `persons_ID`) VALUES (2, 501);
INSERT INTO `address` (`INFORMATION`, `STREET`, `CITY_ID`) VALUES ('2. th', 'Hjortekærsvej', 275);
INSERT INTO `person` (`ID`, `EMAIL`, `FIRSTNAME`, `LASTNAME`, `ADDRESS_ID`) VALUES (502,'Mia@outlook.com', 'Mia', 'Kaspersen', 502);
INSERT INTO `phone` (`DESCRIPTION`, `NUMBER`, `OWNER_ID`) VALUES ('mobile', '81384862', 502);
INSERT INTO `hobby_person` (`hobbies_ID`, `persons_ID`) VALUES (3, 502);
INSERT INTO `address` (`INFORMATION`, `STREET`, `CITY_ID`) VALUES ('1. th', 'Ryllevej', 1100);
INSERT INTO `person` (`ID`, `EMAIL`, `FIRSTNAME`, `LASTNAME`, `ADDRESS_ID`) VALUES (503,'Kristian@hotmail.dk', 'Kristian', 'Kaspersen', 503);
INSERT INTO `phone` (`DESCRIPTION`, `NUMBER`, `OWNER_ID`) VALUES ('home', '3332841', 503);
INSERT INTO `hobby_person` (`hobbies_ID`, `persons_ID`) VALUES (3, 503);
INSERT INTO `address` (`INFORMATION`, `STREET`, `CITY_ID`) VALUES ('stuen', 'Kullevej', 1006);
INSERT INTO `person` (`ID`, `EMAIL`, `FIRSTNAME`, `LASTNAME`, `ADDRESS_ID`) VALUES (504,'Mikkel@hotmail.dk', 'Mikkel', 'Bobsen', 504);
INSERT INTO `phone` (`DESCRIPTION`, `NUMBER`, `OWNER_ID`) VALUES ('mobile', '51068142', 504);
INSERT INTO `hobby_person` (`hobbies_ID`, `persons_ID`) VALUES (3, 504);
INSERT INTO `address` (`INFORMATION`, `STREET`, `CITY_ID`) VALUES ('2. th', 'Kullevej', 222);
INSERT INTO `person` (`ID`, `EMAIL`, `FIRSTNAME`, `LASTNAME`, `ADDRESS_ID`) VALUES (505,'Kirsten@gmail.eu', 'Kirsten', 'Thomassen', 505);
INSERT INTO `phone` (`DESCRIPTION`, `NUMBER`, `OWNER_ID`) VALUES ('home', '35015541', 505);
INSERT INTO `hobby_person` (`hobbies_ID`, `persons_ID`) VALUES (4, 505);
INSERT INTO `address` (`INFORMATION`, `STREET`, `CITY_ID`) VALUES ('1. tv', 'Kronhjortevej', 408);
INSERT INTO `person` (`ID`, `EMAIL`, `FIRSTNAME`, `LASTNAME`, `ADDRESS_ID`) VALUES (506,'Isabella@yahoo.eu', 'Isabella', 'Jonassen', 506);
INSERT INTO `phone` (`DESCRIPTION`, `NUMBER`, `OWNER_ID`) VALUES ('work', '36161187', 506);
INSERT INTO `hobby_person` (`hobbies_ID`, `persons_ID`) VALUES (4, 506);
INSERT INTO `address` (`INFORMATION`, `STREET`, `CITY_ID`) VALUES ('1. th', 'Milanovicvej', 1350);
INSERT INTO `person` (`ID`, `EMAIL`, `FIRSTNAME`, `LASTNAME`, `ADDRESS_ID`) VALUES (507,'Kasper@outlook.com', 'Kasper', 'Bobsen', 507);
INSERT INTO `phone` (`DESCRIPTION`, `NUMBER`, `OWNER_ID`) VALUES ('home', '820296', 507);
INSERT INTO `hobby_person` (`hobbies_ID`, `persons_ID`) VALUES (1, 507);
INSERT INTO `address` (`INFORMATION`, `STREET`, `CITY_ID`) VALUES ('2. tv', 'Møllevangen', 382);
INSERT INTO `person` (`ID`, `EMAIL`, `FIRSTNAME`, `LASTNAME`, `ADDRESS_ID`) VALUES (508,'Steven@gmail.eu', 'Steven', 'Stevensen', 508);
INSERT INTO `phone` (`DESCRIPTION`, `NUMBER`, `OWNER_ID`) VALUES ('home', '8681267', 508);
INSERT INTO `hobby_person` (`hobbies_ID`, `persons_ID`) VALUES (2, 508);
INSERT INTO `address` (`INFORMATION`, `STREET`, `CITY_ID`) VALUES ('2. th', 'Milanovicvej', 1165);
INSERT INTO `person` (`ID`, `EMAIL`, `FIRSTNAME`, `LASTNAME`, `ADDRESS_ID`) VALUES (509,'Isabella@zoho.eu', 'Isabella', 'Bobsen', 509);
INSERT INTO `phone` (`DESCRIPTION`, `NUMBER`, `OWNER_ID`) VALUES ('home', '25567105', 509);
INSERT INTO `hobby_person` (`hobbies_ID`, `persons_ID`) VALUES (4, 509);
INSERT INTO `address` (`INFORMATION`, `STREET`, `CITY_ID`) VALUES ('1. tv', 'Østgaardsvej', 1134);
INSERT INTO `person` (`ID`, `EMAIL`, `FIRSTNAME`, `LASTNAME`, `ADDRESS_ID`) VALUES (510,'Kristian@outlook.dk', 'Kristian', 'Thomassen', 510);
INSERT INTO `phone` (`DESCRIPTION`, `NUMBER`, `OWNER_ID`) VALUES ('mobile', '62721641', 510);
INSERT INTO `hobby_person` (`hobbies_ID`, `persons_ID`) VALUES (1, 510);
INSERT INTO `address` (`INFORMATION`, `STREET`, `CITY_ID`) VALUES ('2. th', 'Østgaardsvej', 557);
INSERT INTO `person` (`ID`, `EMAIL`, `FIRSTNAME`, `LASTNAME`, `ADDRESS_ID`) VALUES (511,'Maria@outlook.eu', 'Maria', 'Alexandersen', 511);
INSERT INTO `phone` (`DESCRIPTION`, `NUMBER`, `OWNER_ID`) VALUES ('home', '10756305', 511);
INSERT INTO `hobby_person` (`hobbies_ID`, `persons_ID`) VALUES (5, 511);
INSERT INTO `address` (`INFORMATION`, `STREET`, `CITY_ID`) VALUES ('stuen', 'Hjortekærsvej', 603);
INSERT INTO `person` (`ID`, `EMAIL`, `FIRSTNAME`, `LASTNAME`, `ADDRESS_ID`) VALUES (512,'Isabella@yahoo.dk', 'Isabella', 'Thomassen', 512);
INSERT INTO `phone` (`DESCRIPTION`, `NUMBER`, `OWNER_ID`) VALUES ('work', '63754501', 512);
INSERT INTO `hobby_person` (`hobbies_ID`, `persons_ID`) VALUES (1, 512);
INSERT INTO `address` (`INFORMATION`, `STREET`, `CITY_ID`) VALUES ('2. th', 'Ryllevej', 552);
INSERT INTO `person` (`ID`, `EMAIL`, `FIRSTNAME`, `LASTNAME`, `ADDRESS_ID`) VALUES (513,'Kim@gmail.eu', 'Kim', 'Simonsen', 513);
INSERT INTO `phone` (`DESCRIPTION`, `NUMBER`, `OWNER_ID`) VALUES ('work', '5709249', 513);
INSERT INTO `hobby_person` (`hobbies_ID`, `persons_ID`) VALUES (1, 513);
INSERT INTO `address` (`INFORMATION`, `STREET`, `CITY_ID`) VALUES ('1. tv', 'Hjortekærsvej', 957);
INSERT INTO `person` (`ID`, `EMAIL`, `FIRSTNAME`, `LASTNAME`, `ADDRESS_ID`) VALUES (514,'Jonas@hotmail.dk', 'Jonas', 'Jonassen', 514);
INSERT INTO `phone` (`DESCRIPTION`, `NUMBER`, `OWNER_ID`) VALUES ('work', '21381686', 514);
INSERT INTO `hobby_person` (`hobbies_ID`, `persons_ID`) VALUES (2, 514);
INSERT INTO `address` (`INFORMATION`, `STREET`, `CITY_ID`) VALUES ('stuen', 'Østgaardsvej', 115);
INSERT INTO `person` (`ID`, `EMAIL`, `FIRSTNAME`, `LASTNAME`, `ADDRESS_ID`) VALUES (515,'Maria@zoho.com', 'Maria', 'Stevensen', 515);
INSERT INTO `phone` (`DESCRIPTION`, `NUMBER`, `OWNER_ID`) VALUES ('mobile', '36330667', 515);
INSERT INTO `hobby_person` (`hobbies_ID`, `persons_ID`) VALUES (1, 515);
INSERT INTO `address` (`INFORMATION`, `STREET`, `CITY_ID`) VALUES ('2. th', 'Møllevangen', 799);
INSERT INTO `person` (`ID`, `EMAIL`, `FIRSTNAME`, `LASTNAME`, `ADDRESS_ID`) VALUES (516,'Thomas@gmail.eu', 'Thomas', 'Filipsen', 516);
INSERT INTO `phone` (`DESCRIPTION`, `NUMBER`, `OWNER_ID`) VALUES ('mobile', '35984236', 516);
INSERT INTO `hobby_person` (`hobbies_ID`, `persons_ID`) VALUES (3, 516);
INSERT INTO `address` (`INFORMATION`, `STREET`, `CITY_ID`) VALUES ('stuen', 'Hjortekærsvej', 874);
INSERT INTO `person` (`ID`, `EMAIL`, `FIRSTNAME`, `LASTNAME`, `ADDRESS_ID`) VALUES (517,'Filip@outlook.eu', 'Filip', 'Mikkelsen', 517);
INSERT INTO `phone` (`DESCRIPTION`, `NUMBER`, `OWNER_ID`) VALUES ('home', '33219899', 517);
INSERT INTO `hobby_person` (`hobbies_ID`, `persons_ID`) VALUES (4, 517);
INSERT INTO `address` (`INFORMATION`, `STREET`, `CITY_ID`) VALUES ('2. tv', 'Møllevangen', 945);
INSERT INTO `person` (`ID`, `EMAIL`, `FIRSTNAME`, `LASTNAME`, `ADDRESS_ID`) VALUES (518,'Ida@zoho.com', 'Ida', 'Stevensen', 518);
INSERT INTO `phone` (`DESCRIPTION`, `NUMBER`, `OWNER_ID`) VALUES ('work', '10427912', 518);
INSERT INTO `hobby_person` (`hobbies_ID`, `persons_ID`) VALUES (5, 518);
INSERT INTO `address` (`INFORMATION`, `STREET`, `CITY_ID`) VALUES ('1. tv', 'Hjortekærsvej', 1214);
INSERT INTO `person` (`ID`, `EMAIL`, `FIRSTNAME`, `LASTNAME`, `ADDRESS_ID`) VALUES (519,'Solveig@zoho.dk', 'Solveig', 'Thomassen', 519);
INSERT INTO `phone` (`DESCRIPTION`, `NUMBER`, `OWNER_ID`) VALUES ('home', '49037607', 519);
INSERT INTO `hobby_person` (`hobbies_ID`, `persons_ID`) VALUES (5, 519);
INSERT INTO `address` (`INFORMATION`, `STREET`, `CITY_ID`) VALUES ('stuen', 'Kronhjortevej', 268);
INSERT INTO `person` (`ID`, `EMAIL`, `FIRSTNAME`, `LASTNAME`, `ADDRESS_ID`) VALUES (520,'Steven@hotmail.com', 'Steven', 'Filipovic', 520);
INSERT INTO `phone` (`DESCRIPTION`, `NUMBER`, `OWNER_ID`) VALUES ('work', '41312861', 520);
INSERT INTO `hobby_person` (`hobbies_ID`, `persons_ID`) VALUES (1, 520);
INSERT INTO `address` (`INFORMATION`, `STREET`, `CITY_ID`) VALUES ('1. tv', 'Milanovicvej', 129);
INSERT INTO `person` (`ID`, `EMAIL`, `FIRSTNAME`, `LASTNAME`, `ADDRESS_ID`) VALUES (521,'Thomas@zoho.dk', 'Thomas', 'Stevensen', 521);
INSERT INTO `phone` (`DESCRIPTION`, `NUMBER`, `OWNER_ID`) VALUES ('work', '40734675', 521);
INSERT INTO `hobby_person` (`hobbies_ID`, `persons_ID`) VALUES (2, 521);
INSERT INTO `address` (`INFORMATION`, `STREET`, `CITY_ID`) VALUES ('1. th', 'Hjortekærsvej', 1156);
INSERT INTO `person` (`ID`, `EMAIL`, `FIRSTNAME`, `LASTNAME`, `ADDRESS_ID`) VALUES (522,'Isabella@gmail.com', 'Isabella', 'Filipsen', 522);
INSERT INTO `phone` (`DESCRIPTION`, `NUMBER`, `OWNER_ID`) VALUES ('work', '69746086', 522);
INSERT INTO `hobby_person` (`hobbies_ID`, `persons_ID`) VALUES (2, 522);
INSERT INTO `address` (`INFORMATION`, `STREET`, `CITY_ID`) VALUES ('1. tv', 'Ryllevej', 547);
INSERT INTO `person` (`ID`, `EMAIL`, `FIRSTNAME`, `LASTNAME`, `ADDRESS_ID`) VALUES (523,'Kasper@gmail.dk', 'Kasper', 'Filipsen', 523);
INSERT INTO `phone` (`DESCRIPTION`, `NUMBER`, `OWNER_ID`) VALUES ('home', '8225468', 523);
INSERT INTO `hobby_person` (`hobbies_ID`, `persons_ID`) VALUES (3, 523);
INSERT INTO `address` (`INFORMATION`, `STREET`, `CITY_ID`) VALUES ('1. th', 'Kronhjortevej', 1041);
INSERT INTO `person` (`ID`, `EMAIL`, `FIRSTNAME`, `LASTNAME`, `ADDRESS_ID`) VALUES (524,'Kristian@yahoo.com', 'Kristian', 'Filipsen', 524);
INSERT INTO `phone` (`DESCRIPTION`, `NUMBER`, `OWNER_ID`) VALUES ('home', '30363302', 524);
INSERT INTO `hobby_person` (`hobbies_ID`, `persons_ID`) VALUES (4, 524);
INSERT INTO `address` (`INFORMATION`, `STREET`, `CITY_ID`) VALUES ('2. th', 'Møllevangen', 1166);
INSERT INTO `person` (`ID`, `EMAIL`, `FIRSTNAME`, `LASTNAME`, `ADDRESS_ID`) VALUES (525,'Rune@yahoo.eu', 'Rune', 'Kaspersen', 525);
INSERT INTO `phone` (`DESCRIPTION`, `NUMBER`, `OWNER_ID`) VALUES ('work', '78095636', 525);
INSERT INTO `hobby_person` (`hobbies_ID`, `persons_ID`) VALUES (1, 525);
INSERT INTO `address` (`INFORMATION`, `STREET`, `CITY_ID`) VALUES ('2. tv', 'Kullevej', 159);
INSERT INTO `person` (`ID`, `EMAIL`, `FIRSTNAME`, `LASTNAME`, `ADDRESS_ID`) VALUES (526,'Thomas@protonmail.eu', 'Thomas', 'Jonassen', 526);
INSERT INTO `phone` (`DESCRIPTION`, `NUMBER`, `OWNER_ID`) VALUES ('work', '13238319', 526);
INSERT INTO `hobby_person` (`hobbies_ID`, `persons_ID`) VALUES (4, 526);
INSERT INTO `address` (`INFORMATION`, `STREET`, `CITY_ID`) VALUES ('1. tv', 'Ryllevej', 645);
INSERT INTO `person` (`ID`, `EMAIL`, `FIRSTNAME`, `LASTNAME`, `ADDRESS_ID`) VALUES (527,'Kim@outlook.com', 'Kim', 'Kaspersen', 527);
INSERT INTO `phone` (`DESCRIPTION`, `NUMBER`, `OWNER_ID`) VALUES ('home', '80487478', 527);
INSERT INTO `hobby_person` (`hobbies_ID`, `persons_ID`) VALUES (5, 527);
INSERT INTO `address` (`INFORMATION`, `STREET`, `CITY_ID`) VALUES ('1. th', 'Østgaardsvej', 92);
INSERT INTO `person` (`ID`, `EMAIL`, `FIRSTNAME`, `LASTNAME`, `ADDRESS_ID`) VALUES (528,'Mikkel@gmail.eu', 'Mikkel', 'Thomassen', 528);
INSERT INTO `phone` (`DESCRIPTION`, `NUMBER`, `OWNER_ID`) VALUES ('home', '34925235', 528);
INSERT INTO `hobby_person` (`hobbies_ID`, `persons_ID`) VALUES (2, 528);
INSERT INTO `address` (`INFORMATION`, `STREET`, `CITY_ID`) VALUES ('2. tv', 'Ryllevej', 378);
INSERT INTO `person` (`ID`, `EMAIL`, `FIRSTNAME`, `LASTNAME`, `ADDRESS_ID`) VALUES (529,'Kim@gmail.dk', 'Kim', 'Jonassen', 529);
INSERT INTO `phone` (`DESCRIPTION`, `NUMBER`, `OWNER_ID`) VALUES ('home', '17181679', 529);
INSERT INTO `hobby_person` (`hobbies_ID`, `persons_ID`) VALUES (1, 529);
INSERT INTO `address` (`INFORMATION`, `STREET`, `CITY_ID`) VALUES ('stuen', 'Kullevej', 1215);
INSERT INTO `person` (`ID`, `EMAIL`, `FIRSTNAME`, `LASTNAME`, `ADDRESS_ID`) VALUES (530,'Isabella@hotmail.dk', 'Isabella', 'Simonsen', 530);
INSERT INTO `phone` (`DESCRIPTION`, `NUMBER`, `OWNER_ID`) VALUES ('mobile', '88960265', 530);
INSERT INTO `hobby_person` (`hobbies_ID`, `persons_ID`) VALUES (2, 530);
INSERT INTO `address` (`INFORMATION`, `STREET`, `CITY_ID`) VALUES ('stuen', 'Kronhjortevej', 1008);
INSERT INTO `person` (`ID`, `EMAIL`, `FIRSTNAME`, `LASTNAME`, `ADDRESS_ID`) VALUES (531,'Alexa@zoho.eu', 'Alexa', 'Filipsen', 531);
INSERT INTO `phone` (`DESCRIPTION`, `NUMBER`, `OWNER_ID`) VALUES ('work', '15417300', 531);
INSERT INTO `hobby_person` (`hobbies_ID`, `persons_ID`) VALUES (5, 531);
INSERT INTO `address` (`INFORMATION`, `STREET`, `CITY_ID`) VALUES ('1. th', 'Møllevangen', 1181);
INSERT INTO `person` (`ID`, `EMAIL`, `FIRSTNAME`, `LASTNAME`, `ADDRESS_ID`) VALUES (532,'Mikkel@zoho.eu', 'Mikkel', 'Stevensen', 532);
INSERT INTO `phone` (`DESCRIPTION`, `NUMBER`, `OWNER_ID`) VALUES ('home', '99867038', 532);
INSERT INTO `hobby_person` (`hobbies_ID`, `persons_ID`) VALUES (2, 532);
INSERT INTO `address` (`INFORMATION`, `STREET`, `CITY_ID`) VALUES ('2. th', 'Milanovicvej', 278);
INSERT INTO `person` (`ID`, `EMAIL`, `FIRSTNAME`, `LASTNAME`, `ADDRESS_ID`) VALUES (533,'Jonas@protonmail.com', 'Jonas', 'Kaspersen', 533);
INSERT INTO `phone` (`DESCRIPTION`, `NUMBER`, `OWNER_ID`) VALUES ('home', '64104738', 533);
INSERT INTO `hobby_person` (`hobbies_ID`, `persons_ID`) VALUES (4, 533);
INSERT INTO `address` (`INFORMATION`, `STREET`, `CITY_ID`) VALUES ('stuen', 'Milanovicvej', 885);
INSERT INTO `person` (`ID`, `EMAIL`, `FIRSTNAME`, `LASTNAME`, `ADDRESS_ID`) VALUES (534,'Ida@outlook.eu', 'Ida', 'Kristiansen', 534);
INSERT INTO `phone` (`DESCRIPTION`, `NUMBER`, `OWNER_ID`) VALUES ('work', '86871062', 534);
INSERT INTO `hobby_person` (`hobbies_ID`, `persons_ID`) VALUES (2, 534);
INSERT INTO `address` (`INFORMATION`, `STREET`, `CITY_ID`) VALUES ('1. th', 'Ryllevej', 51);
INSERT INTO `person` (`ID`, `EMAIL`, `FIRSTNAME`, `LASTNAME`, `ADDRESS_ID`) VALUES (535,'Thomas@gmail.dk', 'Thomas', 'Christoffersen', 535);
INSERT INTO `phone` (`DESCRIPTION`, `NUMBER`, `OWNER_ID`) VALUES ('work', '19497659', 535);
INSERT INTO `hobby_person` (`hobbies_ID`, `persons_ID`) VALUES (3, 535);
INSERT INTO `address` (`INFORMATION`, `STREET`, `CITY_ID`) VALUES ('1. th', 'Milanovicvej', 999);
INSERT INTO `person` (`ID`, `EMAIL`, `FIRSTNAME`, `LASTNAME`, `ADDRESS_ID`) VALUES (536,'Kristian@protonmail.com', 'Kristian', 'Behrendt', 536);
INSERT INTO `phone` (`DESCRIPTION`, `NUMBER`, `OWNER_ID`) VALUES ('home', '12123017', 536);
INSERT INTO `hobby_person` (`hobbies_ID`, `persons_ID`) VALUES (2, 536);
INSERT INTO `address` (`INFORMATION`, `STREET`, `CITY_ID`) VALUES ('stuen', 'Østgaardsvej', 567);
INSERT INTO `person` (`ID`, `EMAIL`, `FIRSTNAME`, `LASTNAME`, `ADDRESS_ID`) VALUES (537,'Filip@hotmail.eu', 'Filip', 'Alexandersen', 537);
INSERT INTO `phone` (`DESCRIPTION`, `NUMBER`, `OWNER_ID`) VALUES ('mobile', '16099904', 537);
INSERT INTO `hobby_person` (`hobbies_ID`, `persons_ID`) VALUES (2, 537);
INSERT INTO `address` (`INFORMATION`, `STREET`, `CITY_ID`) VALUES ('stuen', 'Ryllevej', 202);
INSERT INTO `person` (`ID`, `EMAIL`, `FIRSTNAME`, `LASTNAME`, `ADDRESS_ID`) VALUES (538,'Alexa@outlook.dk', 'Alexa', 'Vestergaard', 538);
INSERT INTO `phone` (`DESCRIPTION`, `NUMBER`, `OWNER_ID`) VALUES ('mobile', '10491806', 538);
INSERT INTO `hobby_person` (`hobbies_ID`, `persons_ID`) VALUES (4, 538);
INSERT INTO `address` (`INFORMATION`, `STREET`, `CITY_ID`) VALUES ('1. tv', 'Kullevej', 666);
INSERT INTO `person` (`ID`, `EMAIL`, `FIRSTNAME`, `LASTNAME`, `ADDRESS_ID`) VALUES (539,'Alexander@protonmail.dk', 'Alexander', 'Vestergaard', 539);
INSERT INTO `phone` (`DESCRIPTION`, `NUMBER`, `OWNER_ID`) VALUES ('work', '71985355', 539);
INSERT INTO `hobby_person` (`hobbies_ID`, `persons_ID`) VALUES (2, 539);
INSERT INTO `address` (`INFORMATION`, `STREET`, `CITY_ID`) VALUES ('2. th', 'Milanovicvej', 686);
INSERT INTO `person` (`ID`, `EMAIL`, `FIRSTNAME`, `LASTNAME`, `ADDRESS_ID`) VALUES (540,'Christoffer@zoho.dk', 'Christoffer', 'Jonassen', 540);
INSERT INTO `phone` (`DESCRIPTION`, `NUMBER`, `OWNER_ID`) VALUES ('work', '21417729', 540);
INSERT INTO `hobby_person` (`hobbies_ID`, `persons_ID`) VALUES (1, 540);
INSERT INTO `address` (`INFORMATION`, `STREET`, `CITY_ID`) VALUES ('2. tv', 'Møllevangen', 958);
INSERT INTO `person` (`ID`, `EMAIL`, `FIRSTNAME`, `LASTNAME`, `ADDRESS_ID`) VALUES (541,'Ida@yahoo.dk', 'Ida', 'Alexandersen', 541);
INSERT INTO `phone` (`DESCRIPTION`, `NUMBER`, `OWNER_ID`) VALUES ('work', '32430200', 541);
INSERT INTO `hobby_person` (`hobbies_ID`, `persons_ID`) VALUES (1, 541);
INSERT INTO `address` (`INFORMATION`, `STREET`, `CITY_ID`) VALUES ('stuen', 'Kronhjortevej', 927);
INSERT INTO `person` (`ID`, `EMAIL`, `FIRSTNAME`, `LASTNAME`, `ADDRESS_ID`) VALUES (542,'Alexa@outlook.eu', 'Alexa', 'Alexandersen', 542);
INSERT INTO `phone` (`DESCRIPTION`, `NUMBER`, `OWNER_ID`) VALUES ('work', '9532391', 542);
INSERT INTO `hobby_person` (`hobbies_ID`, `persons_ID`) VALUES (3, 542);
INSERT INTO `address` (`INFORMATION`, `STREET`, `CITY_ID`) VALUES ('1. tv', 'Hjortekærsvej', 577);
INSERT INTO `person` (`ID`, `EMAIL`, `FIRSTNAME`, `LASTNAME`, `ADDRESS_ID`) VALUES (543,'Kim@gmail.dk', 'Kim', 'Alexandersen', 543);
INSERT INTO `phone` (`DESCRIPTION`, `NUMBER`, `OWNER_ID`) VALUES ('work', '28821396', 543);
INSERT INTO `hobby_person` (`hobbies_ID`, `persons_ID`) VALUES (5, 543);
INSERT INTO `address` (`INFORMATION`, `STREET`, `CITY_ID`) VALUES ('2. tv', 'Kronhjortevej', 47);
INSERT INTO `person` (`ID`, `EMAIL`, `FIRSTNAME`, `LASTNAME`, `ADDRESS_ID`) VALUES (544,'Alexander@hotmail.eu', 'Alexander', 'Filipsen', 544);
INSERT INTO `phone` (`DESCRIPTION`, `NUMBER`, `OWNER_ID`) VALUES ('home', '37196276', 544);
INSERT INTO `hobby_person` (`hobbies_ID`, `persons_ID`) VALUES (3, 544);
INSERT INTO `address` (`INFORMATION`, `STREET`, `CITY_ID`) VALUES ('stuen', 'Hjortekærsvej', 334);
INSERT INTO `person` (`ID`, `EMAIL`, `FIRSTNAME`, `LASTNAME`, `ADDRESS_ID`) VALUES (545,'Rune@gmail.dk', 'Rune', 'Jonassen', 545);
INSERT INTO `phone` (`DESCRIPTION`, `NUMBER`, `OWNER_ID`) VALUES ('mobile', '24465864', 545);
INSERT INTO `hobby_person` (`hobbies_ID`, `persons_ID`) VALUES (5, 545);
INSERT INTO `address` (`INFORMATION`, `STREET`, `CITY_ID`) VALUES ('1. tv', 'Ryllevej', 1166);
INSERT INTO `person` (`ID`, `EMAIL`, `FIRSTNAME`, `LASTNAME`, `ADDRESS_ID`) VALUES (546,'Mikkel@hotmail.eu', 'Mikkel', 'Christoffersen', 546);
INSERT INTO `phone` (`DESCRIPTION`, `NUMBER`, `OWNER_ID`) VALUES ('mobile', '57918357', 546);
INSERT INTO `hobby_person` (`hobbies_ID`, `persons_ID`) VALUES (1, 546);
INSERT INTO `address` (`INFORMATION`, `STREET`, `CITY_ID`) VALUES ('stuen', 'Møllevangen', 336);
INSERT INTO `person` (`ID`, `EMAIL`, `FIRSTNAME`, `LASTNAME`, `ADDRESS_ID`) VALUES (547,'Bob@hotmail.dk', 'Bob', 'Behrendt', 547);
INSERT INTO `phone` (`DESCRIPTION`, `NUMBER`, `OWNER_ID`) VALUES ('work', '56686703', 547);
INSERT INTO `hobby_person` (`hobbies_ID`, `persons_ID`) VALUES (2, 547);
INSERT INTO `address` (`INFORMATION`, `STREET`, `CITY_ID`) VALUES ('2. th', 'Østgaardsvej', 709);
INSERT INTO `person` (`ID`, `EMAIL`, `FIRSTNAME`, `LASTNAME`, `ADDRESS_ID`) VALUES (548,'Rune@zoho.com', 'Rune', 'Vestergaard', 548);
INSERT INTO `phone` (`DESCRIPTION`, `NUMBER`, `OWNER_ID`) VALUES ('mobile', '79313132', 548);
INSERT INTO `hobby_person` (`hobbies_ID`, `persons_ID`) VALUES (1, 548);
INSERT INTO `address` (`INFORMATION`, `STREET`, `CITY_ID`) VALUES ('1. tv', 'Møllevangen', 613);
INSERT INTO `person` (`ID`, `EMAIL`, `FIRSTNAME`, `LASTNAME`, `ADDRESS_ID`) VALUES (549,'Bob@protonmail.eu', 'Bob', 'Mikkelsen', 549);
INSERT INTO `phone` (`DESCRIPTION`, `NUMBER`, `OWNER_ID`) VALUES ('home', '19370174', 549);
INSERT INTO `hobby_person` (`hobbies_ID`, `persons_ID`) VALUES (1, 549);
INSERT INTO `address` (`INFORMATION`, `STREET`, `CITY_ID`) VALUES ('1. tv', 'Østgaardsvej', 457);
INSERT INTO `person` (`ID`, `EMAIL`, `FIRSTNAME`, `LASTNAME`, `ADDRESS_ID`) VALUES (550,'Solveig@zoho.com', 'Solveig', 'Mikkelsen', 550);
INSERT INTO `phone` (`DESCRIPTION`, `NUMBER`, `OWNER_ID`) VALUES ('home', '95859456', 550);
INSERT INTO `hobby_person` (`hobbies_ID`, `persons_ID`) VALUES (3, 550);
INSERT INTO `address` (`INFORMATION`, `STREET`, `CITY_ID`) VALUES ('stuen', 'Østgaardsvej', 1192);
INSERT INTO `person` (`ID`, `EMAIL`, `FIRSTNAME`, `LASTNAME`, `ADDRESS_ID`) VALUES (551,'Christoffer@protonmail.com', 'Christoffer', 'Filipovic', 551);
INSERT INTO `phone` (`DESCRIPTION`, `NUMBER`, `OWNER_ID`) VALUES ('mobile', '60915566', 551);
INSERT INTO `hobby_person` (`hobbies_ID`, `persons_ID`) VALUES (4, 551);
INSERT INTO `address` (`INFORMATION`, `STREET`, `CITY_ID`) VALUES ('2. th', 'Kronhjortevej', 587);
INSERT INTO `person` (`ID`, `EMAIL`, `FIRSTNAME`, `LASTNAME`, `ADDRESS_ID`) VALUES (552,'Mia@yahoo.eu', 'Mia', 'Filipovic', 552);
INSERT INTO `phone` (`DESCRIPTION`, `NUMBER`, `OWNER_ID`) VALUES ('mobile', '1065137', 552);
INSERT INTO `hobby_person` (`hobbies_ID`, `persons_ID`) VALUES (4, 552);
INSERT INTO `address` (`INFORMATION`, `STREET`, `CITY_ID`) VALUES ('2. tv', 'Østgaardsvej', 408);
INSERT INTO `person` (`ID`, `EMAIL`, `FIRSTNAME`, `LASTNAME`, `ADDRESS_ID`) VALUES (553,'Kristian@gmail.com', 'Kristian', 'Christoffersen', 553);
INSERT INTO `phone` (`DESCRIPTION`, `NUMBER`, `OWNER_ID`) VALUES ('work', '27005099', 553);
INSERT INTO `hobby_person` (`hobbies_ID`, `persons_ID`) VALUES (4, 553);
INSERT INTO `address` (`INFORMATION`, `STREET`, `CITY_ID`) VALUES ('2. th', 'Møllevangen', 197);
INSERT INTO `person` (`ID`, `EMAIL`, `FIRSTNAME`, `LASTNAME`, `ADDRESS_ID`) VALUES (554,'Kasper@yahoo.dk', 'Kasper', 'Vestergaard', 554);
INSERT INTO `phone` (`DESCRIPTION`, `NUMBER`, `OWNER_ID`) VALUES ('mobile', '5911157', 554);
INSERT INTO `hobby_person` (`hobbies_ID`, `persons_ID`) VALUES (2, 554);
INSERT INTO `address` (`INFORMATION`, `STREET`, `CITY_ID`) VALUES ('1. tv', 'Østgaardsvej', 1229);
INSERT INTO `person` (`ID`, `EMAIL`, `FIRSTNAME`, `LASTNAME`, `ADDRESS_ID`) VALUES (555,'Filip@protonmail.eu', 'Filip', 'Christoffersen', 555);
INSERT INTO `phone` (`DESCRIPTION`, `NUMBER`, `OWNER_ID`) VALUES ('home', '25657910', 555);
INSERT INTO `hobby_person` (`hobbies_ID`, `persons_ID`) VALUES (2, 555);
INSERT INTO `address` (`INFORMATION`, `STREET`, `CITY_ID`) VALUES ('1. tv', 'Milanovicvej', 1008);
INSERT INTO `person` (`ID`, `EMAIL`, `FIRSTNAME`, `LASTNAME`, `ADDRESS_ID`) VALUES (556,'Bob@protonmail.dk', 'Bob', 'Christoffersen', 556);
INSERT INTO `phone` (`DESCRIPTION`, `NUMBER`, `OWNER_ID`) VALUES ('mobile', '88411328', 556);
INSERT INTO `hobby_person` (`hobbies_ID`, `persons_ID`) VALUES (3, 556);
INSERT INTO `address` (`INFORMATION`, `STREET`, `CITY_ID`) VALUES ('2. tv', 'Milanovicvej', 657);
INSERT INTO `person` (`ID`, `EMAIL`, `FIRSTNAME`, `LASTNAME`, `ADDRESS_ID`) VALUES (557,'Solveig@gmail.eu', 'Solveig', 'Jonassen', 557);
INSERT INTO `phone` (`DESCRIPTION`, `NUMBER`, `OWNER_ID`) VALUES ('home', '73587159', 557);
INSERT INTO `hobby_person` (`hobbies_ID`, `persons_ID`) VALUES (1, 557);
INSERT INTO `address` (`INFORMATION`, `STREET`, `CITY_ID`) VALUES ('2. tv', 'Ryllevej', 761);
INSERT INTO `person` (`ID`, `EMAIL`, `FIRSTNAME`, `LASTNAME`, `ADDRESS_ID`) VALUES (558,'Isabella@zoho.dk', 'Isabella', 'Kristiansen', 558);
INSERT INTO `phone` (`DESCRIPTION`, `NUMBER`, `OWNER_ID`) VALUES ('home', '56850580', 558);
INSERT INTO `hobby_person` (`hobbies_ID`, `persons_ID`) VALUES (5, 558);
INSERT INTO `address` (`INFORMATION`, `STREET`, `CITY_ID`) VALUES ('1. tv', 'Milanovicvej', 675);
INSERT INTO `person` (`ID`, `EMAIL`, `FIRSTNAME`, `LASTNAME`, `ADDRESS_ID`) VALUES (559,'Filip@outlook.dk', 'Filip', 'Jonassen', 559);
INSERT INTO `phone` (`DESCRIPTION`, `NUMBER`, `OWNER_ID`) VALUES ('mobile', '47801391', 559);
INSERT INTO `hobby_person` (`hobbies_ID`, `persons_ID`) VALUES (2, 559);
INSERT INTO `address` (`INFORMATION`, `STREET`, `CITY_ID`) VALUES ('2. tv', 'Milanovicvej', 780);
INSERT INTO `person` (`ID`, `EMAIL`, `FIRSTNAME`, `LASTNAME`, `ADDRESS_ID`) VALUES (560,'Bob@zoho.eu', 'Bob', 'Filipovic', 560);
INSERT INTO `phone` (`DESCRIPTION`, `NUMBER`, `OWNER_ID`) VALUES ('home', '69730173', 560);
INSERT INTO `hobby_person` (`hobbies_ID`, `persons_ID`) VALUES (4, 560);
INSERT INTO `address` (`INFORMATION`, `STREET`, `CITY_ID`) VALUES ('2. th', 'Østgaardsvej', 1111);
INSERT INTO `person` (`ID`, `EMAIL`, `FIRSTNAME`, `LASTNAME`, `ADDRESS_ID`) VALUES (561,'Ida@outlook.eu', 'Ida', 'Thomassen', 561);
INSERT INTO `phone` (`DESCRIPTION`, `NUMBER`, `OWNER_ID`) VALUES ('home', '71505910', 561);
INSERT INTO `hobby_person` (`hobbies_ID`, `persons_ID`) VALUES (5, 561);
INSERT INTO `address` (`INFORMATION`, `STREET`, `CITY_ID`) VALUES ('2. th', 'Milanovicvej', 411);
INSERT INTO `person` (`ID`, `EMAIL`, `FIRSTNAME`, `LASTNAME`, `ADDRESS_ID`) VALUES (562,'Kristian@zoho.eu', 'Kristian', 'Kristiansen', 562);
INSERT INTO `phone` (`DESCRIPTION`, `NUMBER`, `OWNER_ID`) VALUES ('work', '7303817', 562);
INSERT INTO `hobby_person` (`hobbies_ID`, `persons_ID`) VALUES (4, 562);
INSERT INTO `address` (`INFORMATION`, `STREET`, `CITY_ID`) VALUES ('2. tv', 'Milanovicvej', 737);
INSERT INTO `person` (`ID`, `EMAIL`, `FIRSTNAME`, `LASTNAME`, `ADDRESS_ID`) VALUES (563,'Mia@protonmail.com', 'Mia', 'Stevensen', 563);
INSERT INTO `phone` (`DESCRIPTION`, `NUMBER`, `OWNER_ID`) VALUES ('mobile', '52176656', 563);
INSERT INTO `hobby_person` (`hobbies_ID`, `persons_ID`) VALUES (2, 563);
INSERT INTO `address` (`INFORMATION`, `STREET`, `CITY_ID`) VALUES ('1. th', 'Østgaardsvej', 1224);
INSERT INTO `person` (`ID`, `EMAIL`, `FIRSTNAME`, `LASTNAME`, `ADDRESS_ID`) VALUES (564,'Alexa@gmail.com', 'Alexa', 'Mikkelsen', 564);
INSERT INTO `phone` (`DESCRIPTION`, `NUMBER`, `OWNER_ID`) VALUES ('mobile', '44164030', 564);
INSERT INTO `hobby_person` (`hobbies_ID`, `persons_ID`) VALUES (5, 564);
INSERT INTO `address` (`INFORMATION`, `STREET`, `CITY_ID`) VALUES ('2. th', 'Kullevej', 499);
INSERT INTO `person` (`ID`, `EMAIL`, `FIRSTNAME`, `LASTNAME`, `ADDRESS_ID`) VALUES (565,'Jonas@hotmail.com', 'Jonas', 'Simonsen', 565);
INSERT INTO `phone` (`DESCRIPTION`, `NUMBER`, `OWNER_ID`) VALUES ('home', '80276198', 565);
INSERT INTO `hobby_person` (`hobbies_ID`, `persons_ID`) VALUES (2, 565);
INSERT INTO `address` (`INFORMATION`, `STREET`, `CITY_ID`) VALUES ('2. tv', 'Ryllevej', 195);
INSERT INTO `person` (`ID`, `EMAIL`, `FIRSTNAME`, `LASTNAME`, `ADDRESS_ID`) VALUES (566,'Christoffer@gmail.dk', 'Christoffer', 'Runesen', 566);
INSERT INTO `phone` (`DESCRIPTION`, `NUMBER`, `OWNER_ID`) VALUES ('work', '80677071', 566);
INSERT INTO `hobby_person` (`hobbies_ID`, `persons_ID`) VALUES (5, 566);
INSERT INTO `address` (`INFORMATION`, `STREET`, `CITY_ID`) VALUES ('2. tv', 'Østgaardsvej', 56);
INSERT INTO `person` (`ID`, `EMAIL`, `FIRSTNAME`, `LASTNAME`, `ADDRESS_ID`) VALUES (567,'Mikkel@hotmail.com', 'Mikkel', 'Runesen', 567);
INSERT INTO `phone` (`DESCRIPTION`, `NUMBER`, `OWNER_ID`) VALUES ('home', '17236175', 567);
INSERT INTO `hobby_person` (`hobbies_ID`, `persons_ID`) VALUES (2, 567);
INSERT INTO `address` (`INFORMATION`, `STREET`, `CITY_ID`) VALUES ('1. th', 'Østgaardsvej', 866);
INSERT INTO `person` (`ID`, `EMAIL`, `FIRSTNAME`, `LASTNAME`, `ADDRESS_ID`) VALUES (568,'Jonas@protonmail.com', 'Jonas', 'Jonassen', 568);
INSERT INTO `phone` (`DESCRIPTION`, `NUMBER`, `OWNER_ID`) VALUES ('work', '52746160', 568);
INSERT INTO `hobby_person` (`hobbies_ID`, `persons_ID`) VALUES (3, 568);
INSERT INTO `address` (`INFORMATION`, `STREET`, `CITY_ID`) VALUES ('1. tv', 'Ryllevej', 703);
INSERT INTO `person` (`ID`, `EMAIL`, `FIRSTNAME`, `LASTNAME`, `ADDRESS_ID`) VALUES (569,'Mia@gmail.dk', 'Mia', 'Thomassen', 569);
INSERT INTO `phone` (`DESCRIPTION`, `NUMBER`, `OWNER_ID`) VALUES ('mobile', '22645309', 569);
INSERT INTO `hobby_person` (`hobbies_ID`, `persons_ID`) VALUES (5, 569);
INSERT INTO `address` (`INFORMATION`, `STREET`, `CITY_ID`) VALUES ('2. tv', 'Milanovicvej', 444);
INSERT INTO `person` (`ID`, `EMAIL`, `FIRSTNAME`, `LASTNAME`, `ADDRESS_ID`) VALUES (570,'Jonas@zoho.eu', 'Jonas', 'Alexandersen', 570);
INSERT INTO `phone` (`DESCRIPTION`, `NUMBER`, `OWNER_ID`) VALUES ('work', '12481559', 570);
INSERT INTO `hobby_person` (`hobbies_ID`, `persons_ID`) VALUES (4, 570);
INSERT INTO `address` (`INFORMATION`, `STREET`, `CITY_ID`) VALUES ('2. th', 'Milanovicvej', 195);
INSERT INTO `person` (`ID`, `EMAIL`, `FIRSTNAME`, `LASTNAME`, `ADDRESS_ID`) VALUES (571,'Isabella@yahoo.dk', 'Isabella', 'Filipovic', 571);
INSERT INTO `phone` (`DESCRIPTION`, `NUMBER`, `OWNER_ID`) VALUES ('home', '68112878', 571);
INSERT INTO `hobby_person` (`hobbies_ID`, `persons_ID`) VALUES (4, 571);
INSERT INTO `address` (`INFORMATION`, `STREET`, `CITY_ID`) VALUES ('1. tv', 'Møllevangen', 252);
INSERT INTO `person` (`ID`, `EMAIL`, `FIRSTNAME`, `LASTNAME`, `ADDRESS_ID`) VALUES (572,'Christoffer@protonmail.eu', 'Christoffer', 'Stevensen', 572);
INSERT INTO `phone` (`DESCRIPTION`, `NUMBER`, `OWNER_ID`) VALUES ('home', '56951504', 572);
INSERT INTO `hobby_person` (`hobbies_ID`, `persons_ID`) VALUES (3, 572);
INSERT INTO `address` (`INFORMATION`, `STREET`, `CITY_ID`) VALUES ('1. th', 'Ryllevej', 528);
INSERT INTO `person` (`ID`, `EMAIL`, `FIRSTNAME`, `LASTNAME`, `ADDRESS_ID`) VALUES (573,'Jonas@yahoo.com', 'Jonas', 'Christoffersen', 573);
INSERT INTO `phone` (`DESCRIPTION`, `NUMBER`, `OWNER_ID`) VALUES ('work', '33190712', 573);
INSERT INTO `hobby_person` (`hobbies_ID`, `persons_ID`) VALUES (1, 573);
INSERT INTO `address` (`INFORMATION`, `STREET`, `CITY_ID`) VALUES ('2. tv', 'Milanovicvej', 263);
INSERT INTO `person` (`ID`, `EMAIL`, `FIRSTNAME`, `LASTNAME`, `ADDRESS_ID`) VALUES (574,'Maria@protonmail.dk', 'Maria', 'Kaspersen', 574);
INSERT INTO `phone` (`DESCRIPTION`, `NUMBER`, `OWNER_ID`) VALUES ('work', '55849678', 574);
INSERT INTO `hobby_person` (`hobbies_ID`, `persons_ID`) VALUES (5, 574);
INSERT INTO `address` (`INFORMATION`, `STREET`, `CITY_ID`) VALUES ('1. tv', 'Kullevej', 1044);
INSERT INTO `person` (`ID`, `EMAIL`, `FIRSTNAME`, `LASTNAME`, `ADDRESS_ID`) VALUES (575,'Christoffer@outlook.eu', 'Christoffer', 'Christoffersen', 575);
INSERT INTO `phone` (`DESCRIPTION`, `NUMBER`, `OWNER_ID`) VALUES ('home', '57029120', 575);
INSERT INTO `hobby_person` (`hobbies_ID`, `persons_ID`) VALUES (2, 575);
INSERT INTO `address` (`INFORMATION`, `STREET`, `CITY_ID`) VALUES ('1. th', 'Østgaardsvej', 233);
INSERT INTO `person` (`ID`, `EMAIL`, `FIRSTNAME`, `LASTNAME`, `ADDRESS_ID`) VALUES (576,'Steven@protonmail.eu', 'Steven', 'Vestergaard', 576);
INSERT INTO `phone` (`DESCRIPTION`, `NUMBER`, `OWNER_ID`) VALUES ('work', '52900059', 576);
INSERT INTO `hobby_person` (`hobbies_ID`, `persons_ID`) VALUES (3, 576);
INSERT INTO `address` (`INFORMATION`, `STREET`, `CITY_ID`) VALUES ('1. tv', 'Kullevej', 119);
INSERT INTO `person` (`ID`, `EMAIL`, `FIRSTNAME`, `LASTNAME`, `ADDRESS_ID`) VALUES (577,'Mikkel@zoho.com', 'Mikkel', 'Jonassen', 577);
INSERT INTO `phone` (`DESCRIPTION`, `NUMBER`, `OWNER_ID`) VALUES ('work', '71407077', 577);
INSERT INTO `hobby_person` (`hobbies_ID`, `persons_ID`) VALUES (1, 577);
INSERT INTO `address` (`INFORMATION`, `STREET`, `CITY_ID`) VALUES ('2. tv', 'Ryllevej', 1018);
INSERT INTO `person` (`ID`, `EMAIL`, `FIRSTNAME`, `LASTNAME`, `ADDRESS_ID`) VALUES (578,'Rune@protonmail.dk', 'Rune', 'Simonsen', 578);
INSERT INTO `phone` (`DESCRIPTION`, `NUMBER`, `OWNER_ID`) VALUES ('mobile', '7493237', 578);
INSERT INTO `hobby_person` (`hobbies_ID`, `persons_ID`) VALUES (5, 578);
INSERT INTO `address` (`INFORMATION`, `STREET`, `CITY_ID`) VALUES ('2. th', 'Kronhjortevej', 920);
INSERT INTO `person` (`ID`, `EMAIL`, `FIRSTNAME`, `LASTNAME`, `ADDRESS_ID`) VALUES (579,'Mia@protonmail.com', 'Mia', 'Mikkelsen', 579);
INSERT INTO `phone` (`DESCRIPTION`, `NUMBER`, `OWNER_ID`) VALUES ('home', '80699521', 579);
INSERT INTO `hobby_person` (`hobbies_ID`, `persons_ID`) VALUES (4, 579);
INSERT INTO `address` (`INFORMATION`, `STREET`, `CITY_ID`) VALUES ('1. tv', 'Hjortekærsvej', 464);
INSERT INTO `person` (`ID`, `EMAIL`, `FIRSTNAME`, `LASTNAME`, `ADDRESS_ID`) VALUES (580,'Kim@gmail.eu', 'Kim', 'Alexandersen', 580);
INSERT INTO `phone` (`DESCRIPTION`, `NUMBER`, `OWNER_ID`) VALUES ('home', '71919644', 580);
INSERT INTO `hobby_person` (`hobbies_ID`, `persons_ID`) VALUES (5, 580);
INSERT INTO `address` (`INFORMATION`, `STREET`, `CITY_ID`) VALUES ('1. th', 'Møllevangen', 701);
INSERT INTO `person` (`ID`, `EMAIL`, `FIRSTNAME`, `LASTNAME`, `ADDRESS_ID`) VALUES (581,'Christoffer@protonmail.dk', 'Christoffer', 'Christoffersen', 581);
INSERT INTO `phone` (`DESCRIPTION`, `NUMBER`, `OWNER_ID`) VALUES ('home', '37432735', 581);
INSERT INTO `hobby_person` (`hobbies_ID`, `persons_ID`) VALUES (3, 581);
INSERT INTO `address` (`INFORMATION`, `STREET`, `CITY_ID`) VALUES ('2. tv', 'Hjortekærsvej', 800);
INSERT INTO `person` (`ID`, `EMAIL`, `FIRSTNAME`, `LASTNAME`, `ADDRESS_ID`) VALUES (582,'Kasper@gmail.com', 'Kasper', 'Vestergaard', 582);
INSERT INTO `phone` (`DESCRIPTION`, `NUMBER`, `OWNER_ID`) VALUES ('home', '266877', 582);
INSERT INTO `hobby_person` (`hobbies_ID`, `persons_ID`) VALUES (3, 582);
INSERT INTO `address` (`INFORMATION`, `STREET`, `CITY_ID`) VALUES ('stuen', 'Møllevangen', 558);
INSERT INTO `person` (`ID`, `EMAIL`, `FIRSTNAME`, `LASTNAME`, `ADDRESS_ID`) VALUES (583,'Kim@protonmail.com', 'Kim', 'Alexandersen', 583);
INSERT INTO `phone` (`DESCRIPTION`, `NUMBER`, `OWNER_ID`) VALUES ('home', '28979779', 583);
INSERT INTO `hobby_person` (`hobbies_ID`, `persons_ID`) VALUES (1, 583);
INSERT INTO `address` (`INFORMATION`, `STREET`, `CITY_ID`) VALUES ('stuen', 'Hjortekærsvej', 647);
INSERT INTO `person` (`ID`, `EMAIL`, `FIRSTNAME`, `LASTNAME`, `ADDRESS_ID`) VALUES (584,'Jonas@protonmail.dk', 'Jonas', 'Thomassen', 584);
INSERT INTO `phone` (`DESCRIPTION`, `NUMBER`, `OWNER_ID`) VALUES ('home', '57937856', 584);
INSERT INTO `hobby_person` (`hobbies_ID`, `persons_ID`) VALUES (4, 584);
INSERT INTO `address` (`INFORMATION`, `STREET`, `CITY_ID`) VALUES ('1. th', 'Østgaardsvej', 598);
INSERT INTO `person` (`ID`, `EMAIL`, `FIRSTNAME`, `LASTNAME`, `ADDRESS_ID`) VALUES (585,'Mikkel@yahoo.eu', 'Mikkel', 'Alexandersen', 585);
INSERT INTO `phone` (`DESCRIPTION`, `NUMBER`, `OWNER_ID`) VALUES ('mobile', '75076592', 585);
INSERT INTO `hobby_person` (`hobbies_ID`, `persons_ID`) VALUES (2, 585);
INSERT INTO `address` (`INFORMATION`, `STREET`, `CITY_ID`) VALUES ('2. tv', 'Kronhjortevej', 175);
INSERT INTO `person` (`ID`, `EMAIL`, `FIRSTNAME`, `LASTNAME`, `ADDRESS_ID`) VALUES (586,'Kristian@outlook.dk', 'Kristian', 'Runesen', 586);
INSERT INTO `phone` (`DESCRIPTION`, `NUMBER`, `OWNER_ID`) VALUES ('work', '67527930', 586);
INSERT INTO `hobby_person` (`hobbies_ID`, `persons_ID`) VALUES (3, 586);
INSERT INTO `address` (`INFORMATION`, `STREET`, `CITY_ID`) VALUES ('2. th', 'Kullevej', 1231);
INSERT INTO `person` (`ID`, `EMAIL`, `FIRSTNAME`, `LASTNAME`, `ADDRESS_ID`) VALUES (587,'Rune@gmail.com', 'Rune', 'Behrendt', 587);
INSERT INTO `phone` (`DESCRIPTION`, `NUMBER`, `OWNER_ID`) VALUES ('mobile', '76852340', 587);
INSERT INTO `hobby_person` (`hobbies_ID`, `persons_ID`) VALUES (1, 587);
INSERT INTO `address` (`INFORMATION`, `STREET`, `CITY_ID`) VALUES ('1. th', 'Møllevangen', 1112);
INSERT INTO `person` (`ID`, `EMAIL`, `FIRSTNAME`, `LASTNAME`, `ADDRESS_ID`) VALUES (588,'Isabella@yahoo.com', 'Isabella', 'Kristiansen', 588);
INSERT INTO `phone` (`DESCRIPTION`, `NUMBER`, `OWNER_ID`) VALUES ('home', '55212032', 588);
INSERT INTO `hobby_person` (`hobbies_ID`, `persons_ID`) VALUES (3, 588);
INSERT INTO `address` (`INFORMATION`, `STREET`, `CITY_ID`) VALUES ('2. th', 'Kullevej', 273);
INSERT INTO `person` (`ID`, `EMAIL`, `FIRSTNAME`, `LASTNAME`, `ADDRESS_ID`) VALUES (589,'Mia@protonmail.eu', 'Mia', 'Vestergaard', 589);
INSERT INTO `phone` (`DESCRIPTION`, `NUMBER`, `OWNER_ID`) VALUES ('home', '77337292', 589);
INSERT INTO `hobby_person` (`hobbies_ID`, `persons_ID`) VALUES (5, 589);
INSERT INTO `address` (`INFORMATION`, `STREET`, `CITY_ID`) VALUES ('stuen', 'Ryllevej', 934);
INSERT INTO `person` (`ID`, `EMAIL`, `FIRSTNAME`, `LASTNAME`, `ADDRESS_ID`) VALUES (590,'Alexander@outlook.eu', 'Alexander', 'Jonassen', 590);
INSERT INTO `phone` (`DESCRIPTION`, `NUMBER`, `OWNER_ID`) VALUES ('mobile', '34471173', 590);
INSERT INTO `hobby_person` (`hobbies_ID`, `persons_ID`) VALUES (5, 590);
INSERT INTO `address` (`INFORMATION`, `STREET`, `CITY_ID`) VALUES ('1. tv', 'Østgaardsvej', 313);
INSERT INTO `person` (`ID`, `EMAIL`, `FIRSTNAME`, `LASTNAME`, `ADDRESS_ID`) VALUES (591,'Kim@yahoo.eu', 'Kim', 'Stevensen', 591);
INSERT INTO `phone` (`DESCRIPTION`, `NUMBER`, `OWNER_ID`) VALUES ('home', '36249933', 591);
INSERT INTO `hobby_person` (`hobbies_ID`, `persons_ID`) VALUES (5, 591);
INSERT INTO `address` (`INFORMATION`, `STREET`, `CITY_ID`) VALUES ('stuen', 'Milanovicvej', 181);
INSERT INTO `person` (`ID`, `EMAIL`, `FIRSTNAME`, `LASTNAME`, `ADDRESS_ID`) VALUES (592,'Thomas@protonmail.eu', 'Thomas', 'Stevensen', 592);
INSERT INTO `phone` (`DESCRIPTION`, `NUMBER`, `OWNER_ID`) VALUES ('home', '79736754', 592);
INSERT INTO `hobby_person` (`hobbies_ID`, `persons_ID`) VALUES (3, 592);
INSERT INTO `address` (`INFORMATION`, `STREET`, `CITY_ID`) VALUES ('stuen', 'Kullevej', 915);
INSERT INTO `person` (`ID`, `EMAIL`, `FIRSTNAME`, `LASTNAME`, `ADDRESS_ID`) VALUES (593,'Kasper@zoho.eu', 'Kasper', 'Stevensen', 593);
INSERT INTO `phone` (`DESCRIPTION`, `NUMBER`, `OWNER_ID`) VALUES ('work', '23950604', 593);
INSERT INTO `hobby_person` (`hobbies_ID`, `persons_ID`) VALUES (3, 593);
INSERT INTO `address` (`INFORMATION`, `STREET`, `CITY_ID`) VALUES ('2. th', 'Kullevej', 988);
INSERT INTO `person` (`ID`, `EMAIL`, `FIRSTNAME`, `LASTNAME`, `ADDRESS_ID`) VALUES (594,'Alexa@yahoo.dk', 'Alexa', 'Filipovic', 594);
INSERT INTO `phone` (`DESCRIPTION`, `NUMBER`, `OWNER_ID`) VALUES ('work', '16276867', 594);
INSERT INTO `hobby_person` (`hobbies_ID`, `persons_ID`) VALUES (1, 594);
INSERT INTO `address` (`INFORMATION`, `STREET`, `CITY_ID`) VALUES ('2. th', 'Milanovicvej', 798);
INSERT INTO `person` (`ID`, `EMAIL`, `FIRSTNAME`, `LASTNAME`, `ADDRESS_ID`) VALUES (595,'Jonas@gmail.dk', 'Jonas', 'Simonsen', 595);
INSERT INTO `phone` (`DESCRIPTION`, `NUMBER`, `OWNER_ID`) VALUES ('home', '78967495', 595);
INSERT INTO `hobby_person` (`hobbies_ID`, `persons_ID`) VALUES (3, 595);
INSERT INTO `address` (`INFORMATION`, `STREET`, `CITY_ID`) VALUES ('2. tv', 'Ryllevej', 1206);
INSERT INTO `person` (`ID`, `EMAIL`, `FIRSTNAME`, `LASTNAME`, `ADDRESS_ID`) VALUES (596,'Maria@yahoo.eu', 'Maria', 'Behrendt', 596);
INSERT INTO `phone` (`DESCRIPTION`, `NUMBER`, `OWNER_ID`) VALUES ('home', '59930537', 596);
INSERT INTO `hobby_person` (`hobbies_ID`, `persons_ID`) VALUES (4, 596);
INSERT INTO `address` (`INFORMATION`, `STREET`, `CITY_ID`) VALUES ('2. th', 'Hjortekærsvej', 88);
INSERT INTO `person` (`ID`, `EMAIL`, `FIRSTNAME`, `LASTNAME`, `ADDRESS_ID`) VALUES (597,'Thomas@gmail.eu', 'Thomas', 'Simonsen', 597);
INSERT INTO `phone` (`DESCRIPTION`, `NUMBER`, `OWNER_ID`) VALUES ('work', '24138243', 597);
INSERT INTO `hobby_person` (`hobbies_ID`, `persons_ID`) VALUES (3, 597);
INSERT INTO `address` (`INFORMATION`, `STREET`, `CITY_ID`) VALUES ('1. th', 'Milanovicvej', 1150);
INSERT INTO `person` (`ID`, `EMAIL`, `FIRSTNAME`, `LASTNAME`, `ADDRESS_ID`) VALUES (598,'Filip@hotmail.eu', 'Filip', 'Kristiansen', 598);
INSERT INTO `phone` (`DESCRIPTION`, `NUMBER`, `OWNER_ID`) VALUES ('home', '62710574', 598);
INSERT INTO `hobby_person` (`hobbies_ID`, `persons_ID`) VALUES (4, 598);
INSERT INTO `address` (`INFORMATION`, `STREET`, `CITY_ID`) VALUES ('1. tv', 'Hjortekærsvej', 1059);
INSERT INTO `person` (`ID`, `EMAIL`, `FIRSTNAME`, `LASTNAME`, `ADDRESS_ID`) VALUES (599,'Solveig@hotmail.dk', 'Solveig', 'Kaspersen', 599);
INSERT INTO `phone` (`DESCRIPTION`, `NUMBER`, `OWNER_ID`) VALUES ('home', '92832014', 599);
INSERT INTO `hobby_person` (`hobbies_ID`, `persons_ID`) VALUES (5, 599);
INSERT INTO `address` (`INFORMATION`, `STREET`, `CITY_ID`) VALUES ('2. tv', 'Østgaardsvej', 522);
INSERT INTO `person` (`ID`, `EMAIL`, `FIRSTNAME`, `LASTNAME`, `ADDRESS_ID`) VALUES (600,'Ida@gmail.eu', 'Ida', 'Bobsen', 600);
INSERT INTO `phone` (`DESCRIPTION`, `NUMBER`, `OWNER_ID`) VALUES ('home', '24201117', 600);
INSERT INTO `hobby_person` (`hobbies_ID`, `persons_ID`) VALUES (1, 600);
INSERT INTO `address` (`INFORMATION`, `STREET`, `CITY_ID`) VALUES ('1. tv', 'Kronhjortevej', 1348);
INSERT INTO `person` (`ID`, `EMAIL`, `FIRSTNAME`, `LASTNAME`, `ADDRESS_ID`) VALUES (601,'Isabella@gmail.dk', 'Isabella', 'Runesen', 601);
INSERT INTO `phone` (`DESCRIPTION`, `NUMBER`, `OWNER_ID`) VALUES ('mobile', '64591817', 601);
INSERT INTO `hobby_person` (`hobbies_ID`, `persons_ID`) VALUES (1, 601);
INSERT INTO `address` (`INFORMATION`, `STREET`, `CITY_ID`) VALUES ('1. tv', 'Møllevangen', 852);
INSERT INTO `person` (`ID`, `EMAIL`, `FIRSTNAME`, `LASTNAME`, `ADDRESS_ID`) VALUES (602,'Isabella@yahoo.eu', 'Isabella', 'Bobsen', 602);
INSERT INTO `phone` (`DESCRIPTION`, `NUMBER`, `OWNER_ID`) VALUES ('mobile', '79584628', 602);
INSERT INTO `hobby_person` (`hobbies_ID`, `persons_ID`) VALUES (3, 602);
INSERT INTO `address` (`INFORMATION`, `STREET`, `CITY_ID`) VALUES ('1. th', 'Østgaardsvej', 445);
INSERT INTO `person` (`ID`, `EMAIL`, `FIRSTNAME`, `LASTNAME`, `ADDRESS_ID`) VALUES (603,'Thomas@protonmail.dk', 'Thomas', 'Filipsen', 603);
INSERT INTO `phone` (`DESCRIPTION`, `NUMBER`, `OWNER_ID`) VALUES ('home', '19059500', 603);
INSERT INTO `hobby_person` (`hobbies_ID`, `persons_ID`) VALUES (2, 603);
INSERT INTO `address` (`INFORMATION`, `STREET`, `CITY_ID`) VALUES ('2. th', 'Østgaardsvej', 1061);
INSERT INTO `person` (`ID`, `EMAIL`, `FIRSTNAME`, `LASTNAME`, `ADDRESS_ID`) VALUES (604,'Kristian@outlook.eu', 'Kristian', 'Vestergaard', 604);
INSERT INTO `phone` (`DESCRIPTION`, `NUMBER`, `OWNER_ID`) VALUES ('mobile', '35138652', 604);
INSERT INTO `hobby_person` (`hobbies_ID`, `persons_ID`) VALUES (1, 604);
INSERT INTO `address` (`INFORMATION`, `STREET`, `CITY_ID`) VALUES ('stuen', 'Milanovicvej', 462);
INSERT INTO `person` (`ID`, `EMAIL`, `FIRSTNAME`, `LASTNAME`, `ADDRESS_ID`) VALUES (605,'Ida@protonmail.com', 'Ida', 'Runesen', 605);
INSERT INTO `phone` (`DESCRIPTION`, `NUMBER`, `OWNER_ID`) VALUES ('home', '34774269', 605);
INSERT INTO `hobby_person` (`hobbies_ID`, `persons_ID`) VALUES (4, 605);
INSERT INTO `address` (`INFORMATION`, `STREET`, `CITY_ID`) VALUES ('2. tv', 'Ryllevej', 596);
INSERT INTO `person` (`ID`, `EMAIL`, `FIRSTNAME`, `LASTNAME`, `ADDRESS_ID`) VALUES (606,'Thomas@zoho.dk', 'Thomas', 'Filipsen', 606);
INSERT INTO `phone` (`DESCRIPTION`, `NUMBER`, `OWNER_ID`) VALUES ('mobile', '90003631', 606);
INSERT INTO `hobby_person` (`hobbies_ID`, `persons_ID`) VALUES (4, 606);
INSERT INTO `address` (`INFORMATION`, `STREET`, `CITY_ID`) VALUES ('stuen', 'Ryllevej', 97);
INSERT INTO `person` (`ID`, `EMAIL`, `FIRSTNAME`, `LASTNAME`, `ADDRESS_ID`) VALUES (607,'Kim@yahoo.eu', 'Kim', 'Filipovic', 607);
INSERT INTO `phone` (`DESCRIPTION`, `NUMBER`, `OWNER_ID`) VALUES ('mobile', '32860511', 607);
INSERT INTO `hobby_person` (`hobbies_ID`, `persons_ID`) VALUES (4, 607);
INSERT INTO `address` (`INFORMATION`, `STREET`, `CITY_ID`) VALUES ('1. tv', 'Ryllevej', 523);
INSERT INTO `person` (`ID`, `EMAIL`, `FIRSTNAME`, `LASTNAME`, `ADDRESS_ID`) VALUES (608,'Bob@gmail.com', 'Bob', 'Stevensen', 608);
INSERT INTO `phone` (`DESCRIPTION`, `NUMBER`, `OWNER_ID`) VALUES ('home', '39789243', 608);
INSERT INTO `hobby_person` (`hobbies_ID`, `persons_ID`) VALUES (4, 608);
INSERT INTO `address` (`INFORMATION`, `STREET`, `CITY_ID`) VALUES ('2. tv', 'Milanovicvej', 531);
INSERT INTO `person` (`ID`, `EMAIL`, `FIRSTNAME`, `LASTNAME`, `ADDRESS_ID`) VALUES (609,'Maria@protonmail.com', 'Maria', 'Runesen', 609);
INSERT INTO `phone` (`DESCRIPTION`, `NUMBER`, `OWNER_ID`) VALUES ('work', '46184629', 609);
INSERT INTO `hobby_person` (`hobbies_ID`, `persons_ID`) VALUES (3, 609);
INSERT INTO `address` (`INFORMATION`, `STREET`, `CITY_ID`) VALUES ('1. tv', 'Østgaardsvej', 185);
INSERT INTO `person` (`ID`, `EMAIL`, `FIRSTNAME`, `LASTNAME`, `ADDRESS_ID`) VALUES (610,'Ida@gmail.dk', 'Ida', 'Behrendt', 610);
INSERT INTO `phone` (`DESCRIPTION`, `NUMBER`, `OWNER_ID`) VALUES ('work', '83400707', 610);
INSERT INTO `hobby_person` (`hobbies_ID`, `persons_ID`) VALUES (3, 610);
INSERT INTO `address` (`INFORMATION`, `STREET`, `CITY_ID`) VALUES ('1. th', 'Hjortekærsvej', 727);
INSERT INTO `person` (`ID`, `EMAIL`, `FIRSTNAME`, `LASTNAME`, `ADDRESS_ID`) VALUES (611,'Kim@zoho.eu', 'Kim', 'Filipsen', 611);
INSERT INTO `phone` (`DESCRIPTION`, `NUMBER`, `OWNER_ID`) VALUES ('home', '76859820', 611);
INSERT INTO `hobby_person` (`hobbies_ID`, `persons_ID`) VALUES (5, 611);
INSERT INTO `address` (`INFORMATION`, `STREET`, `CITY_ID`) VALUES ('1. th', 'Kullevej', 867);
INSERT INTO `person` (`ID`, `EMAIL`, `FIRSTNAME`, `LASTNAME`, `ADDRESS_ID`) VALUES (612,'Alexander@gmail.eu', 'Alexander', 'Behrendt', 612);
INSERT INTO `phone` (`DESCRIPTION`, `NUMBER`, `OWNER_ID`) VALUES ('home', '13469748', 612);
INSERT INTO `hobby_person` (`hobbies_ID`, `persons_ID`) VALUES (4, 612);
INSERT INTO `address` (`INFORMATION`, `STREET`, `CITY_ID`) VALUES ('1. tv', 'Kronhjortevej', 1246);
INSERT INTO `person` (`ID`, `EMAIL`, `FIRSTNAME`, `LASTNAME`, `ADDRESS_ID`) VALUES (613,'Ida@yahoo.eu', 'Ida', 'Christoffersen', 613);
INSERT INTO `phone` (`DESCRIPTION`, `NUMBER`, `OWNER_ID`) VALUES ('work', '70000384', 613);
INSERT INTO `hobby_person` (`hobbies_ID`, `persons_ID`) VALUES (2, 613);
INSERT INTO `address` (`INFORMATION`, `STREET`, `CITY_ID`) VALUES ('1. th', 'Kullevej', 607);
INSERT INTO `person` (`ID`, `EMAIL`, `FIRSTNAME`, `LASTNAME`, `ADDRESS_ID`) VALUES (614,'Maria@zoho.com', 'Maria', 'Stevensen', 614);
INSERT INTO `phone` (`DESCRIPTION`, `NUMBER`, `OWNER_ID`) VALUES ('home', '39495117', 614);
INSERT INTO `hobby_person` (`hobbies_ID`, `persons_ID`) VALUES (5, 614);
INSERT INTO `address` (`INFORMATION`, `STREET`, `CITY_ID`) VALUES ('stuen', 'Milanovicvej', 401);
INSERT INTO `person` (`ID`, `EMAIL`, `FIRSTNAME`, `LASTNAME`, `ADDRESS_ID`) VALUES (615,'Simon@zoho.dk', 'Simon', 'Runesen', 615);
INSERT INTO `phone` (`DESCRIPTION`, `NUMBER`, `OWNER_ID`) VALUES ('home', '7377377', 615);
INSERT INTO `hobby_person` (`hobbies_ID`, `persons_ID`) VALUES (5, 615);
INSERT INTO `address` (`INFORMATION`, `STREET`, `CITY_ID`) VALUES ('1. th', 'Kullevej', 888);
INSERT INTO `person` (`ID`, `EMAIL`, `FIRSTNAME`, `LASTNAME`, `ADDRESS_ID`) VALUES (616,'Isabella@outlook.com', 'Isabella', 'Mikkelsen', 616);
INSERT INTO `phone` (`DESCRIPTION`, `NUMBER`, `OWNER_ID`) VALUES ('mobile', '68401968', 616);
INSERT INTO `hobby_person` (`hobbies_ID`, `persons_ID`) VALUES (5, 616);
INSERT INTO `address` (`INFORMATION`, `STREET`, `CITY_ID`) VALUES ('2. tv', 'Milanovicvej', 42);
INSERT INTO `person` (`ID`, `EMAIL`, `FIRSTNAME`, `LASTNAME`, `ADDRESS_ID`) VALUES (617,'Steven@hotmail.eu', 'Steven', 'Bobsen', 617);
INSERT INTO `phone` (`DESCRIPTION`, `NUMBER`, `OWNER_ID`) VALUES ('mobile', '57650065', 617);
INSERT INTO `hobby_person` (`hobbies_ID`, `persons_ID`) VALUES (4, 617);
INSERT INTO `address` (`INFORMATION`, `STREET`, `CITY_ID`) VALUES ('2. tv', 'Kronhjortevej', 1287);
INSERT INTO `person` (`ID`, `EMAIL`, `FIRSTNAME`, `LASTNAME`, `ADDRESS_ID`) VALUES (618,'Filip@gmail.dk', 'Filip', 'Filipsen', 618);
INSERT INTO `phone` (`DESCRIPTION`, `NUMBER`, `OWNER_ID`) VALUES ('work', '42392584', 618);
INSERT INTO `hobby_person` (`hobbies_ID`, `persons_ID`) VALUES (5, 618);
INSERT INTO `address` (`INFORMATION`, `STREET`, `CITY_ID`) VALUES ('1. tv', 'Møllevangen', 562);
INSERT INTO `person` (`ID`, `EMAIL`, `FIRSTNAME`, `LASTNAME`, `ADDRESS_ID`) VALUES (619,'Solveig@zoho.dk', 'Solveig', 'Alexandersen', 619);
INSERT INTO `phone` (`DESCRIPTION`, `NUMBER`, `OWNER_ID`) VALUES ('home', '17210362', 619);
INSERT INTO `hobby_person` (`hobbies_ID`, `persons_ID`) VALUES (4, 619);
INSERT INTO `address` (`INFORMATION`, `STREET`, `CITY_ID`) VALUES ('stuen', 'Møllevangen', 1003);
INSERT INTO `person` (`ID`, `EMAIL`, `FIRSTNAME`, `LASTNAME`, `ADDRESS_ID`) VALUES (620,'Solveig@gmail.dk', 'Solveig', 'Mikkelsen', 620);
INSERT INTO `phone` (`DESCRIPTION`, `NUMBER`, `OWNER_ID`) VALUES ('work', '23673673', 620);
INSERT INTO `hobby_person` (`hobbies_ID`, `persons_ID`) VALUES (4, 620);
INSERT INTO `address` (`INFORMATION`, `STREET`, `CITY_ID`) VALUES ('1. tv', 'Ryllevej', 914);
INSERT INTO `person` (`ID`, `EMAIL`, `FIRSTNAME`, `LASTNAME`, `ADDRESS_ID`) VALUES (621,'Mia@gmail.eu', 'Mia', 'Bobsen', 621);
INSERT INTO `phone` (`DESCRIPTION`, `NUMBER`, `OWNER_ID`) VALUES ('work', '41395949', 621);
INSERT INTO `hobby_person` (`hobbies_ID`, `persons_ID`) VALUES (3, 621);
INSERT INTO `address` (`INFORMATION`, `STREET`, `CITY_ID`) VALUES ('2. th', 'Ryllevej', 452);
INSERT INTO `person` (`ID`, `EMAIL`, `FIRSTNAME`, `LASTNAME`, `ADDRESS_ID`) VALUES (622,'Alexander@gmail.eu', 'Alexander', 'Mikkelsen', 622);
INSERT INTO `phone` (`DESCRIPTION`, `NUMBER`, `OWNER_ID`) VALUES ('home', '95007724', 622);
INSERT INTO `hobby_person` (`hobbies_ID`, `persons_ID`) VALUES (4, 622);
INSERT INTO `address` (`INFORMATION`, `STREET`, `CITY_ID`) VALUES ('2. th', 'Hjortekærsvej', 729);
INSERT INTO `person` (`ID`, `EMAIL`, `FIRSTNAME`, `LASTNAME`, `ADDRESS_ID`) VALUES (623,'Thomas@outlook.com', 'Thomas', 'Filipsen', 623);
INSERT INTO `phone` (`DESCRIPTION`, `NUMBER`, `OWNER_ID`) VALUES ('home', '63004930', 623);
INSERT INTO `hobby_person` (`hobbies_ID`, `persons_ID`) VALUES (1, 623);
INSERT INTO `address` (`INFORMATION`, `STREET`, `CITY_ID`) VALUES ('1. tv', 'Ryllevej', 353);
INSERT INTO `person` (`ID`, `EMAIL`, `FIRSTNAME`, `LASTNAME`, `ADDRESS_ID`) VALUES (624,'Maria@zoho.com', 'Maria', 'Runesen', 624);
INSERT INTO `phone` (`DESCRIPTION`, `NUMBER`, `OWNER_ID`) VALUES ('mobile', '25366077', 624);
INSERT INTO `hobby_person` (`hobbies_ID`, `persons_ID`) VALUES (2, 624);
INSERT INTO `address` (`INFORMATION`, `STREET`, `CITY_ID`) VALUES ('1. th', 'Hjortekærsvej', 541);
INSERT INTO `person` (`ID`, `EMAIL`, `FIRSTNAME`, `LASTNAME`, `ADDRESS_ID`) VALUES (625,'Ida@outlook.com', 'Ida', 'Kaspersen', 625);
INSERT INTO `phone` (`DESCRIPTION`, `NUMBER`, `OWNER_ID`) VALUES ('work', '68256897', 625);
INSERT INTO `hobby_person` (`hobbies_ID`, `persons_ID`) VALUES (1, 625);
INSERT INTO `address` (`INFORMATION`, `STREET`, `CITY_ID`) VALUES ('2. th', 'Møllevangen', 1033);
INSERT INTO `person` (`ID`, `EMAIL`, `FIRSTNAME`, `LASTNAME`, `ADDRESS_ID`) VALUES (626,'Mikkel@zoho.dk', 'Mikkel', 'Mikkelsen', 626);
INSERT INTO `phone` (`DESCRIPTION`, `NUMBER`, `OWNER_ID`) VALUES ('work', '71350341', 626);
INSERT INTO `hobby_person` (`hobbies_ID`, `persons_ID`) VALUES (4, 626);
INSERT INTO `address` (`INFORMATION`, `STREET`, `CITY_ID`) VALUES ('1. th', 'Ryllevej', 269);
INSERT INTO `person` (`ID`, `EMAIL`, `FIRSTNAME`, `LASTNAME`, `ADDRESS_ID`) VALUES (627,'Bob@hotmail.com', 'Bob', 'Jonassen', 627);
INSERT INTO `phone` (`DESCRIPTION`, `NUMBER`, `OWNER_ID`) VALUES ('mobile', '9607100', 627);
INSERT INTO `hobby_person` (`hobbies_ID`, `persons_ID`) VALUES (2, 627);
INSERT INTO `address` (`INFORMATION`, `STREET`, `CITY_ID`) VALUES ('2. tv', 'Kullevej', 952);
INSERT INTO `person` (`ID`, `EMAIL`, `FIRSTNAME`, `LASTNAME`, `ADDRESS_ID`) VALUES (628,'Filip@yahoo.com', 'Filip', 'Mikkelsen', 628);
INSERT INTO `phone` (`DESCRIPTION`, `NUMBER`, `OWNER_ID`) VALUES ('mobile', '47580073', 628);
INSERT INTO `hobby_person` (`hobbies_ID`, `persons_ID`) VALUES (5, 628);
INSERT INTO `address` (`INFORMATION`, `STREET`, `CITY_ID`) VALUES ('2. tv', 'Milanovicvej', 22);
INSERT INTO `person` (`ID`, `EMAIL`, `FIRSTNAME`, `LASTNAME`, `ADDRESS_ID`) VALUES (629,'Ida@yahoo.dk', 'Ida', 'Filipsen', 629);
INSERT INTO `phone` (`DESCRIPTION`, `NUMBER`, `OWNER_ID`) VALUES ('work', '44544462', 629);
INSERT INTO `hobby_person` (`hobbies_ID`, `persons_ID`) VALUES (5, 629);
INSERT INTO `address` (`INFORMATION`, `STREET`, `CITY_ID`) VALUES ('2. th', 'Milanovicvej', 861);
INSERT INTO `person` (`ID`, `EMAIL`, `FIRSTNAME`, `LASTNAME`, `ADDRESS_ID`) VALUES (630,'Mia@outlook.eu', 'Mia', 'Simonsen', 630);
INSERT INTO `phone` (`DESCRIPTION`, `NUMBER`, `OWNER_ID`) VALUES ('home', '88497189', 630);
INSERT INTO `hobby_person` (`hobbies_ID`, `persons_ID`) VALUES (3, 630);
INSERT INTO `address` (`INFORMATION`, `STREET`, `CITY_ID`) VALUES ('2. th', 'Hjortekærsvej', 563);
INSERT INTO `person` (`ID`, `EMAIL`, `FIRSTNAME`, `LASTNAME`, `ADDRESS_ID`) VALUES (631,'Alexander@hotmail.dk', 'Alexander', 'Kristiansen', 631);
INSERT INTO `phone` (`DESCRIPTION`, `NUMBER`, `OWNER_ID`) VALUES ('work', '3135841', 631);
INSERT INTO `hobby_person` (`hobbies_ID`, `persons_ID`) VALUES (5, 631);
INSERT INTO `address` (`INFORMATION`, `STREET`, `CITY_ID`) VALUES ('2. tv', 'Møllevangen', 17);
INSERT INTO `person` (`ID`, `EMAIL`, `FIRSTNAME`, `LASTNAME`, `ADDRESS_ID`) VALUES (632,'Ida@protonmail.dk', 'Ida', 'Stevensen', 632);
INSERT INTO `phone` (`DESCRIPTION`, `NUMBER`, `OWNER_ID`) VALUES ('home', '54620624', 632);
INSERT INTO `hobby_person` (`hobbies_ID`, `persons_ID`) VALUES (3, 632);
INSERT INTO `address` (`INFORMATION`, `STREET`, `CITY_ID`) VALUES ('1. th', 'Møllevangen', 839);
INSERT INTO `person` (`ID`, `EMAIL`, `FIRSTNAME`, `LASTNAME`, `ADDRESS_ID`) VALUES (633,'Mia@zoho.dk', 'Mia', 'Kristiansen', 633);
INSERT INTO `phone` (`DESCRIPTION`, `NUMBER`, `OWNER_ID`) VALUES ('work', '18114974', 633);
INSERT INTO `hobby_person` (`hobbies_ID`, `persons_ID`) VALUES (1, 633);
INSERT INTO `address` (`INFORMATION`, `STREET`, `CITY_ID`) VALUES ('2. tv', 'Møllevangen', 299);
INSERT INTO `person` (`ID`, `EMAIL`, `FIRSTNAME`, `LASTNAME`, `ADDRESS_ID`) VALUES (634,'Steven@yahoo.eu', 'Steven', 'Christoffersen', 634);
INSERT INTO `phone` (`DESCRIPTION`, `NUMBER`, `OWNER_ID`) VALUES ('mobile', '63865980', 634);
INSERT INTO `hobby_person` (`hobbies_ID`, `persons_ID`) VALUES (4, 634);
INSERT INTO `address` (`INFORMATION`, `STREET`, `CITY_ID`) VALUES ('2. th', 'Kullevej', 597);
INSERT INTO `person` (`ID`, `EMAIL`, `FIRSTNAME`, `LASTNAME`, `ADDRESS_ID`) VALUES (635,'Alexa@zoho.dk', 'Alexa', 'Alexandersen', 635);
INSERT INTO `phone` (`DESCRIPTION`, `NUMBER`, `OWNER_ID`) VALUES ('work', '58676544', 635);
INSERT INTO `hobby_person` (`hobbies_ID`, `persons_ID`) VALUES (4, 635);
INSERT INTO `address` (`INFORMATION`, `STREET`, `CITY_ID`) VALUES ('2. tv', 'Kullevej', 927);
INSERT INTO `person` (`ID`, `EMAIL`, `FIRSTNAME`, `LASTNAME`, `ADDRESS_ID`) VALUES (636,'Steven@protonmail.dk', 'Steven', 'Mikkelsen', 636);
INSERT INTO `phone` (`DESCRIPTION`, `NUMBER`, `OWNER_ID`) VALUES ('mobile', '90541718', 636);
INSERT INTO `hobby_person` (`hobbies_ID`, `persons_ID`) VALUES (3, 636);
INSERT INTO `address` (`INFORMATION`, `STREET`, `CITY_ID`) VALUES ('2. th', 'Kullevej', 503);
INSERT INTO `person` (`ID`, `EMAIL`, `FIRSTNAME`, `LASTNAME`, `ADDRESS_ID`) VALUES (637,'Kasper@outlook.dk', 'Kasper', 'Bobsen', 637);
INSERT INTO `phone` (`DESCRIPTION`, `NUMBER`, `OWNER_ID`) VALUES ('mobile', '95135006', 637);
INSERT INTO `hobby_person` (`hobbies_ID`, `persons_ID`) VALUES (1, 637);
INSERT INTO `address` (`INFORMATION`, `STREET`, `CITY_ID`) VALUES ('1. tv', 'Møllevangen', 310);
INSERT INTO `person` (`ID`, `EMAIL`, `FIRSTNAME`, `LASTNAME`, `ADDRESS_ID`) VALUES (638,'Mikkel@hotmail.eu', 'Mikkel', 'Jonassen', 638);
INSERT INTO `phone` (`DESCRIPTION`, `NUMBER`, `OWNER_ID`) VALUES ('work', '42608616', 638);
INSERT INTO `hobby_person` (`hobbies_ID`, `persons_ID`) VALUES (4, 638);
INSERT INTO `address` (`INFORMATION`, `STREET`, `CITY_ID`) VALUES ('2. th', 'Kullevej', 1220);
INSERT INTO `person` (`ID`, `EMAIL`, `FIRSTNAME`, `LASTNAME`, `ADDRESS_ID`) VALUES (639,'Jonas@outlook.eu', 'Jonas', 'Filipsen', 639);
INSERT INTO `phone` (`DESCRIPTION`, `NUMBER`, `OWNER_ID`) VALUES ('work', '73096185', 639);
INSERT INTO `hobby_person` (`hobbies_ID`, `persons_ID`) VALUES (1, 639);
INSERT INTO `address` (`INFORMATION`, `STREET`, `CITY_ID`) VALUES ('2. th', 'Hjortekærsvej', 416);
INSERT INTO `person` (`ID`, `EMAIL`, `FIRSTNAME`, `LASTNAME`, `ADDRESS_ID`) VALUES (640,'Bob@protonmail.dk', 'Bob', 'Kristiansen', 640);
INSERT INTO `phone` (`DESCRIPTION`, `NUMBER`, `OWNER_ID`) VALUES ('work', '5639194', 640);
INSERT INTO `hobby_person` (`hobbies_ID`, `persons_ID`) VALUES (2, 640);
INSERT INTO `address` (`INFORMATION`, `STREET`, `CITY_ID`) VALUES ('stuen', 'Kronhjortevej', 32);
INSERT INTO `person` (`ID`, `EMAIL`, `FIRSTNAME`, `LASTNAME`, `ADDRESS_ID`) VALUES (641,'Filip@zoho.dk', 'Filip', 'Filipovic', 641);
INSERT INTO `phone` (`DESCRIPTION`, `NUMBER`, `OWNER_ID`) VALUES ('home', '72109715', 641);
INSERT INTO `hobby_person` (`hobbies_ID`, `persons_ID`) VALUES (1, 641);
INSERT INTO `address` (`INFORMATION`, `STREET`, `CITY_ID`) VALUES ('2. tv', 'Østgaardsvej', 907);
INSERT INTO `person` (`ID`, `EMAIL`, `FIRSTNAME`, `LASTNAME`, `ADDRESS_ID`) VALUES (642,'Kirsten@gmail.com', 'Kirsten', 'Bobsen', 642);
INSERT INTO `phone` (`DESCRIPTION`, `NUMBER`, `OWNER_ID`) VALUES ('mobile', '94025434', 642);
INSERT INTO `hobby_person` (`hobbies_ID`, `persons_ID`) VALUES (5, 642);
INSERT INTO `address` (`INFORMATION`, `STREET`, `CITY_ID`) VALUES ('2. th', 'Møllevangen', 469);
INSERT INTO `person` (`ID`, `EMAIL`, `FIRSTNAME`, `LASTNAME`, `ADDRESS_ID`) VALUES (643,'Simon@protonmail.dk', 'Simon', 'Runesen', 643);
INSERT INTO `phone` (`DESCRIPTION`, `NUMBER`, `OWNER_ID`) VALUES ('mobile', '64611710', 643);
INSERT INTO `hobby_person` (`hobbies_ID`, `persons_ID`) VALUES (1, 643);
INSERT INTO `address` (`INFORMATION`, `STREET`, `CITY_ID`) VALUES ('2. th', 'Østgaardsvej', 241);
INSERT INTO `person` (`ID`, `EMAIL`, `FIRSTNAME`, `LASTNAME`, `ADDRESS_ID`) VALUES (644,'Mikkel@outlook.com', 'Mikkel', 'Kaspersen', 644);
INSERT INTO `phone` (`DESCRIPTION`, `NUMBER`, `OWNER_ID`) VALUES ('home', '82712655', 644);
INSERT INTO `hobby_person` (`hobbies_ID`, `persons_ID`) VALUES (5, 644);
INSERT INTO `address` (`INFORMATION`, `STREET`, `CITY_ID`) VALUES ('2. th', 'Møllevangen', 417);
INSERT INTO `person` (`ID`, `EMAIL`, `FIRSTNAME`, `LASTNAME`, `ADDRESS_ID`) VALUES (645,'Thomas@zoho.eu', 'Thomas', 'Runesen', 645);
INSERT INTO `phone` (`DESCRIPTION`, `NUMBER`, `OWNER_ID`) VALUES ('mobile', '33664885', 645);
INSERT INTO `hobby_person` (`hobbies_ID`, `persons_ID`) VALUES (4, 645);
INSERT INTO `address` (`INFORMATION`, `STREET`, `CITY_ID`) VALUES ('stuen', 'Ryllevej', 1318);
INSERT INTO `person` (`ID`, `EMAIL`, `FIRSTNAME`, `LASTNAME`, `ADDRESS_ID`) VALUES (646,'Kim@outlook.com', 'Kim', 'Alexandersen', 646);
INSERT INTO `phone` (`DESCRIPTION`, `NUMBER`, `OWNER_ID`) VALUES ('work', '93073263', 646);
INSERT INTO `hobby_person` (`hobbies_ID`, `persons_ID`) VALUES (2, 646);
INSERT INTO `address` (`INFORMATION`, `STREET`, `CITY_ID`) VALUES ('1. th', 'Kronhjortevej', 1043);
INSERT INTO `person` (`ID`, `EMAIL`, `FIRSTNAME`, `LASTNAME`, `ADDRESS_ID`) VALUES (647,'Simon@gmail.eu', 'Simon', 'Alexandersen', 647);
INSERT INTO `phone` (`DESCRIPTION`, `NUMBER`, `OWNER_ID`) VALUES ('home', '32618042', 647);
INSERT INTO `hobby_person` (`hobbies_ID`, `persons_ID`) VALUES (4, 647);
INSERT INTO `address` (`INFORMATION`, `STREET`, `CITY_ID`) VALUES ('1. th', 'Ryllevej', 526);
INSERT INTO `person` (`ID`, `EMAIL`, `FIRSTNAME`, `LASTNAME`, `ADDRESS_ID`) VALUES (648,'Alexa@gmail.dk', 'Alexa', 'Jonassen', 648);
INSERT INTO `phone` (`DESCRIPTION`, `NUMBER`, `OWNER_ID`) VALUES ('mobile', '29633167', 648);
INSERT INTO `hobby_person` (`hobbies_ID`, `persons_ID`) VALUES (5, 648);
INSERT INTO `address` (`INFORMATION`, `STREET`, `CITY_ID`) VALUES ('stuen', 'Østgaardsvej', 1014);
INSERT INTO `person` (`ID`, `EMAIL`, `FIRSTNAME`, `LASTNAME`, `ADDRESS_ID`) VALUES (649,'Alexa@zoho.com', 'Alexa', 'Stevensen', 649);
INSERT INTO `phone` (`DESCRIPTION`, `NUMBER`, `OWNER_ID`) VALUES ('mobile', '58673887', 649);
INSERT INTO `hobby_person` (`hobbies_ID`, `persons_ID`) VALUES (5, 649);
INSERT INTO `address` (`INFORMATION`, `STREET`, `CITY_ID`) VALUES ('1. th', 'Hjortekærsvej', 14);
INSERT INTO `person` (`ID`, `EMAIL`, `FIRSTNAME`, `LASTNAME`, `ADDRESS_ID`) VALUES (650,'Rune@yahoo.dk', 'Rune', 'Kristiansen', 650);
INSERT INTO `phone` (`DESCRIPTION`, `NUMBER`, `OWNER_ID`) VALUES ('mobile', '91237108', 650);
INSERT INTO `hobby_person` (`hobbies_ID`, `persons_ID`) VALUES (3, 650);
INSERT INTO `address` (`INFORMATION`, `STREET`, `CITY_ID`) VALUES ('1. th', 'Milanovicvej', 895);
INSERT INTO `person` (`ID`, `EMAIL`, `FIRSTNAME`, `LASTNAME`, `ADDRESS_ID`) VALUES (651,'Kristian@protonmail.dk', 'Kristian', 'Stevensen', 651);
INSERT INTO `phone` (`DESCRIPTION`, `NUMBER`, `OWNER_ID`) VALUES ('home', '4443736', 651);
INSERT INTO `hobby_person` (`hobbies_ID`, `persons_ID`) VALUES (4, 651);
INSERT INTO `address` (`INFORMATION`, `STREET`, `CITY_ID`) VALUES ('1. tv', 'Kronhjortevej', 1202);
INSERT INTO `person` (`ID`, `EMAIL`, `FIRSTNAME`, `LASTNAME`, `ADDRESS_ID`) VALUES (652,'Mia@hotmail.eu', 'Mia', 'Vestergaard', 652);
INSERT INTO `phone` (`DESCRIPTION`, `NUMBER`, `OWNER_ID`) VALUES ('mobile', '4824271', 652);
INSERT INTO `hobby_person` (`hobbies_ID`, `persons_ID`) VALUES (1, 652);
INSERT INTO `address` (`INFORMATION`, `STREET`, `CITY_ID`) VALUES ('1. tv', 'Ryllevej', 1036);
INSERT INTO `person` (`ID`, `EMAIL`, `FIRSTNAME`, `LASTNAME`, `ADDRESS_ID`) VALUES (653,'Maria@outlook.com', 'Maria', 'Bobsen', 653);
INSERT INTO `phone` (`DESCRIPTION`, `NUMBER`, `OWNER_ID`) VALUES ('home', '8997313', 653);
INSERT INTO `hobby_person` (`hobbies_ID`, `persons_ID`) VALUES (4, 653);
INSERT INTO `address` (`INFORMATION`, `STREET`, `CITY_ID`) VALUES ('2. tv', 'Ryllevej', 251);
INSERT INTO `person` (`ID`, `EMAIL`, `FIRSTNAME`, `LASTNAME`, `ADDRESS_ID`) VALUES (654,'Kristian@gmail.dk', 'Kristian', 'Bobsen', 654);
INSERT INTO `phone` (`DESCRIPTION`, `NUMBER`, `OWNER_ID`) VALUES ('mobile', '59887597', 654);
INSERT INTO `hobby_person` (`hobbies_ID`, `persons_ID`) VALUES (4, 654);
INSERT INTO `address` (`INFORMATION`, `STREET`, `CITY_ID`) VALUES ('2. tv', 'Kullevej', 702);
INSERT INTO `person` (`ID`, `EMAIL`, `FIRSTNAME`, `LASTNAME`, `ADDRESS_ID`) VALUES (655,'Jonas@yahoo.dk', 'Jonas', 'Jonassen', 655);
INSERT INTO `phone` (`DESCRIPTION`, `NUMBER`, `OWNER_ID`) VALUES ('mobile', '23157104', 655);
INSERT INTO `hobby_person` (`hobbies_ID`, `persons_ID`) VALUES (2, 655);
INSERT INTO `address` (`INFORMATION`, `STREET`, `CITY_ID`) VALUES ('1. th', 'Møllevangen', 1066);
INSERT INTO `person` (`ID`, `EMAIL`, `FIRSTNAME`, `LASTNAME`, `ADDRESS_ID`) VALUES (656,'Kim@yahoo.eu', 'Kim', 'Kristiansen', 656);
INSERT INTO `phone` (`DESCRIPTION`, `NUMBER`, `OWNER_ID`) VALUES ('home', '55411876', 656);
INSERT INTO `hobby_person` (`hobbies_ID`, `persons_ID`) VALUES (3, 656);
INSERT INTO `address` (`INFORMATION`, `STREET`, `CITY_ID`) VALUES ('2. tv', 'Kullevej', 1229);
INSERT INTO `person` (`ID`, `EMAIL`, `FIRSTNAME`, `LASTNAME`, `ADDRESS_ID`) VALUES (657,'Kasper@hotmail.eu', 'Kasper', 'Mikkelsen', 657);
INSERT INTO `phone` (`DESCRIPTION`, `NUMBER`, `OWNER_ID`) VALUES ('mobile', '54703133', 657);
INSERT INTO `hobby_person` (`hobbies_ID`, `persons_ID`) VALUES (1, 657);
INSERT INTO `address` (`INFORMATION`, `STREET`, `CITY_ID`) VALUES ('1. th', 'Møllevangen', 269);
INSERT INTO `person` (`ID`, `EMAIL`, `FIRSTNAME`, `LASTNAME`, `ADDRESS_ID`) VALUES (658,'Filip@gmail.dk', 'Filip', 'Runesen', 658);
INSERT INTO `phone` (`DESCRIPTION`, `NUMBER`, `OWNER_ID`) VALUES ('work', '28990455', 658);
INSERT INTO `hobby_person` (`hobbies_ID`, `persons_ID`) VALUES (5, 658);
INSERT INTO `address` (`INFORMATION`, `STREET`, `CITY_ID`) VALUES ('stuen', 'Kullevej', 174);
INSERT INTO `person` (`ID`, `EMAIL`, `FIRSTNAME`, `LASTNAME`, `ADDRESS_ID`) VALUES (659,'Kim@protonmail.com', 'Kim', 'Filipovic', 659);
INSERT INTO `phone` (`DESCRIPTION`, `NUMBER`, `OWNER_ID`) VALUES ('home', '15603615', 659);
INSERT INTO `hobby_person` (`hobbies_ID`, `persons_ID`) VALUES (3, 659);
INSERT INTO `address` (`INFORMATION`, `STREET`, `CITY_ID`) VALUES ('stuen', 'Ryllevej', 28);
INSERT INTO `person` (`ID`, `EMAIL`, `FIRSTNAME`, `LASTNAME`, `ADDRESS_ID`) VALUES (660,'Mikkel@outlook.eu', 'Mikkel', 'Alexandersen', 660);
INSERT INTO `phone` (`DESCRIPTION`, `NUMBER`, `OWNER_ID`) VALUES ('mobile', '79364886', 660);
INSERT INTO `hobby_person` (`hobbies_ID`, `persons_ID`) VALUES (3, 660);
INSERT INTO `address` (`INFORMATION`, `STREET`, `CITY_ID`) VALUES ('1. tv', 'Kronhjortevej', 1052);
INSERT INTO `person` (`ID`, `EMAIL`, `FIRSTNAME`, `LASTNAME`, `ADDRESS_ID`) VALUES (661,'Kirsten@zoho.dk', 'Kirsten', 'Vestergaard', 661);
INSERT INTO `phone` (`DESCRIPTION`, `NUMBER`, `OWNER_ID`) VALUES ('home', '80984356', 661);
INSERT INTO `hobby_person` (`hobbies_ID`, `persons_ID`) VALUES (1, 661);
INSERT INTO `address` (`INFORMATION`, `STREET`, `CITY_ID`) VALUES ('1. th', 'Kronhjortevej', 336);
INSERT INTO `person` (`ID`, `EMAIL`, `FIRSTNAME`, `LASTNAME`, `ADDRESS_ID`) VALUES (662,'Jonas@hotmail.eu', 'Jonas', 'Vestergaard', 662);
INSERT INTO `phone` (`DESCRIPTION`, `NUMBER`, `OWNER_ID`) VALUES ('mobile', '37174193', 662);
INSERT INTO `hobby_person` (`hobbies_ID`, `persons_ID`) VALUES (1, 662);
INSERT INTO `address` (`INFORMATION`, `STREET`, `CITY_ID`) VALUES ('2. th', 'Hjortekærsvej', 682);
INSERT INTO `person` (`ID`, `EMAIL`, `FIRSTNAME`, `LASTNAME`, `ADDRESS_ID`) VALUES (663,'Isabella@gmail.com', 'Isabella', 'Jonassen', 663);
INSERT INTO `phone` (`DESCRIPTION`, `NUMBER`, `OWNER_ID`) VALUES ('home', '33454069', 663);
INSERT INTO `hobby_person` (`hobbies_ID`, `persons_ID`) VALUES (1, 663);
INSERT INTO `address` (`INFORMATION`, `STREET`, `CITY_ID`) VALUES ('1. tv', 'Østgaardsvej', 870);
INSERT INTO `person` (`ID`, `EMAIL`, `FIRSTNAME`, `LASTNAME`, `ADDRESS_ID`) VALUES (664,'Rune@hotmail.eu', 'Rune', 'Filipsen', 664);
INSERT INTO `phone` (`DESCRIPTION`, `NUMBER`, `OWNER_ID`) VALUES ('mobile', '31820783', 664);
INSERT INTO `hobby_person` (`hobbies_ID`, `persons_ID`) VALUES (3, 664);
INSERT INTO `address` (`INFORMATION`, `STREET`, `CITY_ID`) VALUES ('1. th', 'Hjortekærsvej', 1237);
INSERT INTO `person` (`ID`, `EMAIL`, `FIRSTNAME`, `LASTNAME`, `ADDRESS_ID`) VALUES (665,'Jonas@zoho.dk', 'Jonas', 'Stevensen', 665);
INSERT INTO `phone` (`DESCRIPTION`, `NUMBER`, `OWNER_ID`) VALUES ('home', '2692276', 665);
INSERT INTO `hobby_person` (`hobbies_ID`, `persons_ID`) VALUES (1, 665);
INSERT INTO `address` (`INFORMATION`, `STREET`, `CITY_ID`) VALUES ('1. tv', 'Hjortekærsvej', 629);
INSERT INTO `person` (`ID`, `EMAIL`, `FIRSTNAME`, `LASTNAME`, `ADDRESS_ID`) VALUES (666,'Kasper@protonmail.com', 'Kasper', 'Simonsen', 666);
INSERT INTO `phone` (`DESCRIPTION`, `NUMBER`, `OWNER_ID`) VALUES ('mobile', '52081390', 666);
INSERT INTO `hobby_person` (`hobbies_ID`, `persons_ID`) VALUES (1, 666);
INSERT INTO `address` (`INFORMATION`, `STREET`, `CITY_ID`) VALUES ('1. tv', 'Kronhjortevej', 437);
INSERT INTO `person` (`ID`, `EMAIL`, `FIRSTNAME`, `LASTNAME`, `ADDRESS_ID`) VALUES (667,'Kristian@protonmail.eu', 'Kristian', 'Stevensen', 667);
INSERT INTO `phone` (`DESCRIPTION`, `NUMBER`, `OWNER_ID`) VALUES ('mobile', '52623228', 667);
INSERT INTO `hobby_person` (`hobbies_ID`, `persons_ID`) VALUES (4, 667);
INSERT INTO `address` (`INFORMATION`, `STREET`, `CITY_ID`) VALUES ('stuen', 'Østgaardsvej', 187);
INSERT INTO `person` (`ID`, `EMAIL`, `FIRSTNAME`, `LASTNAME`, `ADDRESS_ID`) VALUES (668,'Kristian@outlook.com', 'Kristian', 'Runesen', 668);
INSERT INTO `phone` (`DESCRIPTION`, `NUMBER`, `OWNER_ID`) VALUES ('work', '55606175', 668);
INSERT INTO `hobby_person` (`hobbies_ID`, `persons_ID`) VALUES (4, 668);
INSERT INTO `address` (`INFORMATION`, `STREET`, `CITY_ID`) VALUES ('2. th', 'Østgaardsvej', 1136);
INSERT INTO `person` (`ID`, `EMAIL`, `FIRSTNAME`, `LASTNAME`, `ADDRESS_ID`) VALUES (669,'Filip@hotmail.dk', 'Filip', 'Thomassen', 669);
INSERT INTO `phone` (`DESCRIPTION`, `NUMBER`, `OWNER_ID`) VALUES ('mobile', '37946774', 669);
INSERT INTO `hobby_person` (`hobbies_ID`, `persons_ID`) VALUES (2, 669);
INSERT INTO `address` (`INFORMATION`, `STREET`, `CITY_ID`) VALUES ('1. tv', 'Milanovicvej', 601);
INSERT INTO `person` (`ID`, `EMAIL`, `FIRSTNAME`, `LASTNAME`, `ADDRESS_ID`) VALUES (670,'Alexa@gmail.eu', 'Alexa', 'Jonassen', 670);
INSERT INTO `phone` (`DESCRIPTION`, `NUMBER`, `OWNER_ID`) VALUES ('work', '19642726', 670);
INSERT INTO `hobby_person` (`hobbies_ID`, `persons_ID`) VALUES (1, 670);
INSERT INTO `address` (`INFORMATION`, `STREET`, `CITY_ID`) VALUES ('1. tv', 'Møllevangen', 257);
INSERT INTO `person` (`ID`, `EMAIL`, `FIRSTNAME`, `LASTNAME`, `ADDRESS_ID`) VALUES (671,'Kristian@gmail.com', 'Kristian', 'Kaspersen', 671);
INSERT INTO `phone` (`DESCRIPTION`, `NUMBER`, `OWNER_ID`) VALUES ('mobile', '7421769', 671);
INSERT INTO `hobby_person` (`hobbies_ID`, `persons_ID`) VALUES (2, 671);
INSERT INTO `address` (`INFORMATION`, `STREET`, `CITY_ID`) VALUES ('1. th', 'Hjortekærsvej', 762);
INSERT INTO `person` (`ID`, `EMAIL`, `FIRSTNAME`, `LASTNAME`, `ADDRESS_ID`) VALUES (672,'Kirsten@gmail.eu', 'Kirsten', 'Christoffersen', 672);
INSERT INTO `phone` (`DESCRIPTION`, `NUMBER`, `OWNER_ID`) VALUES ('work', '90299310', 672);
INSERT INTO `hobby_person` (`hobbies_ID`, `persons_ID`) VALUES (1, 672);
INSERT INTO `address` (`INFORMATION`, `STREET`, `CITY_ID`) VALUES ('1. tv', 'Kronhjortevej', 89);
INSERT INTO `person` (`ID`, `EMAIL`, `FIRSTNAME`, `LASTNAME`, `ADDRESS_ID`) VALUES (673,'Alexander@yahoo.dk', 'Alexander', 'Filipovic', 673);
INSERT INTO `phone` (`DESCRIPTION`, `NUMBER`, `OWNER_ID`) VALUES ('work', '62072156', 673);
INSERT INTO `hobby_person` (`hobbies_ID`, `persons_ID`) VALUES (2, 673);
INSERT INTO `address` (`INFORMATION`, `STREET`, `CITY_ID`) VALUES ('1. th', 'Milanovicvej', 1265);
INSERT INTO `person` (`ID`, `EMAIL`, `FIRSTNAME`, `LASTNAME`, `ADDRESS_ID`) VALUES (674,'Mia@zoho.eu', 'Mia', 'Behrendt', 674);
INSERT INTO `phone` (`DESCRIPTION`, `NUMBER`, `OWNER_ID`) VALUES ('work', '65303959', 674);
INSERT INTO `hobby_person` (`hobbies_ID`, `persons_ID`) VALUES (2, 674);
INSERT INTO `address` (`INFORMATION`, `STREET`, `CITY_ID`) VALUES ('stuen', 'Ryllevej', 125);
INSERT INTO `person` (`ID`, `EMAIL`, `FIRSTNAME`, `LASTNAME`, `ADDRESS_ID`) VALUES (675,'Bob@outlook.com', 'Bob', 'Bobsen', 675);
INSERT INTO `phone` (`DESCRIPTION`, `NUMBER`, `OWNER_ID`) VALUES ('mobile', '82063175', 675);
INSERT INTO `hobby_person` (`hobbies_ID`, `persons_ID`) VALUES (5, 675);
INSERT INTO `address` (`INFORMATION`, `STREET`, `CITY_ID`) VALUES ('stuen', 'Møllevangen', 191);
INSERT INTO `person` (`ID`, `EMAIL`, `FIRSTNAME`, `LASTNAME`, `ADDRESS_ID`) VALUES (676,'Steven@hotmail.eu', 'Steven', 'Christoffersen', 676);
INSERT INTO `phone` (`DESCRIPTION`, `NUMBER`, `OWNER_ID`) VALUES ('mobile', '66422295', 676);
INSERT INTO `hobby_person` (`hobbies_ID`, `persons_ID`) VALUES (3, 676);
INSERT INTO `address` (`INFORMATION`, `STREET`, `CITY_ID`) VALUES ('1. tv', 'Kronhjortevej', 485);
INSERT INTO `person` (`ID`, `EMAIL`, `FIRSTNAME`, `LASTNAME`, `ADDRESS_ID`) VALUES (677,'Kim@gmail.com', 'Kim', 'Jonassen', 677);
INSERT INTO `phone` (`DESCRIPTION`, `NUMBER`, `OWNER_ID`) VALUES ('mobile', '59069498', 677);
INSERT INTO `hobby_person` (`hobbies_ID`, `persons_ID`) VALUES (1, 677);
INSERT INTO `address` (`INFORMATION`, `STREET`, `CITY_ID`) VALUES ('1. th', 'Milanovicvej', 1314);
INSERT INTO `person` (`ID`, `EMAIL`, `FIRSTNAME`, `LASTNAME`, `ADDRESS_ID`) VALUES (678,'Mia@hotmail.eu', 'Mia', 'Bobsen', 678);
INSERT INTO `phone` (`DESCRIPTION`, `NUMBER`, `OWNER_ID`) VALUES ('home', '32486638', 678);
INSERT INTO `hobby_person` (`hobbies_ID`, `persons_ID`) VALUES (5, 678);
INSERT INTO `address` (`INFORMATION`, `STREET`, `CITY_ID`) VALUES ('2. th', 'Østgaardsvej', 613);
INSERT INTO `person` (`ID`, `EMAIL`, `FIRSTNAME`, `LASTNAME`, `ADDRESS_ID`) VALUES (679,'Mikkel@protonmail.com', 'Mikkel', 'Thomassen', 679);
INSERT INTO `phone` (`DESCRIPTION`, `NUMBER`, `OWNER_ID`) VALUES ('work', '89532363', 679);
INSERT INTO `hobby_person` (`hobbies_ID`, `persons_ID`) VALUES (3, 679);
INSERT INTO `address` (`INFORMATION`, `STREET`, `CITY_ID`) VALUES ('1. tv', 'Kullevej', 703);
INSERT INTO `person` (`ID`, `EMAIL`, `FIRSTNAME`, `LASTNAME`, `ADDRESS_ID`) VALUES (680,'Rune@hotmail.eu', 'Rune', 'Filipovic', 680);
INSERT INTO `phone` (`DESCRIPTION`, `NUMBER`, `OWNER_ID`) VALUES ('home', '28682436', 680);
INSERT INTO `hobby_person` (`hobbies_ID`, `persons_ID`) VALUES (1, 680);
INSERT INTO `address` (`INFORMATION`, `STREET`, `CITY_ID`) VALUES ('stuen', 'Kronhjortevej', 77);
INSERT INTO `person` (`ID`, `EMAIL`, `FIRSTNAME`, `LASTNAME`, `ADDRESS_ID`) VALUES (681,'Kasper@protonmail.com', 'Kasper', 'Runesen', 681);
INSERT INTO `phone` (`DESCRIPTION`, `NUMBER`, `OWNER_ID`) VALUES ('home', '68497635', 681);
INSERT INTO `hobby_person` (`hobbies_ID`, `persons_ID`) VALUES (5, 681);
INSERT INTO `address` (`INFORMATION`, `STREET`, `CITY_ID`) VALUES ('2. th', 'Kronhjortevej', 737);
INSERT INTO `person` (`ID`, `EMAIL`, `FIRSTNAME`, `LASTNAME`, `ADDRESS_ID`) VALUES (682,'Bob@outlook.eu', 'Bob', 'Filipovic', 682);
INSERT INTO `phone` (`DESCRIPTION`, `NUMBER`, `OWNER_ID`) VALUES ('home', '43125211', 682);
INSERT INTO `hobby_person` (`hobbies_ID`, `persons_ID`) VALUES (1, 682);
INSERT INTO `address` (`INFORMATION`, `STREET`, `CITY_ID`) VALUES ('1. th', 'Ryllevej', 164);
INSERT INTO `person` (`ID`, `EMAIL`, `FIRSTNAME`, `LASTNAME`, `ADDRESS_ID`) VALUES (683,'Rune@gmail.com', 'Rune', 'Alexandersen', 683);
INSERT INTO `phone` (`DESCRIPTION`, `NUMBER`, `OWNER_ID`) VALUES ('mobile', '83216002', 683);
INSERT INTO `hobby_person` (`hobbies_ID`, `persons_ID`) VALUES (1, 683);
INSERT INTO `address` (`INFORMATION`, `STREET`, `CITY_ID`) VALUES ('1. tv', 'Milanovicvej', 10);
INSERT INTO `person` (`ID`, `EMAIL`, `FIRSTNAME`, `LASTNAME`, `ADDRESS_ID`) VALUES (684,'Bob@yahoo.dk', 'Bob', 'Stevensen', 684);
INSERT INTO `phone` (`DESCRIPTION`, `NUMBER`, `OWNER_ID`) VALUES ('home', '72138997', 684);
INSERT INTO `hobby_person` (`hobbies_ID`, `persons_ID`) VALUES (4, 684);
INSERT INTO `address` (`INFORMATION`, `STREET`, `CITY_ID`) VALUES ('1. tv', 'Ryllevej', 1026);
INSERT INTO `person` (`ID`, `EMAIL`, `FIRSTNAME`, `LASTNAME`, `ADDRESS_ID`) VALUES (685,'Thomas@hotmail.dk', 'Thomas', 'Behrendt', 685);
INSERT INTO `phone` (`DESCRIPTION`, `NUMBER`, `OWNER_ID`) VALUES ('mobile', '32146082', 685);
INSERT INTO `hobby_person` (`hobbies_ID`, `persons_ID`) VALUES (3, 685);
INSERT INTO `address` (`INFORMATION`, `STREET`, `CITY_ID`) VALUES ('1. th', 'Møllevangen', 1071);
INSERT INTO `person` (`ID`, `EMAIL`, `FIRSTNAME`, `LASTNAME`, `ADDRESS_ID`) VALUES (686,'Kristian@outlook.dk', 'Kristian', 'Stevensen', 686);
INSERT INTO `phone` (`DESCRIPTION`, `NUMBER`, `OWNER_ID`) VALUES ('home', '31178355', 686);
INSERT INTO `hobby_person` (`hobbies_ID`, `persons_ID`) VALUES (2, 686);
INSERT INTO `address` (`INFORMATION`, `STREET`, `CITY_ID`) VALUES ('1. th', 'Ryllevej', 1212);
INSERT INTO `person` (`ID`, `EMAIL`, `FIRSTNAME`, `LASTNAME`, `ADDRESS_ID`) VALUES (687,'Rune@yahoo.eu', 'Rune', 'Stevensen', 687);
INSERT INTO `phone` (`DESCRIPTION`, `NUMBER`, `OWNER_ID`) VALUES ('home', '30650821', 687);
INSERT INTO `hobby_person` (`hobbies_ID`, `persons_ID`) VALUES (5, 687);
INSERT INTO `address` (`INFORMATION`, `STREET`, `CITY_ID`) VALUES ('2. th', 'Kronhjortevej', 857);
INSERT INTO `person` (`ID`, `EMAIL`, `FIRSTNAME`, `LASTNAME`, `ADDRESS_ID`) VALUES (688,'Isabella@zoho.com', 'Isabella', 'Simonsen', 688);
INSERT INTO `phone` (`DESCRIPTION`, `NUMBER`, `OWNER_ID`) VALUES ('work', '21005188', 688);
INSERT INTO `hobby_person` (`hobbies_ID`, `persons_ID`) VALUES (1, 688);
INSERT INTO `address` (`INFORMATION`, `STREET`, `CITY_ID`) VALUES ('2. tv', 'Ryllevej', 1337);
INSERT INTO `person` (`ID`, `EMAIL`, `FIRSTNAME`, `LASTNAME`, `ADDRESS_ID`) VALUES (689,'Solveig@outlook.eu', 'Solveig', 'Alexandersen', 689);
INSERT INTO `phone` (`DESCRIPTION`, `NUMBER`, `OWNER_ID`) VALUES ('mobile', '83499939', 689);
INSERT INTO `hobby_person` (`hobbies_ID`, `persons_ID`) VALUES (4, 689);
INSERT INTO `address` (`INFORMATION`, `STREET`, `CITY_ID`) VALUES ('1. tv', 'Kullevej', 31);
INSERT INTO `person` (`ID`, `EMAIL`, `FIRSTNAME`, `LASTNAME`, `ADDRESS_ID`) VALUES (690,'Simon@outlook.dk', 'Simon', 'Alexandersen', 690);
INSERT INTO `phone` (`DESCRIPTION`, `NUMBER`, `OWNER_ID`) VALUES ('work', '5884764', 690);
INSERT INTO `hobby_person` (`hobbies_ID`, `persons_ID`) VALUES (3, 690);
INSERT INTO `address` (`INFORMATION`, `STREET`, `CITY_ID`) VALUES ('2. th', 'Kullevej', 1249);
INSERT INTO `person` (`ID`, `EMAIL`, `FIRSTNAME`, `LASTNAME`, `ADDRESS_ID`) VALUES (691,'Steven@hotmail.eu', 'Steven', 'Behrendt', 691);
INSERT INTO `phone` (`DESCRIPTION`, `NUMBER`, `OWNER_ID`) VALUES ('home', '70109447', 691);
INSERT INTO `hobby_person` (`hobbies_ID`, `persons_ID`) VALUES (3, 691);
INSERT INTO `address` (`INFORMATION`, `STREET`, `CITY_ID`) VALUES ('2. tv', 'Milanovicvej', 447);
INSERT INTO `person` (`ID`, `EMAIL`, `FIRSTNAME`, `LASTNAME`, `ADDRESS_ID`) VALUES (692,'Thomas@yahoo.com', 'Thomas', 'Thomassen', 692);
INSERT INTO `phone` (`DESCRIPTION`, `NUMBER`, `OWNER_ID`) VALUES ('work', '45793', 692);
INSERT INTO `hobby_person` (`hobbies_ID`, `persons_ID`) VALUES (1, 692);
INSERT INTO `address` (`INFORMATION`, `STREET`, `CITY_ID`) VALUES ('1. th', 'Kronhjortevej', 470);
INSERT INTO `person` (`ID`, `EMAIL`, `FIRSTNAME`, `LASTNAME`, `ADDRESS_ID`) VALUES (693,'Steven@protonmail.eu', 'Steven', 'Filipsen', 693);
INSERT INTO `phone` (`DESCRIPTION`, `NUMBER`, `OWNER_ID`) VALUES ('work', '21994254', 693);
INSERT INTO `hobby_person` (`hobbies_ID`, `persons_ID`) VALUES (5, 693);
INSERT INTO `address` (`INFORMATION`, `STREET`, `CITY_ID`) VALUES ('stuen', 'Ryllevej', 636);
INSERT INTO `person` (`ID`, `EMAIL`, `FIRSTNAME`, `LASTNAME`, `ADDRESS_ID`) VALUES (694,'Filip@gmail.com', 'Filip', 'Thomassen', 694);
INSERT INTO `phone` (`DESCRIPTION`, `NUMBER`, `OWNER_ID`) VALUES ('work', '4691221', 694);
INSERT INTO `hobby_person` (`hobbies_ID`, `persons_ID`) VALUES (1, 694);
INSERT INTO `address` (`INFORMATION`, `STREET`, `CITY_ID`) VALUES ('2. th', 'Milanovicvej', 1195);
INSERT INTO `person` (`ID`, `EMAIL`, `FIRSTNAME`, `LASTNAME`, `ADDRESS_ID`) VALUES (695,'Filip@outlook.com', 'Filip', 'Filipsen', 695);
INSERT INTO `phone` (`DESCRIPTION`, `NUMBER`, `OWNER_ID`) VALUES ('work', '6745083', 695);
INSERT INTO `hobby_person` (`hobbies_ID`, `persons_ID`) VALUES (4, 695);
INSERT INTO `address` (`INFORMATION`, `STREET`, `CITY_ID`) VALUES ('1. tv', 'Milanovicvej', 1010);
INSERT INTO `person` (`ID`, `EMAIL`, `FIRSTNAME`, `LASTNAME`, `ADDRESS_ID`) VALUES (696,'Christoffer@outlook.dk', 'Christoffer', 'Kaspersen', 696);
INSERT INTO `phone` (`DESCRIPTION`, `NUMBER`, `OWNER_ID`) VALUES ('work', '20197826', 696);
INSERT INTO `hobby_person` (`hobbies_ID`, `persons_ID`) VALUES (1, 696);
INSERT INTO `address` (`INFORMATION`, `STREET`, `CITY_ID`) VALUES ('1. tv', 'Kronhjortevej', 1194);
INSERT INTO `person` (`ID`, `EMAIL`, `FIRSTNAME`, `LASTNAME`, `ADDRESS_ID`) VALUES (697,'Mikkel@zoho.dk', 'Mikkel', 'Kaspersen', 697);
INSERT INTO `phone` (`DESCRIPTION`, `NUMBER`, `OWNER_ID`) VALUES ('work', '96413859', 697);
INSERT INTO `hobby_person` (`hobbies_ID`, `persons_ID`) VALUES (2, 697);
INSERT INTO `address` (`INFORMATION`, `STREET`, `CITY_ID`) VALUES ('1. th', 'Ryllevej', 765);
INSERT INTO `person` (`ID`, `EMAIL`, `FIRSTNAME`, `LASTNAME`, `ADDRESS_ID`) VALUES (698,'Isabella@hotmail.com', 'Isabella', 'Mikkelsen', 698);
INSERT INTO `phone` (`DESCRIPTION`, `NUMBER`, `OWNER_ID`) VALUES ('work', '50507624', 698);
INSERT INTO `hobby_person` (`hobbies_ID`, `persons_ID`) VALUES (4, 698);
INSERT INTO `address` (`INFORMATION`, `STREET`, `CITY_ID`) VALUES ('1. tv', 'Østgaardsvej', 235);
INSERT INTO `person` (`ID`, `EMAIL`, `FIRSTNAME`, `LASTNAME`, `ADDRESS_ID`) VALUES (699,'Alexa@gmail.eu', 'Alexa', 'Jonassen', 699);
INSERT INTO `phone` (`DESCRIPTION`, `NUMBER`, `OWNER_ID`) VALUES ('work', '36027301', 699);
INSERT INTO `hobby_person` (`hobbies_ID`, `persons_ID`) VALUES (1, 699);
INSERT INTO `address` (`INFORMATION`, `STREET`, `CITY_ID`) VALUES ('2. tv', 'Ryllevej', 673);
INSERT INTO `person` (`ID`, `EMAIL`, `FIRSTNAME`, `LASTNAME`, `ADDRESS_ID`) VALUES (700,'Isabella@protonmail.com', 'Isabella', 'Jonassen', 700);
INSERT INTO `phone` (`DESCRIPTION`, `NUMBER`, `OWNER_ID`) VALUES ('mobile', '34437894', 700);
INSERT INTO `hobby_person` (`hobbies_ID`, `persons_ID`) VALUES (5, 700);
INSERT INTO `address` (`INFORMATION`, `STREET`, `CITY_ID`) VALUES ('2. th', 'Kronhjortevej', 1287);
INSERT INTO `person` (`ID`, `EMAIL`, `FIRSTNAME`, `LASTNAME`, `ADDRESS_ID`) VALUES (701,'Alexa@protonmail.com', 'Alexa', 'Bobsen', 701);
INSERT INTO `phone` (`DESCRIPTION`, `NUMBER`, `OWNER_ID`) VALUES ('work', '23884390', 701);
INSERT INTO `hobby_person` (`hobbies_ID`, `persons_ID`) VALUES (5, 701);
INSERT INTO `address` (`INFORMATION`, `STREET`, `CITY_ID`) VALUES ('2. tv', 'Ryllevej', 595);
INSERT INTO `person` (`ID`, `EMAIL`, `FIRSTNAME`, `LASTNAME`, `ADDRESS_ID`) VALUES (702,'Steven@protonmail.com', 'Steven', 'Runesen', 702);
INSERT INTO `phone` (`DESCRIPTION`, `NUMBER`, `OWNER_ID`) VALUES ('mobile', '45841502', 702);
INSERT INTO `hobby_person` (`hobbies_ID`, `persons_ID`) VALUES (4, 702);
INSERT INTO `address` (`INFORMATION`, `STREET`, `CITY_ID`) VALUES ('2. tv', 'Ryllevej', 1131);
INSERT INTO `person` (`ID`, `EMAIL`, `FIRSTNAME`, `LASTNAME`, `ADDRESS_ID`) VALUES (703,'Kim@zoho.dk', 'Kim', 'Mikkelsen', 703);
INSERT INTO `phone` (`DESCRIPTION`, `NUMBER`, `OWNER_ID`) VALUES ('mobile', '11064567', 703);
INSERT INTO `hobby_person` (`hobbies_ID`, `persons_ID`) VALUES (1, 703);
INSERT INTO `address` (`INFORMATION`, `STREET`, `CITY_ID`) VALUES ('1. th', 'Kronhjortevej', 285);
INSERT INTO `person` (`ID`, `EMAIL`, `FIRSTNAME`, `LASTNAME`, `ADDRESS_ID`) VALUES (704,'Jonas@yahoo.com', 'Jonas', 'Stevensen', 704);
INSERT INTO `phone` (`DESCRIPTION`, `NUMBER`, `OWNER_ID`) VALUES ('home', '80510733', 704);
INSERT INTO `hobby_person` (`hobbies_ID`, `persons_ID`) VALUES (3, 704);
INSERT INTO `address` (`INFORMATION`, `STREET`, `CITY_ID`) VALUES ('2. tv', 'Ryllevej', 1184);
INSERT INTO `person` (`ID`, `EMAIL`, `FIRSTNAME`, `LASTNAME`, `ADDRESS_ID`) VALUES (705,'Solveig@yahoo.eu', 'Solveig', 'Thomassen', 705);
INSERT INTO `phone` (`DESCRIPTION`, `NUMBER`, `OWNER_ID`) VALUES ('work', '33212020', 705);
INSERT INTO `hobby_person` (`hobbies_ID`, `persons_ID`) VALUES (1, 705);
INSERT INTO `address` (`INFORMATION`, `STREET`, `CITY_ID`) VALUES ('1. th', 'Ryllevej', 223);
INSERT INTO `person` (`ID`, `EMAIL`, `FIRSTNAME`, `LASTNAME`, `ADDRESS_ID`) VALUES (706,'Filip@gmail.dk', 'Filip', 'Kaspersen', 706);
INSERT INTO `phone` (`DESCRIPTION`, `NUMBER`, `OWNER_ID`) VALUES ('mobile', '87237579', 706);
INSERT INTO `hobby_person` (`hobbies_ID`, `persons_ID`) VALUES (2, 706);
INSERT INTO `address` (`INFORMATION`, `STREET`, `CITY_ID`) VALUES ('2. th', 'Møllevangen', 328);
INSERT INTO `person` (`ID`, `EMAIL`, `FIRSTNAME`, `LASTNAME`, `ADDRESS_ID`) VALUES (707,'Kristian@protonmail.eu', 'Kristian', 'Filipsen', 707);
INSERT INTO `phone` (`DESCRIPTION`, `NUMBER`, `OWNER_ID`) VALUES ('home', '89902235', 707);
INSERT INTO `hobby_person` (`hobbies_ID`, `persons_ID`) VALUES (2, 707);
INSERT INTO `address` (`INFORMATION`, `STREET`, `CITY_ID`) VALUES ('1. th', 'Ryllevej', 930);
INSERT INTO `person` (`ID`, `EMAIL`, `FIRSTNAME`, `LASTNAME`, `ADDRESS_ID`) VALUES (708,'Jonas@protonmail.eu', 'Jonas', 'Simonsen', 708);
INSERT INTO `phone` (`DESCRIPTION`, `NUMBER`, `OWNER_ID`) VALUES ('mobile', '23100430', 708);
INSERT INTO `hobby_person` (`hobbies_ID`, `persons_ID`) VALUES (3, 708);
INSERT INTO `address` (`INFORMATION`, `STREET`, `CITY_ID`) VALUES ('2. tv', 'Møllevangen', 659);
INSERT INTO `person` (`ID`, `EMAIL`, `FIRSTNAME`, `LASTNAME`, `ADDRESS_ID`) VALUES (709,'Isabella@yahoo.com', 'Isabella', 'Christoffersen', 709);
INSERT INTO `phone` (`DESCRIPTION`, `NUMBER`, `OWNER_ID`) VALUES ('mobile', '91770618', 709);
INSERT INTO `hobby_person` (`hobbies_ID`, `persons_ID`) VALUES (4, 709);
INSERT INTO `address` (`INFORMATION`, `STREET`, `CITY_ID`) VALUES ('1. th', 'Hjortekærsvej', 255);
INSERT INTO `person` (`ID`, `EMAIL`, `FIRSTNAME`, `LASTNAME`, `ADDRESS_ID`) VALUES (710,'Steven@hotmail.eu', 'Steven', 'Bobsen', 710);
INSERT INTO `phone` (`DESCRIPTION`, `NUMBER`, `OWNER_ID`) VALUES ('mobile', '85890163', 710);
INSERT INTO `hobby_person` (`hobbies_ID`, `persons_ID`) VALUES (3, 710);
INSERT INTO `address` (`INFORMATION`, `STREET`, `CITY_ID`) VALUES ('2. tv', 'Kullevej', 264);
INSERT INTO `person` (`ID`, `EMAIL`, `FIRSTNAME`, `LASTNAME`, `ADDRESS_ID`) VALUES (711,'Solveig@outlook.com', 'Solveig', 'Vestergaard', 711);
INSERT INTO `phone` (`DESCRIPTION`, `NUMBER`, `OWNER_ID`) VALUES ('home', '2668721', 711);
INSERT INTO `hobby_person` (`hobbies_ID`, `persons_ID`) VALUES (1, 711);
INSERT INTO `address` (`INFORMATION`, `STREET`, `CITY_ID`) VALUES ('stuen', 'Ryllevej', 300);
INSERT INTO `person` (`ID`, `EMAIL`, `FIRSTNAME`, `LASTNAME`, `ADDRESS_ID`) VALUES (712,'Alexander@outlook.com', 'Alexander', 'Filipovic', 712);
INSERT INTO `phone` (`DESCRIPTION`, `NUMBER`, `OWNER_ID`) VALUES ('home', '68258920', 712);
INSERT INTO `hobby_person` (`hobbies_ID`, `persons_ID`) VALUES (4, 712);
INSERT INTO `address` (`INFORMATION`, `STREET`, `CITY_ID`) VALUES ('1. tv', 'Ryllevej', 545);
INSERT INTO `person` (`ID`, `EMAIL`, `FIRSTNAME`, `LASTNAME`, `ADDRESS_ID`) VALUES (713,'Kirsten@outlook.eu', 'Kirsten', 'Vestergaard', 713);
INSERT INTO `phone` (`DESCRIPTION`, `NUMBER`, `OWNER_ID`) VALUES ('work', '65537125', 713);
INSERT INTO `hobby_person` (`hobbies_ID`, `persons_ID`) VALUES (4, 713);
INSERT INTO `address` (`INFORMATION`, `STREET`, `CITY_ID`) VALUES ('2. th', 'Møllevangen', 1055);
INSERT INTO `person` (`ID`, `EMAIL`, `FIRSTNAME`, `LASTNAME`, `ADDRESS_ID`) VALUES (714,'Kasper@yahoo.eu', 'Kasper', 'Alexandersen', 714);
INSERT INTO `phone` (`DESCRIPTION`, `NUMBER`, `OWNER_ID`) VALUES ('home', '75452177', 714);
INSERT INTO `hobby_person` (`hobbies_ID`, `persons_ID`) VALUES (5, 714);
INSERT INTO `address` (`INFORMATION`, `STREET`, `CITY_ID`) VALUES ('2. th', 'Ryllevej', 1326);
INSERT INTO `person` (`ID`, `EMAIL`, `FIRSTNAME`, `LASTNAME`, `ADDRESS_ID`) VALUES (715,'Mia@hotmail.eu', 'Mia', 'Simonsen', 715);
INSERT INTO `phone` (`DESCRIPTION`, `NUMBER`, `OWNER_ID`) VALUES ('mobile', '3705544', 715);
INSERT INTO `hobby_person` (`hobbies_ID`, `persons_ID`) VALUES (5, 715);
INSERT INTO `address` (`INFORMATION`, `STREET`, `CITY_ID`) VALUES ('stuen', 'Møllevangen', 348);
INSERT INTO `person` (`ID`, `EMAIL`, `FIRSTNAME`, `LASTNAME`, `ADDRESS_ID`) VALUES (716,'Jonas@protonmail.dk', 'Jonas', 'Simonsen', 716);
INSERT INTO `phone` (`DESCRIPTION`, `NUMBER`, `OWNER_ID`) VALUES ('home', '70378885', 716);
INSERT INTO `hobby_person` (`hobbies_ID`, `persons_ID`) VALUES (3, 716);
INSERT INTO `address` (`INFORMATION`, `STREET`, `CITY_ID`) VALUES ('stuen', 'Hjortekærsvej', 242);
INSERT INTO `person` (`ID`, `EMAIL`, `FIRSTNAME`, `LASTNAME`, `ADDRESS_ID`) VALUES (717,'Alexa@yahoo.com', 'Alexa', 'Vestergaard', 717);
INSERT INTO `phone` (`DESCRIPTION`, `NUMBER`, `OWNER_ID`) VALUES ('work', '39623383', 717);
INSERT INTO `hobby_person` (`hobbies_ID`, `persons_ID`) VALUES (1, 717);
INSERT INTO `address` (`INFORMATION`, `STREET`, `CITY_ID`) VALUES ('1. th', 'Kullevej', 1177);
INSERT INTO `person` (`ID`, `EMAIL`, `FIRSTNAME`, `LASTNAME`, `ADDRESS_ID`) VALUES (718,'Kim@outlook.dk', 'Kim', 'Filipsen', 718);
INSERT INTO `phone` (`DESCRIPTION`, `NUMBER`, `OWNER_ID`) VALUES ('home', '96718375', 718);
INSERT INTO `hobby_person` (`hobbies_ID`, `persons_ID`) VALUES (3, 718);
INSERT INTO `address` (`INFORMATION`, `STREET`, `CITY_ID`) VALUES ('1. th', 'Møllevangen', 610);
INSERT INTO `person` (`ID`, `EMAIL`, `FIRSTNAME`, `LASTNAME`, `ADDRESS_ID`) VALUES (719,'Rune@protonmail.com', 'Rune', 'Alexandersen', 719);
INSERT INTO `phone` (`DESCRIPTION`, `NUMBER`, `OWNER_ID`) VALUES ('work', '53174789', 719);
INSERT INTO `hobby_person` (`hobbies_ID`, `persons_ID`) VALUES (5, 719);
INSERT INTO `address` (`INFORMATION`, `STREET`, `CITY_ID`) VALUES ('1. tv', 'Milanovicvej', 1114);
INSERT INTO `person` (`ID`, `EMAIL`, `FIRSTNAME`, `LASTNAME`, `ADDRESS_ID`) VALUES (720,'Kasper@gmail.eu', 'Kasper', 'Behrendt', 720);
INSERT INTO `phone` (`DESCRIPTION`, `NUMBER`, `OWNER_ID`) VALUES ('home', '53671308', 720);
INSERT INTO `hobby_person` (`hobbies_ID`, `persons_ID`) VALUES (3, 720);
INSERT INTO `address` (`INFORMATION`, `STREET`, `CITY_ID`) VALUES ('1. tv', 'Ryllevej', 1162);
INSERT INTO `person` (`ID`, `EMAIL`, `FIRSTNAME`, `LASTNAME`, `ADDRESS_ID`) VALUES (721,'Kim@gmail.eu', 'Kim', 'Runesen', 721);
INSERT INTO `phone` (`DESCRIPTION`, `NUMBER`, `OWNER_ID`) VALUES ('mobile', '98314578', 721);
INSERT INTO `hobby_person` (`hobbies_ID`, `persons_ID`) VALUES (1, 721);
INSERT INTO `address` (`INFORMATION`, `STREET`, `CITY_ID`) VALUES ('2. tv', 'Kullevej', 199);
INSERT INTO `person` (`ID`, `EMAIL`, `FIRSTNAME`, `LASTNAME`, `ADDRESS_ID`) VALUES (722,'Maria@gmail.com', 'Maria', 'Alexandersen', 722);
INSERT INTO `phone` (`DESCRIPTION`, `NUMBER`, `OWNER_ID`) VALUES ('work', '56566909', 722);
INSERT INTO `hobby_person` (`hobbies_ID`, `persons_ID`) VALUES (3, 722);
INSERT INTO `address` (`INFORMATION`, `STREET`, `CITY_ID`) VALUES ('2. tv', 'Kronhjortevej', 1083);
INSERT INTO `person` (`ID`, `EMAIL`, `FIRSTNAME`, `LASTNAME`, `ADDRESS_ID`) VALUES (723,'Kim@zoho.com', 'Kim', 'Simonsen', 723);
INSERT INTO `phone` (`DESCRIPTION`, `NUMBER`, `OWNER_ID`) VALUES ('work', '20304833', 723);
INSERT INTO `hobby_person` (`hobbies_ID`, `persons_ID`) VALUES (5, 723);
INSERT INTO `address` (`INFORMATION`, `STREET`, `CITY_ID`) VALUES ('1. tv', 'Ryllevej', 1258);
INSERT INTO `person` (`ID`, `EMAIL`, `FIRSTNAME`, `LASTNAME`, `ADDRESS_ID`) VALUES (724,'Mikkel@gmail.com', 'Mikkel', 'Jonassen', 724);
INSERT INTO `phone` (`DESCRIPTION`, `NUMBER`, `OWNER_ID`) VALUES ('work', '74771814', 724);
INSERT INTO `hobby_person` (`hobbies_ID`, `persons_ID`) VALUES (1, 724);
INSERT INTO `address` (`INFORMATION`, `STREET`, `CITY_ID`) VALUES ('1. tv', 'Kronhjortevej', 1233);
INSERT INTO `person` (`ID`, `EMAIL`, `FIRSTNAME`, `LASTNAME`, `ADDRESS_ID`) VALUES (725,'Mikkel@outlook.eu', 'Mikkel', 'Stevensen', 725);
INSERT INTO `phone` (`DESCRIPTION`, `NUMBER`, `OWNER_ID`) VALUES ('work', '88939480', 725);
INSERT INTO `hobby_person` (`hobbies_ID`, `persons_ID`) VALUES (4, 725);
INSERT INTO `address` (`INFORMATION`, `STREET`, `CITY_ID`) VALUES ('stuen', 'Møllevangen', 70);
INSERT INTO `person` (`ID`, `EMAIL`, `FIRSTNAME`, `LASTNAME`, `ADDRESS_ID`) VALUES (726,'Thomas@gmail.dk', 'Thomas', 'Christoffersen', 726);
INSERT INTO `phone` (`DESCRIPTION`, `NUMBER`, `OWNER_ID`) VALUES ('home', '75598338', 726);
INSERT INTO `hobby_person` (`hobbies_ID`, `persons_ID`) VALUES (1, 726);
INSERT INTO `address` (`INFORMATION`, `STREET`, `CITY_ID`) VALUES ('1. th', 'Kronhjortevej', 880);
INSERT INTO `person` (`ID`, `EMAIL`, `FIRSTNAME`, `LASTNAME`, `ADDRESS_ID`) VALUES (727,'Alexa@protonmail.dk', 'Alexa', 'Thomassen', 727);
INSERT INTO `phone` (`DESCRIPTION`, `NUMBER`, `OWNER_ID`) VALUES ('mobile', '13569099', 727);
INSERT INTO `hobby_person` (`hobbies_ID`, `persons_ID`) VALUES (1, 727);
INSERT INTO `address` (`INFORMATION`, `STREET`, `CITY_ID`) VALUES ('1. tv', 'Ryllevej', 1081);
INSERT INTO `person` (`ID`, `EMAIL`, `FIRSTNAME`, `LASTNAME`, `ADDRESS_ID`) VALUES (728,'Kasper@protonmail.dk', 'Kasper', 'Kristiansen', 728);
INSERT INTO `phone` (`DESCRIPTION`, `NUMBER`, `OWNER_ID`) VALUES ('work', '21376497', 728);
INSERT INTO `hobby_person` (`hobbies_ID`, `persons_ID`) VALUES (1, 728);
INSERT INTO `address` (`INFORMATION`, `STREET`, `CITY_ID`) VALUES ('1. th', 'Kullevej', 476);
INSERT INTO `person` (`ID`, `EMAIL`, `FIRSTNAME`, `LASTNAME`, `ADDRESS_ID`) VALUES (729,'Ida@hotmail.com', 'Ida', 'Stevensen', 729);
INSERT INTO `phone` (`DESCRIPTION`, `NUMBER`, `OWNER_ID`) VALUES ('work', '49623526', 729);
INSERT INTO `hobby_person` (`hobbies_ID`, `persons_ID`) VALUES (5, 729);
INSERT INTO `address` (`INFORMATION`, `STREET`, `CITY_ID`) VALUES ('1. th', 'Kronhjortevej', 14);
INSERT INTO `person` (`ID`, `EMAIL`, `FIRSTNAME`, `LASTNAME`, `ADDRESS_ID`) VALUES (730,'Steven@gmail.com', 'Steven', 'Mikkelsen', 730);
INSERT INTO `phone` (`DESCRIPTION`, `NUMBER`, `OWNER_ID`) VALUES ('mobile', '50334285', 730);
INSERT INTO `hobby_person` (`hobbies_ID`, `persons_ID`) VALUES (2, 730);
INSERT INTO `address` (`INFORMATION`, `STREET`, `CITY_ID`) VALUES ('2. th', 'Møllevangen', 16);
INSERT INTO `person` (`ID`, `EMAIL`, `FIRSTNAME`, `LASTNAME`, `ADDRESS_ID`) VALUES (731,'Mikkel@zoho.dk', 'Mikkel', 'Filipovic', 731);
INSERT INTO `phone` (`DESCRIPTION`, `NUMBER`, `OWNER_ID`) VALUES ('mobile', '57323636', 731);
INSERT INTO `hobby_person` (`hobbies_ID`, `persons_ID`) VALUES (1, 731);
INSERT INTO `address` (`INFORMATION`, `STREET`, `CITY_ID`) VALUES ('1. tv', 'Milanovicvej', 596);
INSERT INTO `person` (`ID`, `EMAIL`, `FIRSTNAME`, `LASTNAME`, `ADDRESS_ID`) VALUES (732,'Simon@gmail.com', 'Simon', 'Stevensen', 732);
INSERT INTO `phone` (`DESCRIPTION`, `NUMBER`, `OWNER_ID`) VALUES ('mobile', '87751194', 732);
INSERT INTO `hobby_person` (`hobbies_ID`, `persons_ID`) VALUES (3, 732);
INSERT INTO `address` (`INFORMATION`, `STREET`, `CITY_ID`) VALUES ('1. th', 'Hjortekærsvej', 680);
INSERT INTO `person` (`ID`, `EMAIL`, `FIRSTNAME`, `LASTNAME`, `ADDRESS_ID`) VALUES (733,'Mia@yahoo.dk', 'Mia', 'Kaspersen', 733);
INSERT INTO `phone` (`DESCRIPTION`, `NUMBER`, `OWNER_ID`) VALUES ('work', '17805362', 733);
INSERT INTO `hobby_person` (`hobbies_ID`, `persons_ID`) VALUES (5, 733);
INSERT INTO `address` (`INFORMATION`, `STREET`, `CITY_ID`) VALUES ('1. tv', 'Østgaardsvej', 597);
INSERT INTO `person` (`ID`, `EMAIL`, `FIRSTNAME`, `LASTNAME`, `ADDRESS_ID`) VALUES (734,'Maria@zoho.com', 'Maria', 'Runesen', 734);
INSERT INTO `phone` (`DESCRIPTION`, `NUMBER`, `OWNER_ID`) VALUES ('mobile', '17182344', 734);
INSERT INTO `hobby_person` (`hobbies_ID`, `persons_ID`) VALUES (3, 734);
INSERT INTO `address` (`INFORMATION`, `STREET`, `CITY_ID`) VALUES ('2. th', 'Milanovicvej', 1018);
INSERT INTO `person` (`ID`, `EMAIL`, `FIRSTNAME`, `LASTNAME`, `ADDRESS_ID`) VALUES (735,'Kasper@gmail.dk', 'Kasper', 'Christoffersen', 735);
INSERT INTO `phone` (`DESCRIPTION`, `NUMBER`, `OWNER_ID`) VALUES ('mobile', '66968896', 735);
INSERT INTO `hobby_person` (`hobbies_ID`, `persons_ID`) VALUES (1, 735);
INSERT INTO `address` (`INFORMATION`, `STREET`, `CITY_ID`) VALUES ('2. th', 'Møllevangen', 1192);
INSERT INTO `person` (`ID`, `EMAIL`, `FIRSTNAME`, `LASTNAME`, `ADDRESS_ID`) VALUES (736,'Mia@protonmail.eu', 'Mia', 'Filipovic', 736);
INSERT INTO `phone` (`DESCRIPTION`, `NUMBER`, `OWNER_ID`) VALUES ('home', '47013990', 736);
INSERT INTO `hobby_person` (`hobbies_ID`, `persons_ID`) VALUES (2, 736);
INSERT INTO `address` (`INFORMATION`, `STREET`, `CITY_ID`) VALUES ('1. tv', 'Kronhjortevej', 1224);
INSERT INTO `person` (`ID`, `EMAIL`, `FIRSTNAME`, `LASTNAME`, `ADDRESS_ID`) VALUES (737,'Kim@yahoo.dk', 'Kim', 'Simonsen', 737);
INSERT INTO `phone` (`DESCRIPTION`, `NUMBER`, `OWNER_ID`) VALUES ('work', '49245491', 737);
INSERT INTO `hobby_person` (`hobbies_ID`, `persons_ID`) VALUES (4, 737);
INSERT INTO `address` (`INFORMATION`, `STREET`, `CITY_ID`) VALUES ('1. th', 'Milanovicvej', 619);
INSERT INTO `person` (`ID`, `EMAIL`, `FIRSTNAME`, `LASTNAME`, `ADDRESS_ID`) VALUES (738,'Alexander@gmail.dk', 'Alexander', 'Filipsen', 738);
INSERT INTO `phone` (`DESCRIPTION`, `NUMBER`, `OWNER_ID`) VALUES ('mobile', '61501207', 738);
INSERT INTO `hobby_person` (`hobbies_ID`, `persons_ID`) VALUES (4, 738);
INSERT INTO `address` (`INFORMATION`, `STREET`, `CITY_ID`) VALUES ('1. tv', 'Hjortekærsvej', 1320);
INSERT INTO `person` (`ID`, `EMAIL`, `FIRSTNAME`, `LASTNAME`, `ADDRESS_ID`) VALUES (739,'Christoffer@hotmail.com', 'Christoffer', 'Alexandersen', 739);
INSERT INTO `phone` (`DESCRIPTION`, `NUMBER`, `OWNER_ID`) VALUES ('home', '30568893', 739);
INSERT INTO `hobby_person` (`hobbies_ID`, `persons_ID`) VALUES (4, 739);
INSERT INTO `address` (`INFORMATION`, `STREET`, `CITY_ID`) VALUES ('1. tv', 'Hjortekærsvej', 1068);
INSERT INTO `person` (`ID`, `EMAIL`, `FIRSTNAME`, `LASTNAME`, `ADDRESS_ID`) VALUES (740,'Alexa@zoho.com', 'Alexa', 'Christoffersen', 740);
INSERT INTO `phone` (`DESCRIPTION`, `NUMBER`, `OWNER_ID`) VALUES ('work', '64873616', 740);
INSERT INTO `hobby_person` (`hobbies_ID`, `persons_ID`) VALUES (3, 740);
INSERT INTO `address` (`INFORMATION`, `STREET`, `CITY_ID`) VALUES ('2. tv', 'Kronhjortevej', 1271);
INSERT INTO `person` (`ID`, `EMAIL`, `FIRSTNAME`, `LASTNAME`, `ADDRESS_ID`) VALUES (741,'Kasper@gmail.com', 'Kasper', 'Filipsen', 741);
INSERT INTO `phone` (`DESCRIPTION`, `NUMBER`, `OWNER_ID`) VALUES ('mobile', '27581383', 741);
INSERT INTO `hobby_person` (`hobbies_ID`, `persons_ID`) VALUES (5, 741);
INSERT INTO `address` (`INFORMATION`, `STREET`, `CITY_ID`) VALUES ('stuen', 'Kullevej', 542);
INSERT INTO `person` (`ID`, `EMAIL`, `FIRSTNAME`, `LASTNAME`, `ADDRESS_ID`) VALUES (742,'Isabella@hotmail.dk', 'Isabella', 'Vestergaard', 742);
INSERT INTO `phone` (`DESCRIPTION`, `NUMBER`, `OWNER_ID`) VALUES ('work', '40862945', 742);
INSERT INTO `hobby_person` (`hobbies_ID`, `persons_ID`) VALUES (5, 742);
INSERT INTO `address` (`INFORMATION`, `STREET`, `CITY_ID`) VALUES ('stuen', 'Hjortekærsvej', 233);
INSERT INTO `person` (`ID`, `EMAIL`, `FIRSTNAME`, `LASTNAME`, `ADDRESS_ID`) VALUES (743,'Filip@hotmail.com', 'Filip', 'Mikkelsen', 743);
INSERT INTO `phone` (`DESCRIPTION`, `NUMBER`, `OWNER_ID`) VALUES ('work', '61450759', 743);
INSERT INTO `hobby_person` (`hobbies_ID`, `persons_ID`) VALUES (1, 743);
INSERT INTO `address` (`INFORMATION`, `STREET`, `CITY_ID`) VALUES ('2. th', 'Østgaardsvej', 683);
INSERT INTO `person` (`ID`, `EMAIL`, `FIRSTNAME`, `LASTNAME`, `ADDRESS_ID`) VALUES (744,'Filip@zoho.dk', 'Filip', 'Bobsen', 744);
INSERT INTO `phone` (`DESCRIPTION`, `NUMBER`, `OWNER_ID`) VALUES ('work', '36416627', 744);
INSERT INTO `hobby_person` (`hobbies_ID`, `persons_ID`) VALUES (5, 744);
INSERT INTO `address` (`INFORMATION`, `STREET`, `CITY_ID`) VALUES ('2. tv', 'Hjortekærsvej', 543);
INSERT INTO `person` (`ID`, `EMAIL`, `FIRSTNAME`, `LASTNAME`, `ADDRESS_ID`) VALUES (745,'Christoffer@hotmail.com', 'Christoffer', 'Kaspersen', 745);
INSERT INTO `phone` (`DESCRIPTION`, `NUMBER`, `OWNER_ID`) VALUES ('mobile', '90280178', 745);
INSERT INTO `hobby_person` (`hobbies_ID`, `persons_ID`) VALUES (1, 745);
INSERT INTO `address` (`INFORMATION`, `STREET`, `CITY_ID`) VALUES ('2. th', 'Kronhjortevej', 223);
INSERT INTO `person` (`ID`, `EMAIL`, `FIRSTNAME`, `LASTNAME`, `ADDRESS_ID`) VALUES (746,'Rune@gmail.com', 'Rune', 'Alexandersen', 746);
INSERT INTO `phone` (`DESCRIPTION`, `NUMBER`, `OWNER_ID`) VALUES ('mobile', '24359760', 746);
INSERT INTO `hobby_person` (`hobbies_ID`, `persons_ID`) VALUES (3, 746);
INSERT INTO `address` (`INFORMATION`, `STREET`, `CITY_ID`) VALUES ('1. tv', 'Ryllevej', 853);
INSERT INTO `person` (`ID`, `EMAIL`, `FIRSTNAME`, `LASTNAME`, `ADDRESS_ID`) VALUES (747,'Thomas@yahoo.dk', 'Thomas', 'Runesen', 747);
INSERT INTO `phone` (`DESCRIPTION`, `NUMBER`, `OWNER_ID`) VALUES ('mobile', '54636389', 747);
INSERT INTO `hobby_person` (`hobbies_ID`, `persons_ID`) VALUES (4, 747);
INSERT INTO `address` (`INFORMATION`, `STREET`, `CITY_ID`) VALUES ('1. th', 'Møllevangen', 760);
INSERT INTO `person` (`ID`, `EMAIL`, `FIRSTNAME`, `LASTNAME`, `ADDRESS_ID`) VALUES (748,'Kasper@protonmail.com', 'Kasper', 'Runesen', 748);
INSERT INTO `phone` (`DESCRIPTION`, `NUMBER`, `OWNER_ID`) VALUES ('home', '47004472', 748);
INSERT INTO `hobby_person` (`hobbies_ID`, `persons_ID`) VALUES (4, 748);
INSERT INTO `address` (`INFORMATION`, `STREET`, `CITY_ID`) VALUES ('1. th', 'Kronhjortevej', 1047);
INSERT INTO `person` (`ID`, `EMAIL`, `FIRSTNAME`, `LASTNAME`, `ADDRESS_ID`) VALUES (749,'Simon@protonmail.dk', 'Simon', 'Filipsen', 749);
INSERT INTO `phone` (`DESCRIPTION`, `NUMBER`, `OWNER_ID`) VALUES ('mobile', '9032505', 749);
INSERT INTO `hobby_person` (`hobbies_ID`, `persons_ID`) VALUES (5, 749);
INSERT INTO `address` (`INFORMATION`, `STREET`, `CITY_ID`) VALUES ('stuen', 'Hjortekærsvej', 1328);
INSERT INTO `person` (`ID`, `EMAIL`, `FIRSTNAME`, `LASTNAME`, `ADDRESS_ID`) VALUES (750,'Filip@gmail.com', 'Filip', 'Bobsen', 750);
INSERT INTO `phone` (`DESCRIPTION`, `NUMBER`, `OWNER_ID`) VALUES ('mobile', '49611595', 750);
INSERT INTO `hobby_person` (`hobbies_ID`, `persons_ID`) VALUES (2, 750);
INSERT INTO `address` (`INFORMATION`, `STREET`, `CITY_ID`) VALUES ('stuen', 'Kullevej', 919);
INSERT INTO `person` (`ID`, `EMAIL`, `FIRSTNAME`, `LASTNAME`, `ADDRESS_ID`) VALUES (751,'Mikkel@zoho.com', 'Mikkel', 'Stevensen', 751);
INSERT INTO `phone` (`DESCRIPTION`, `NUMBER`, `OWNER_ID`) VALUES ('home', '68261152', 751);
INSERT INTO `hobby_person` (`hobbies_ID`, `persons_ID`) VALUES (4, 751);
INSERT INTO `address` (`INFORMATION`, `STREET`, `CITY_ID`) VALUES ('2. tv', 'Møllevangen', 141);
INSERT INTO `person` (`ID`, `EMAIL`, `FIRSTNAME`, `LASTNAME`, `ADDRESS_ID`) VALUES (752,'Simon@protonmail.dk', 'Simon', 'Alexandersen', 752);
INSERT INTO `phone` (`DESCRIPTION`, `NUMBER`, `OWNER_ID`) VALUES ('mobile', '20211232', 752);
INSERT INTO `hobby_person` (`hobbies_ID`, `persons_ID`) VALUES (2, 752);
INSERT INTO `address` (`INFORMATION`, `STREET`, `CITY_ID`) VALUES ('2. tv', 'Møllevangen', 1093);
INSERT INTO `person` (`ID`, `EMAIL`, `FIRSTNAME`, `LASTNAME`, `ADDRESS_ID`) VALUES (753,'Filip@gmail.com', 'Filip', 'Simonsen', 753);
INSERT INTO `phone` (`DESCRIPTION`, `NUMBER`, `OWNER_ID`) VALUES ('home', '13357082', 753);
INSERT INTO `hobby_person` (`hobbies_ID`, `persons_ID`) VALUES (5, 753);
INSERT INTO `address` (`INFORMATION`, `STREET`, `CITY_ID`) VALUES ('stuen', 'Kullevej', 589);
INSERT INTO `person` (`ID`, `EMAIL`, `FIRSTNAME`, `LASTNAME`, `ADDRESS_ID`) VALUES (754,'Mikkel@outlook.eu', 'Mikkel', 'Christoffersen', 754);
INSERT INTO `phone` (`DESCRIPTION`, `NUMBER`, `OWNER_ID`) VALUES ('mobile', '36408556', 754);
INSERT INTO `hobby_person` (`hobbies_ID`, `persons_ID`) VALUES (5, 754);
INSERT INTO `address` (`INFORMATION`, `STREET`, `CITY_ID`) VALUES ('2. tv', 'Østgaardsvej', 851);
INSERT INTO `person` (`ID`, `EMAIL`, `FIRSTNAME`, `LASTNAME`, `ADDRESS_ID`) VALUES (755,'Bob@gmail.dk', 'Bob', 'Stevensen', 755);
INSERT INTO `phone` (`DESCRIPTION`, `NUMBER`, `OWNER_ID`) VALUES ('home', '69369613', 755);
INSERT INTO `hobby_person` (`hobbies_ID`, `persons_ID`) VALUES (2, 755);
INSERT INTO `address` (`INFORMATION`, `STREET`, `CITY_ID`) VALUES ('2. tv', 'Kronhjortevej', 272);
INSERT INTO `person` (`ID`, `EMAIL`, `FIRSTNAME`, `LASTNAME`, `ADDRESS_ID`) VALUES (756,'Jonas@outlook.eu', 'Jonas', 'Filipsen', 756);
INSERT INTO `phone` (`DESCRIPTION`, `NUMBER`, `OWNER_ID`) VALUES ('home', '46061568', 756);
INSERT INTO `hobby_person` (`hobbies_ID`, `persons_ID`) VALUES (2, 756);
INSERT INTO `address` (`INFORMATION`, `STREET`, `CITY_ID`) VALUES ('2. th', 'Hjortekærsvej', 1012);
INSERT INTO `person` (`ID`, `EMAIL`, `FIRSTNAME`, `LASTNAME`, `ADDRESS_ID`) VALUES (757,'Rune@protonmail.dk', 'Rune', 'Stevensen', 757);
INSERT INTO `phone` (`DESCRIPTION`, `NUMBER`, `OWNER_ID`) VALUES ('mobile', '31383590', 757);
INSERT INTO `hobby_person` (`hobbies_ID`, `persons_ID`) VALUES (5, 757);
INSERT INTO `address` (`INFORMATION`, `STREET`, `CITY_ID`) VALUES ('1. tv', 'Østgaardsvej', 1036);
INSERT INTO `person` (`ID`, `EMAIL`, `FIRSTNAME`, `LASTNAME`, `ADDRESS_ID`) VALUES (758,'Rune@hotmail.dk', 'Rune', 'Alexandersen', 758);
INSERT INTO `phone` (`DESCRIPTION`, `NUMBER`, `OWNER_ID`) VALUES ('mobile', '1181674', 758);
INSERT INTO `hobby_person` (`hobbies_ID`, `persons_ID`) VALUES (3, 758);
INSERT INTO `address` (`INFORMATION`, `STREET`, `CITY_ID`) VALUES ('stuen', 'Hjortekærsvej', 416);
INSERT INTO `person` (`ID`, `EMAIL`, `FIRSTNAME`, `LASTNAME`, `ADDRESS_ID`) VALUES (759,'Mikkel@yahoo.eu', 'Mikkel', 'Stevensen', 759);
INSERT INTO `phone` (`DESCRIPTION`, `NUMBER`, `OWNER_ID`) VALUES ('home', '49652906', 759);
INSERT INTO `hobby_person` (`hobbies_ID`, `persons_ID`) VALUES (4, 759);
INSERT INTO `address` (`INFORMATION`, `STREET`, `CITY_ID`) VALUES ('2. tv', 'Kronhjortevej', 879);
INSERT INTO `person` (`ID`, `EMAIL`, `FIRSTNAME`, `LASTNAME`, `ADDRESS_ID`) VALUES (760,'Ida@outlook.com', 'Ida', 'Simonsen', 760);
INSERT INTO `phone` (`DESCRIPTION`, `NUMBER`, `OWNER_ID`) VALUES ('home', '54438727', 760);
INSERT INTO `hobby_person` (`hobbies_ID`, `persons_ID`) VALUES (3, 760);
INSERT INTO `address` (`INFORMATION`, `STREET`, `CITY_ID`) VALUES ('stuen', 'Milanovicvej', 614);
INSERT INTO `person` (`ID`, `EMAIL`, `FIRSTNAME`, `LASTNAME`, `ADDRESS_ID`) VALUES (761,'Mia@yahoo.eu', 'Mia', 'Vestergaard', 761);
INSERT INTO `phone` (`DESCRIPTION`, `NUMBER`, `OWNER_ID`) VALUES ('work', '66566160', 761);
INSERT INTO `hobby_person` (`hobbies_ID`, `persons_ID`) VALUES (4, 761);
INSERT INTO `address` (`INFORMATION`, `STREET`, `CITY_ID`) VALUES ('2. tv', 'Ryllevej', 220);
INSERT INTO `person` (`ID`, `EMAIL`, `FIRSTNAME`, `LASTNAME`, `ADDRESS_ID`) VALUES (762,'Alexa@gmail.com', 'Alexa', 'Christoffersen', 762);
INSERT INTO `phone` (`DESCRIPTION`, `NUMBER`, `OWNER_ID`) VALUES ('home', '6801169', 762);
INSERT INTO `hobby_person` (`hobbies_ID`, `persons_ID`) VALUES (3, 762);
INSERT INTO `address` (`INFORMATION`, `STREET`, `CITY_ID`) VALUES ('2. tv', 'Kullevej', 1015);
INSERT INTO `person` (`ID`, `EMAIL`, `FIRSTNAME`, `LASTNAME`, `ADDRESS_ID`) VALUES (763,'Alexa@protonmail.dk', 'Alexa', 'Filipsen', 763);
INSERT INTO `phone` (`DESCRIPTION`, `NUMBER`, `OWNER_ID`) VALUES ('mobile', '51296124', 763);
INSERT INTO `hobby_person` (`hobbies_ID`, `persons_ID`) VALUES (1, 763);
INSERT INTO `address` (`INFORMATION`, `STREET`, `CITY_ID`) VALUES ('2. th', 'Ryllevej', 205);
INSERT INTO `person` (`ID`, `EMAIL`, `FIRSTNAME`, `LASTNAME`, `ADDRESS_ID`) VALUES (764,'Steven@hotmail.dk', 'Steven', 'Christoffersen', 764);
INSERT INTO `phone` (`DESCRIPTION`, `NUMBER`, `OWNER_ID`) VALUES ('mobile', '26520021', 764);
INSERT INTO `hobby_person` (`hobbies_ID`, `persons_ID`) VALUES (4, 764);
INSERT INTO `address` (`INFORMATION`, `STREET`, `CITY_ID`) VALUES ('2. th', 'Møllevangen', 691);
INSERT INTO `person` (`ID`, `EMAIL`, `FIRSTNAME`, `LASTNAME`, `ADDRESS_ID`) VALUES (765,'Mikkel@outlook.dk', 'Mikkel', 'Simonsen', 765);
INSERT INTO `phone` (`DESCRIPTION`, `NUMBER`, `OWNER_ID`) VALUES ('home', '18379593', 765);
INSERT INTO `hobby_person` (`hobbies_ID`, `persons_ID`) VALUES (5, 765);
INSERT INTO `address` (`INFORMATION`, `STREET`, `CITY_ID`) VALUES ('2. tv', 'Milanovicvej', 41);
INSERT INTO `person` (`ID`, `EMAIL`, `FIRSTNAME`, `LASTNAME`, `ADDRESS_ID`) VALUES (766,'Ida@protonmail.eu', 'Ida', 'Mikkelsen', 766);
INSERT INTO `phone` (`DESCRIPTION`, `NUMBER`, `OWNER_ID`) VALUES ('home', '80592396', 766);
INSERT INTO `hobby_person` (`hobbies_ID`, `persons_ID`) VALUES (1, 766);
INSERT INTO `address` (`INFORMATION`, `STREET`, `CITY_ID`) VALUES ('1. tv', 'Møllevangen', 209);
INSERT INTO `person` (`ID`, `EMAIL`, `FIRSTNAME`, `LASTNAME`, `ADDRESS_ID`) VALUES (767,'Alexander@zoho.com', 'Alexander', 'Stevensen', 767);
INSERT INTO `phone` (`DESCRIPTION`, `NUMBER`, `OWNER_ID`) VALUES ('mobile', '61389062', 767);
INSERT INTO `hobby_person` (`hobbies_ID`, `persons_ID`) VALUES (4, 767);
INSERT INTO `address` (`INFORMATION`, `STREET`, `CITY_ID`) VALUES ('2. tv', 'Møllevangen', 1114);
INSERT INTO `person` (`ID`, `EMAIL`, `FIRSTNAME`, `LASTNAME`, `ADDRESS_ID`) VALUES (768,'Alexa@hotmail.dk', 'Alexa', 'Jonassen', 768);
INSERT INTO `phone` (`DESCRIPTION`, `NUMBER`, `OWNER_ID`) VALUES ('work', '93089293', 768);
INSERT INTO `hobby_person` (`hobbies_ID`, `persons_ID`) VALUES (5, 768);
INSERT INTO `address` (`INFORMATION`, `STREET`, `CITY_ID`) VALUES ('1. th', 'Kullevej', 1240);
INSERT INTO `person` (`ID`, `EMAIL`, `FIRSTNAME`, `LASTNAME`, `ADDRESS_ID`) VALUES (769,'Christoffer@gmail.com', 'Christoffer', 'Simonsen', 769);
INSERT INTO `phone` (`DESCRIPTION`, `NUMBER`, `OWNER_ID`) VALUES ('mobile', '3962895', 769);
INSERT INTO `hobby_person` (`hobbies_ID`, `persons_ID`) VALUES (3, 769);
INSERT INTO `address` (`INFORMATION`, `STREET`, `CITY_ID`) VALUES ('2. th', 'Østgaardsvej', 261);
INSERT INTO `person` (`ID`, `EMAIL`, `FIRSTNAME`, `LASTNAME`, `ADDRESS_ID`) VALUES (770,'Simon@zoho.eu', 'Simon', 'Kaspersen', 770);
INSERT INTO `phone` (`DESCRIPTION`, `NUMBER`, `OWNER_ID`) VALUES ('mobile', '70132254', 770);
INSERT INTO `hobby_person` (`hobbies_ID`, `persons_ID`) VALUES (5, 770);
INSERT INTO `address` (`INFORMATION`, `STREET`, `CITY_ID`) VALUES ('1. tv', 'Ryllevej', 429);
INSERT INTO `person` (`ID`, `EMAIL`, `FIRSTNAME`, `LASTNAME`, `ADDRESS_ID`) VALUES (771,'Christoffer@hotmail.eu', 'Christoffer', 'Thomassen', 771);
INSERT INTO `phone` (`DESCRIPTION`, `NUMBER`, `OWNER_ID`) VALUES ('mobile', '44823353', 771);
INSERT INTO `hobby_person` (`hobbies_ID`, `persons_ID`) VALUES (3, 771);
INSERT INTO `address` (`INFORMATION`, `STREET`, `CITY_ID`) VALUES ('2. th', 'Kullevej', 842);
INSERT INTO `person` (`ID`, `EMAIL`, `FIRSTNAME`, `LASTNAME`, `ADDRESS_ID`) VALUES (772,'Kristian@zoho.com', 'Kristian', 'Filipovic', 772);
INSERT INTO `phone` (`DESCRIPTION`, `NUMBER`, `OWNER_ID`) VALUES ('mobile', '3939540', 772);
INSERT INTO `hobby_person` (`hobbies_ID`, `persons_ID`) VALUES (5, 772);
INSERT INTO `address` (`INFORMATION`, `STREET`, `CITY_ID`) VALUES ('1. th', 'Ryllevej', 783);
INSERT INTO `person` (`ID`, `EMAIL`, `FIRSTNAME`, `LASTNAME`, `ADDRESS_ID`) VALUES (773,'Ida@yahoo.com', 'Ida', 'Kristiansen', 773);
INSERT INTO `phone` (`DESCRIPTION`, `NUMBER`, `OWNER_ID`) VALUES ('home', '41040317', 773);
INSERT INTO `hobby_person` (`hobbies_ID`, `persons_ID`) VALUES (4, 773);
INSERT INTO `address` (`INFORMATION`, `STREET`, `CITY_ID`) VALUES ('stuen', 'Kronhjortevej', 651);
INSERT INTO `person` (`ID`, `EMAIL`, `FIRSTNAME`, `LASTNAME`, `ADDRESS_ID`) VALUES (774,'Maria@outlook.com', 'Maria', 'Stevensen', 774);
INSERT INTO `phone` (`DESCRIPTION`, `NUMBER`, `OWNER_ID`) VALUES ('mobile', '90881638', 774);
INSERT INTO `hobby_person` (`hobbies_ID`, `persons_ID`) VALUES (2, 774);
INSERT INTO `address` (`INFORMATION`, `STREET`, `CITY_ID`) VALUES ('2. th', 'Ryllevej', 716);
INSERT INTO `person` (`ID`, `EMAIL`, `FIRSTNAME`, `LASTNAME`, `ADDRESS_ID`) VALUES (775,'Ida@gmail.com', 'Ida', 'Kristiansen', 775);
INSERT INTO `phone` (`DESCRIPTION`, `NUMBER`, `OWNER_ID`) VALUES ('work', '88110551', 775);
INSERT INTO `hobby_person` (`hobbies_ID`, `persons_ID`) VALUES (2, 775);
INSERT INTO `address` (`INFORMATION`, `STREET`, `CITY_ID`) VALUES ('2. tv', 'Ryllevej', 512);
INSERT INTO `person` (`ID`, `EMAIL`, `FIRSTNAME`, `LASTNAME`, `ADDRESS_ID`) VALUES (776,'Ida@zoho.com', 'Ida', 'Alexandersen', 776);
INSERT INTO `phone` (`DESCRIPTION`, `NUMBER`, `OWNER_ID`) VALUES ('mobile', '80133449', 776);
INSERT INTO `hobby_person` (`hobbies_ID`, `persons_ID`) VALUES (2, 776);
INSERT INTO `address` (`INFORMATION`, `STREET`, `CITY_ID`) VALUES ('1. tv', 'Kullevej', 154);
INSERT INTO `person` (`ID`, `EMAIL`, `FIRSTNAME`, `LASTNAME`, `ADDRESS_ID`) VALUES (777,'Alexa@outlook.com', 'Alexa', 'Runesen', 777);
INSERT INTO `phone` (`DESCRIPTION`, `NUMBER`, `OWNER_ID`) VALUES ('work', '19389363', 777);
INSERT INTO `hobby_person` (`hobbies_ID`, `persons_ID`) VALUES (4, 777);
INSERT INTO `address` (`INFORMATION`, `STREET`, `CITY_ID`) VALUES ('2. tv', 'Milanovicvej', 1097);
INSERT INTO `person` (`ID`, `EMAIL`, `FIRSTNAME`, `LASTNAME`, `ADDRESS_ID`) VALUES (778,'Jonas@protonmail.dk', 'Jonas', 'Kaspersen', 778);
INSERT INTO `phone` (`DESCRIPTION`, `NUMBER`, `OWNER_ID`) VALUES ('work', '90246261', 778);
INSERT INTO `hobby_person` (`hobbies_ID`, `persons_ID`) VALUES (4, 778);
INSERT INTO `address` (`INFORMATION`, `STREET`, `CITY_ID`) VALUES ('1. th', 'Hjortekærsvej', 985);
INSERT INTO `person` (`ID`, `EMAIL`, `FIRSTNAME`, `LASTNAME`, `ADDRESS_ID`) VALUES (779,'Ida@outlook.dk', 'Ida', 'Kristiansen', 779);
INSERT INTO `phone` (`DESCRIPTION`, `NUMBER`, `OWNER_ID`) VALUES ('home', '81521335', 779);
INSERT INTO `hobby_person` (`hobbies_ID`, `persons_ID`) VALUES (3, 779);
INSERT INTO `address` (`INFORMATION`, `STREET`, `CITY_ID`) VALUES ('stuen', 'Østgaardsvej', 799);
INSERT INTO `person` (`ID`, `EMAIL`, `FIRSTNAME`, `LASTNAME`, `ADDRESS_ID`) VALUES (780,'Rune@outlook.eu', 'Rune', 'Jonassen', 780);
INSERT INTO `phone` (`DESCRIPTION`, `NUMBER`, `OWNER_ID`) VALUES ('work', '87836529', 780);
INSERT INTO `hobby_person` (`hobbies_ID`, `persons_ID`) VALUES (2, 780);
INSERT INTO `address` (`INFORMATION`, `STREET`, `CITY_ID`) VALUES ('1. th', 'Milanovicvej', 1071);
INSERT INTO `person` (`ID`, `EMAIL`, `FIRSTNAME`, `LASTNAME`, `ADDRESS_ID`) VALUES (781,'Alexa@gmail.com', 'Alexa', 'Thomassen', 781);
INSERT INTO `phone` (`DESCRIPTION`, `NUMBER`, `OWNER_ID`) VALUES ('work', '39148228', 781);
INSERT INTO `hobby_person` (`hobbies_ID`, `persons_ID`) VALUES (1, 781);
INSERT INTO `address` (`INFORMATION`, `STREET`, `CITY_ID`) VALUES ('1. th', 'Østgaardsvej', 126);
INSERT INTO `person` (`ID`, `EMAIL`, `FIRSTNAME`, `LASTNAME`, `ADDRESS_ID`) VALUES (782,'Bob@hotmail.com', 'Bob', 'Jonassen', 782);
INSERT INTO `phone` (`DESCRIPTION`, `NUMBER`, `OWNER_ID`) VALUES ('home', '14659521', 782);
INSERT INTO `hobby_person` (`hobbies_ID`, `persons_ID`) VALUES (3, 782);
INSERT INTO `address` (`INFORMATION`, `STREET`, `CITY_ID`) VALUES ('1. th', 'Hjortekærsvej', 1017);
INSERT INTO `person` (`ID`, `EMAIL`, `FIRSTNAME`, `LASTNAME`, `ADDRESS_ID`) VALUES (783,'Mikkel@gmail.eu', 'Mikkel', 'Stevensen', 783);
INSERT INTO `phone` (`DESCRIPTION`, `NUMBER`, `OWNER_ID`) VALUES ('work', '90387607', 783);
INSERT INTO `hobby_person` (`hobbies_ID`, `persons_ID`) VALUES (2, 783);
INSERT INTO `address` (`INFORMATION`, `STREET`, `CITY_ID`) VALUES ('2. tv', 'Møllevangen', 945);
INSERT INTO `person` (`ID`, `EMAIL`, `FIRSTNAME`, `LASTNAME`, `ADDRESS_ID`) VALUES (784,'Kristian@protonmail.dk', 'Kristian', 'Christoffersen', 784);
INSERT INTO `phone` (`DESCRIPTION`, `NUMBER`, `OWNER_ID`) VALUES ('mobile', '68548013', 784);
INSERT INTO `hobby_person` (`hobbies_ID`, `persons_ID`) VALUES (1, 784);
INSERT INTO `address` (`INFORMATION`, `STREET`, `CITY_ID`) VALUES ('stuen', 'Møllevangen', 999);
INSERT INTO `person` (`ID`, `EMAIL`, `FIRSTNAME`, `LASTNAME`, `ADDRESS_ID`) VALUES (785,'Ida@zoho.com', 'Ida', 'Filipovic', 785);
INSERT INTO `phone` (`DESCRIPTION`, `NUMBER`, `OWNER_ID`) VALUES ('home', '43494315', 785);
INSERT INTO `hobby_person` (`hobbies_ID`, `persons_ID`) VALUES (5, 785);
INSERT INTO `address` (`INFORMATION`, `STREET`, `CITY_ID`) VALUES ('2. tv', 'Hjortekærsvej', 519);
INSERT INTO `person` (`ID`, `EMAIL`, `FIRSTNAME`, `LASTNAME`, `ADDRESS_ID`) VALUES (786,'Kristian@outlook.dk', 'Kristian', 'Jonassen', 786);
INSERT INTO `phone` (`DESCRIPTION`, `NUMBER`, `OWNER_ID`) VALUES ('mobile', '87234655', 786);
INSERT INTO `hobby_person` (`hobbies_ID`, `persons_ID`) VALUES (5, 786);
INSERT INTO `address` (`INFORMATION`, `STREET`, `CITY_ID`) VALUES ('2. tv', 'Kullevej', 685);
INSERT INTO `person` (`ID`, `EMAIL`, `FIRSTNAME`, `LASTNAME`, `ADDRESS_ID`) VALUES (787,'Thomas@protonmail.eu', 'Thomas', 'Kristiansen', 787);
INSERT INTO `phone` (`DESCRIPTION`, `NUMBER`, `OWNER_ID`) VALUES ('home', '67387310', 787);
INSERT INTO `hobby_person` (`hobbies_ID`, `persons_ID`) VALUES (2, 787);
INSERT INTO `address` (`INFORMATION`, `STREET`, `CITY_ID`) VALUES ('1. th', 'Milanovicvej', 546);
INSERT INTO `person` (`ID`, `EMAIL`, `FIRSTNAME`, `LASTNAME`, `ADDRESS_ID`) VALUES (788,'Rune@yahoo.eu', 'Rune', 'Bobsen', 788);
INSERT INTO `phone` (`DESCRIPTION`, `NUMBER`, `OWNER_ID`) VALUES ('mobile', '39485787', 788);
INSERT INTO `hobby_person` (`hobbies_ID`, `persons_ID`) VALUES (2, 788);
INSERT INTO `address` (`INFORMATION`, `STREET`, `CITY_ID`) VALUES ('1. th', 'Hjortekærsvej', 1285);
INSERT INTO `person` (`ID`, `EMAIL`, `FIRSTNAME`, `LASTNAME`, `ADDRESS_ID`) VALUES (789,'Isabella@protonmail.dk', 'Isabella', 'Mikkelsen', 789);
INSERT INTO `phone` (`DESCRIPTION`, `NUMBER`, `OWNER_ID`) VALUES ('work', '68652094', 789);
INSERT INTO `hobby_person` (`hobbies_ID`, `persons_ID`) VALUES (2, 789);
INSERT INTO `address` (`INFORMATION`, `STREET`, `CITY_ID`) VALUES ('2. th', 'Milanovicvej', 599);
INSERT INTO `person` (`ID`, `EMAIL`, `FIRSTNAME`, `LASTNAME`, `ADDRESS_ID`) VALUES (790,'Kasper@zoho.eu', 'Kasper', 'Kaspersen', 790);
INSERT INTO `phone` (`DESCRIPTION`, `NUMBER`, `OWNER_ID`) VALUES ('work', '24236948', 790);
INSERT INTO `hobby_person` (`hobbies_ID`, `persons_ID`) VALUES (5, 790);
INSERT INTO `address` (`INFORMATION`, `STREET`, `CITY_ID`) VALUES ('2. th', 'Kullevej', 944);
INSERT INTO `person` (`ID`, `EMAIL`, `FIRSTNAME`, `LASTNAME`, `ADDRESS_ID`) VALUES (791,'Simon@gmail.dk', 'Simon', 'Runesen', 791);
INSERT INTO `phone` (`DESCRIPTION`, `NUMBER`, `OWNER_ID`) VALUES ('work', '38528004', 791);
INSERT INTO `hobby_person` (`hobbies_ID`, `persons_ID`) VALUES (1, 791);
INSERT INTO `address` (`INFORMATION`, `STREET`, `CITY_ID`) VALUES ('2. tv', 'Ryllevej', 664);
INSERT INTO `person` (`ID`, `EMAIL`, `FIRSTNAME`, `LASTNAME`, `ADDRESS_ID`) VALUES (792,'Kristian@hotmail.com', 'Kristian', 'Thomassen', 792);
INSERT INTO `phone` (`DESCRIPTION`, `NUMBER`, `OWNER_ID`) VALUES ('work', '73535771', 792);
INSERT INTO `hobby_person` (`hobbies_ID`, `persons_ID`) VALUES (1, 792);
INSERT INTO `address` (`INFORMATION`, `STREET`, `CITY_ID`) VALUES ('1. tv', 'Hjortekærsvej', 388);
INSERT INTO `person` (`ID`, `EMAIL`, `FIRSTNAME`, `LASTNAME`, `ADDRESS_ID`) VALUES (793,'Christoffer@hotmail.dk', 'Christoffer', 'Filipsen', 793);
INSERT INTO `phone` (`DESCRIPTION`, `NUMBER`, `OWNER_ID`) VALUES ('work', '69668582', 793);
INSERT INTO `hobby_person` (`hobbies_ID`, `persons_ID`) VALUES (2, 793);
INSERT INTO `address` (`INFORMATION`, `STREET`, `CITY_ID`) VALUES ('1. th', 'Møllevangen', 365);
INSERT INTO `person` (`ID`, `EMAIL`, `FIRSTNAME`, `LASTNAME`, `ADDRESS_ID`) VALUES (794,'Alexa@gmail.com', 'Alexa', 'Behrendt', 794);
INSERT INTO `phone` (`DESCRIPTION`, `NUMBER`, `OWNER_ID`) VALUES ('mobile', '39339178', 794);
INSERT INTO `hobby_person` (`hobbies_ID`, `persons_ID`) VALUES (5, 794);
INSERT INTO `address` (`INFORMATION`, `STREET`, `CITY_ID`) VALUES ('1. th', 'Østgaardsvej', 991);
INSERT INTO `person` (`ID`, `EMAIL`, `FIRSTNAME`, `LASTNAME`, `ADDRESS_ID`) VALUES (795,'Maria@hotmail.com', 'Maria', 'Simonsen', 795);
INSERT INTO `phone` (`DESCRIPTION`, `NUMBER`, `OWNER_ID`) VALUES ('work', '94374083', 795);
INSERT INTO `hobby_person` (`hobbies_ID`, `persons_ID`) VALUES (5, 795);
INSERT INTO `address` (`INFORMATION`, `STREET`, `CITY_ID`) VALUES ('2. tv', 'Møllevangen', 42);
INSERT INTO `person` (`ID`, `EMAIL`, `FIRSTNAME`, `LASTNAME`, `ADDRESS_ID`) VALUES (796,'Rune@yahoo.eu', 'Rune', 'Christoffersen', 796);
INSERT INTO `phone` (`DESCRIPTION`, `NUMBER`, `OWNER_ID`) VALUES ('work', '69387139', 796);
INSERT INTO `hobby_person` (`hobbies_ID`, `persons_ID`) VALUES (1, 796);
INSERT INTO `address` (`INFORMATION`, `STREET`, `CITY_ID`) VALUES ('2. tv', 'Østgaardsvej', 1010);
INSERT INTO `person` (`ID`, `EMAIL`, `FIRSTNAME`, `LASTNAME`, `ADDRESS_ID`) VALUES (797,'Maria@yahoo.dk', 'Maria', 'Filipovic', 797);
INSERT INTO `phone` (`DESCRIPTION`, `NUMBER`, `OWNER_ID`) VALUES ('home', '94311767', 797);
INSERT INTO `hobby_person` (`hobbies_ID`, `persons_ID`) VALUES (5, 797);
INSERT INTO `address` (`INFORMATION`, `STREET`, `CITY_ID`) VALUES ('2. tv', 'Hjortekærsvej', 298);
INSERT INTO `person` (`ID`, `EMAIL`, `FIRSTNAME`, `LASTNAME`, `ADDRESS_ID`) VALUES (798,'Alexa@outlook.dk', 'Alexa', 'Alexandersen', 798);
INSERT INTO `phone` (`DESCRIPTION`, `NUMBER`, `OWNER_ID`) VALUES ('work', '54477667', 798);
INSERT INTO `hobby_person` (`hobbies_ID`, `persons_ID`) VALUES (5, 798);
INSERT INTO `address` (`INFORMATION`, `STREET`, `CITY_ID`) VALUES ('2. tv', 'Østgaardsvej', 490);
INSERT INTO `person` (`ID`, `EMAIL`, `FIRSTNAME`, `LASTNAME`, `ADDRESS_ID`) VALUES (799,'Solveig@yahoo.com', 'Solveig', 'Vestergaard', 799);
INSERT INTO `phone` (`DESCRIPTION`, `NUMBER`, `OWNER_ID`) VALUES ('mobile', '51166758', 799);
INSERT INTO `hobby_person` (`hobbies_ID`, `persons_ID`) VALUES (2, 799);
INSERT INTO `address` (`INFORMATION`, `STREET`, `CITY_ID`) VALUES ('2. th', 'Kullevej', 899);
INSERT INTO `person` (`ID`, `EMAIL`, `FIRSTNAME`, `LASTNAME`, `ADDRESS_ID`) VALUES (800,'Thomas@hotmail.eu', 'Thomas', 'Jonassen', 800);
INSERT INTO `phone` (`DESCRIPTION`, `NUMBER`, `OWNER_ID`) VALUES ('home', '73034793', 800);
INSERT INTO `hobby_person` (`hobbies_ID`, `persons_ID`) VALUES (3, 800);
INSERT INTO `address` (`INFORMATION`, `STREET`, `CITY_ID`) VALUES ('1. th', 'Møllevangen', 1297);
INSERT INTO `person` (`ID`, `EMAIL`, `FIRSTNAME`, `LASTNAME`, `ADDRESS_ID`) VALUES (801,'Ida@yahoo.eu', 'Ida', 'Runesen', 801);
INSERT INTO `phone` (`DESCRIPTION`, `NUMBER`, `OWNER_ID`) VALUES ('home', '40605857', 801);
INSERT INTO `hobby_person` (`hobbies_ID`, `persons_ID`) VALUES (3, 801);
INSERT INTO `address` (`INFORMATION`, `STREET`, `CITY_ID`) VALUES ('stuen', 'Møllevangen', 234);
INSERT INTO `person` (`ID`, `EMAIL`, `FIRSTNAME`, `LASTNAME`, `ADDRESS_ID`) VALUES (802,'Thomas@protonmail.com', 'Thomas', 'Christoffersen', 802);
INSERT INTO `phone` (`DESCRIPTION`, `NUMBER`, `OWNER_ID`) VALUES ('mobile', '12207977', 802);
INSERT INTO `hobby_person` (`hobbies_ID`, `persons_ID`) VALUES (5, 802);
INSERT INTO `address` (`INFORMATION`, `STREET`, `CITY_ID`) VALUES ('2. th', 'Østgaardsvej', 274);
INSERT INTO `person` (`ID`, `EMAIL`, `FIRSTNAME`, `LASTNAME`, `ADDRESS_ID`) VALUES (803,'Steven@zoho.com', 'Steven', 'Jonassen', 803);
INSERT INTO `phone` (`DESCRIPTION`, `NUMBER`, `OWNER_ID`) VALUES ('mobile', '85029937', 803);
INSERT INTO `hobby_person` (`hobbies_ID`, `persons_ID`) VALUES (3, 803);
INSERT INTO `address` (`INFORMATION`, `STREET`, `CITY_ID`) VALUES ('2. th', 'Østgaardsvej', 1317);
INSERT INTO `person` (`ID`, `EMAIL`, `FIRSTNAME`, `LASTNAME`, `ADDRESS_ID`) VALUES (804,'Bob@yahoo.dk', 'Bob', 'Christoffersen', 804);
INSERT INTO `phone` (`DESCRIPTION`, `NUMBER`, `OWNER_ID`) VALUES ('home', '93663540', 804);
INSERT INTO `hobby_person` (`hobbies_ID`, `persons_ID`) VALUES (4, 804);
INSERT INTO `address` (`INFORMATION`, `STREET`, `CITY_ID`) VALUES ('1. th', 'Hjortekærsvej', 874);
INSERT INTO `person` (`ID`, `EMAIL`, `FIRSTNAME`, `LASTNAME`, `ADDRESS_ID`) VALUES (805,'Isabella@hotmail.eu', 'Isabella', 'Behrendt', 805);
INSERT INTO `phone` (`DESCRIPTION`, `NUMBER`, `OWNER_ID`) VALUES ('home', '1951633', 805);
INSERT INTO `hobby_person` (`hobbies_ID`, `persons_ID`) VALUES (2, 805);
INSERT INTO `address` (`INFORMATION`, `STREET`, `CITY_ID`) VALUES ('2. th', 'Møllevangen', 1272);
INSERT INTO `person` (`ID`, `EMAIL`, `FIRSTNAME`, `LASTNAME`, `ADDRESS_ID`) VALUES (806,'Christoffer@outlook.dk', 'Christoffer', 'Runesen', 806);
INSERT INTO `phone` (`DESCRIPTION`, `NUMBER`, `OWNER_ID`) VALUES ('home', '6415919', 806);
INSERT INTO `hobby_person` (`hobbies_ID`, `persons_ID`) VALUES (2, 806);
INSERT INTO `address` (`INFORMATION`, `STREET`, `CITY_ID`) VALUES ('2. th', 'Kullevej', 955);
INSERT INTO `person` (`ID`, `EMAIL`, `FIRSTNAME`, `LASTNAME`, `ADDRESS_ID`) VALUES (807,'Filip@yahoo.dk', 'Filip', 'Vestergaard', 807);
INSERT INTO `phone` (`DESCRIPTION`, `NUMBER`, `OWNER_ID`) VALUES ('work', '41538946', 807);
INSERT INTO `hobby_person` (`hobbies_ID`, `persons_ID`) VALUES (1, 807);
INSERT INTO `address` (`INFORMATION`, `STREET`, `CITY_ID`) VALUES ('2. tv', 'Kullevej', 968);
INSERT INTO `person` (`ID`, `EMAIL`, `FIRSTNAME`, `LASTNAME`, `ADDRESS_ID`) VALUES (808,'Kirsten@outlook.eu', 'Kirsten', 'Stevensen', 808);
INSERT INTO `phone` (`DESCRIPTION`, `NUMBER`, `OWNER_ID`) VALUES ('home', '83232531', 808);
INSERT INTO `hobby_person` (`hobbies_ID`, `persons_ID`) VALUES (2, 808);
INSERT INTO `address` (`INFORMATION`, `STREET`, `CITY_ID`) VALUES ('1. tv', 'Østgaardsvej', 1026);
INSERT INTO `person` (`ID`, `EMAIL`, `FIRSTNAME`, `LASTNAME`, `ADDRESS_ID`) VALUES (809,'Ida@yahoo.com', 'Ida', 'Jonassen', 809);
INSERT INTO `phone` (`DESCRIPTION`, `NUMBER`, `OWNER_ID`) VALUES ('mobile', '48947166', 809);
INSERT INTO `hobby_person` (`hobbies_ID`, `persons_ID`) VALUES (4, 809);
INSERT INTO `address` (`INFORMATION`, `STREET`, `CITY_ID`) VALUES ('1. th', 'Østgaardsvej', 324);
INSERT INTO `person` (`ID`, `EMAIL`, `FIRSTNAME`, `LASTNAME`, `ADDRESS_ID`) VALUES (810,'Bob@hotmail.com', 'Bob', 'Vestergaard', 810);
INSERT INTO `phone` (`DESCRIPTION`, `NUMBER`, `OWNER_ID`) VALUES ('home', '97591155', 810);
INSERT INTO `hobby_person` (`hobbies_ID`, `persons_ID`) VALUES (3, 810);
INSERT INTO `address` (`INFORMATION`, `STREET`, `CITY_ID`) VALUES ('stuen', 'Østgaardsvej', 424);
INSERT INTO `person` (`ID`, `EMAIL`, `FIRSTNAME`, `LASTNAME`, `ADDRESS_ID`) VALUES (811,'Alexander@hotmail.dk', 'Alexander', 'Runesen', 811);
INSERT INTO `phone` (`DESCRIPTION`, `NUMBER`, `OWNER_ID`) VALUES ('work', '97880531', 811);
INSERT INTO `hobby_person` (`hobbies_ID`, `persons_ID`) VALUES (1, 811);
INSERT INTO `address` (`INFORMATION`, `STREET`, `CITY_ID`) VALUES ('2. th', 'Østgaardsvej', 570);
INSERT INTO `person` (`ID`, `EMAIL`, `FIRSTNAME`, `LASTNAME`, `ADDRESS_ID`) VALUES (812,'Kirsten@gmail.eu', 'Kirsten', 'Kristiansen', 812);
INSERT INTO `phone` (`DESCRIPTION`, `NUMBER`, `OWNER_ID`) VALUES ('home', '33838461', 812);
INSERT INTO `hobby_person` (`hobbies_ID`, `persons_ID`) VALUES (4, 812);
INSERT INTO `address` (`INFORMATION`, `STREET`, `CITY_ID`) VALUES ('stuen', 'Østgaardsvej', 750);
INSERT INTO `person` (`ID`, `EMAIL`, `FIRSTNAME`, `LASTNAME`, `ADDRESS_ID`) VALUES (813,'Mikkel@gmail.dk', 'Mikkel', 'Stevensen', 813);
INSERT INTO `phone` (`DESCRIPTION`, `NUMBER`, `OWNER_ID`) VALUES ('mobile', '65100880', 813);
INSERT INTO `hobby_person` (`hobbies_ID`, `persons_ID`) VALUES (4, 813);
INSERT INTO `address` (`INFORMATION`, `STREET`, `CITY_ID`) VALUES ('2. th', 'Østgaardsvej', 622);
INSERT INTO `person` (`ID`, `EMAIL`, `FIRSTNAME`, `LASTNAME`, `ADDRESS_ID`) VALUES (814,'Alexa@yahoo.eu', 'Alexa', 'Filipovic', 814);
INSERT INTO `phone` (`DESCRIPTION`, `NUMBER`, `OWNER_ID`) VALUES ('mobile', '16662410', 814);
INSERT INTO `hobby_person` (`hobbies_ID`, `persons_ID`) VALUES (2, 814);
INSERT INTO `address` (`INFORMATION`, `STREET`, `CITY_ID`) VALUES ('stuen', 'Møllevangen', 1195);
INSERT INTO `person` (`ID`, `EMAIL`, `FIRSTNAME`, `LASTNAME`, `ADDRESS_ID`) VALUES (815,'Ida@gmail.eu', 'Ida', 'Bobsen', 815);
INSERT INTO `phone` (`DESCRIPTION`, `NUMBER`, `OWNER_ID`) VALUES ('mobile', '25552428', 815);
INSERT INTO `hobby_person` (`hobbies_ID`, `persons_ID`) VALUES (3, 815);
INSERT INTO `address` (`INFORMATION`, `STREET`, `CITY_ID`) VALUES ('2. th', 'Milanovicvej', 574);
INSERT INTO `person` (`ID`, `EMAIL`, `FIRSTNAME`, `LASTNAME`, `ADDRESS_ID`) VALUES (816,'Maria@yahoo.eu', 'Maria', 'Kaspersen', 816);
INSERT INTO `phone` (`DESCRIPTION`, `NUMBER`, `OWNER_ID`) VALUES ('home', '9205935', 816);
INSERT INTO `hobby_person` (`hobbies_ID`, `persons_ID`) VALUES (2, 816);
INSERT INTO `address` (`INFORMATION`, `STREET`, `CITY_ID`) VALUES ('2. th', 'Kronhjortevej', 225);
INSERT INTO `person` (`ID`, `EMAIL`, `FIRSTNAME`, `LASTNAME`, `ADDRESS_ID`) VALUES (817,'Ida@yahoo.dk', 'Ida', 'Kaspersen', 817);
INSERT INTO `phone` (`DESCRIPTION`, `NUMBER`, `OWNER_ID`) VALUES ('work', '30170666', 817);
INSERT INTO `hobby_person` (`hobbies_ID`, `persons_ID`) VALUES (2, 817);
INSERT INTO `address` (`INFORMATION`, `STREET`, `CITY_ID`) VALUES ('2. th', 'Kullevej', 1170);
INSERT INTO `person` (`ID`, `EMAIL`, `FIRSTNAME`, `LASTNAME`, `ADDRESS_ID`) VALUES (818,'Kristian@yahoo.eu', 'Kristian', 'Christoffersen', 818);
INSERT INTO `phone` (`DESCRIPTION`, `NUMBER`, `OWNER_ID`) VALUES ('work', '1416799', 818);
INSERT INTO `hobby_person` (`hobbies_ID`, `persons_ID`) VALUES (2, 818);
INSERT INTO `address` (`INFORMATION`, `STREET`, `CITY_ID`) VALUES ('2. th', 'Møllevangen', 28);
INSERT INTO `person` (`ID`, `EMAIL`, `FIRSTNAME`, `LASTNAME`, `ADDRESS_ID`) VALUES (819,'Solveig@protonmail.dk', 'Solveig', 'Christoffersen', 819);
INSERT INTO `phone` (`DESCRIPTION`, `NUMBER`, `OWNER_ID`) VALUES ('work', '18595610', 819);
INSERT INTO `hobby_person` (`hobbies_ID`, `persons_ID`) VALUES (3, 819);
INSERT INTO `address` (`INFORMATION`, `STREET`, `CITY_ID`) VALUES ('1. tv', 'Østgaardsvej', 391);
INSERT INTO `person` (`ID`, `EMAIL`, `FIRSTNAME`, `LASTNAME`, `ADDRESS_ID`) VALUES (820,'Simon@yahoo.dk', 'Simon', 'Alexandersen', 820);
INSERT INTO `phone` (`DESCRIPTION`, `NUMBER`, `OWNER_ID`) VALUES ('mobile', '66203377', 820);
INSERT INTO `hobby_person` (`hobbies_ID`, `persons_ID`) VALUES (4, 820);
INSERT INTO `address` (`INFORMATION`, `STREET`, `CITY_ID`) VALUES ('1. th', 'Milanovicvej', 906);
INSERT INTO `person` (`ID`, `EMAIL`, `FIRSTNAME`, `LASTNAME`, `ADDRESS_ID`) VALUES (821,'Christoffer@yahoo.com', 'Christoffer', 'Runesen', 821);
INSERT INTO `phone` (`DESCRIPTION`, `NUMBER`, `OWNER_ID`) VALUES ('mobile', '97483870', 821);
INSERT INTO `hobby_person` (`hobbies_ID`, `persons_ID`) VALUES (5, 821);
INSERT INTO `address` (`INFORMATION`, `STREET`, `CITY_ID`) VALUES ('2. tv', 'Møllevangen', 371);
INSERT INTO `person` (`ID`, `EMAIL`, `FIRSTNAME`, `LASTNAME`, `ADDRESS_ID`) VALUES (822,'Alexa@yahoo.com', 'Alexa', 'Christoffersen', 822);
INSERT INTO `phone` (`DESCRIPTION`, `NUMBER`, `OWNER_ID`) VALUES ('mobile', '27270866', 822);
INSERT INTO `hobby_person` (`hobbies_ID`, `persons_ID`) VALUES (3, 822);
INSERT INTO `address` (`INFORMATION`, `STREET`, `CITY_ID`) VALUES ('1. th', 'Kullevej', 1111);
INSERT INTO `person` (`ID`, `EMAIL`, `FIRSTNAME`, `LASTNAME`, `ADDRESS_ID`) VALUES (823,'Rune@gmail.dk', 'Rune', 'Jonassen', 823);
INSERT INTO `phone` (`DESCRIPTION`, `NUMBER`, `OWNER_ID`) VALUES ('mobile', '91865357', 823);
INSERT INTO `hobby_person` (`hobbies_ID`, `persons_ID`) VALUES (4, 823);
INSERT INTO `address` (`INFORMATION`, `STREET`, `CITY_ID`) VALUES ('1. th', 'Kullevej', 579);
INSERT INTO `person` (`ID`, `EMAIL`, `FIRSTNAME`, `LASTNAME`, `ADDRESS_ID`) VALUES (824,'Simon@hotmail.com', 'Simon', 'Runesen', 824);
INSERT INTO `phone` (`DESCRIPTION`, `NUMBER`, `OWNER_ID`) VALUES ('work', '8263533', 824);
INSERT INTO `hobby_person` (`hobbies_ID`, `persons_ID`) VALUES (3, 824);
INSERT INTO `address` (`INFORMATION`, `STREET`, `CITY_ID`) VALUES ('stuen', 'Hjortekærsvej', 1320);
INSERT INTO `person` (`ID`, `EMAIL`, `FIRSTNAME`, `LASTNAME`, `ADDRESS_ID`) VALUES (825,'Kirsten@hotmail.com', 'Kirsten', 'Kaspersen', 825);
INSERT INTO `phone` (`DESCRIPTION`, `NUMBER`, `OWNER_ID`) VALUES ('work', '54738107', 825);
INSERT INTO `hobby_person` (`hobbies_ID`, `persons_ID`) VALUES (5, 825);
INSERT INTO `address` (`INFORMATION`, `STREET`, `CITY_ID`) VALUES ('stuen', 'Milanovicvej', 1305);
INSERT INTO `person` (`ID`, `EMAIL`, `FIRSTNAME`, `LASTNAME`, `ADDRESS_ID`) VALUES (826,'Kasper@outlook.com', 'Kasper', 'Filipsen', 826);
INSERT INTO `phone` (`DESCRIPTION`, `NUMBER`, `OWNER_ID`) VALUES ('home', '39954222', 826);
INSERT INTO `hobby_person` (`hobbies_ID`, `persons_ID`) VALUES (2, 826);
INSERT INTO `address` (`INFORMATION`, `STREET`, `CITY_ID`) VALUES ('2. tv', 'Milanovicvej', 1344);
INSERT INTO `person` (`ID`, `EMAIL`, `FIRSTNAME`, `LASTNAME`, `ADDRESS_ID`) VALUES (827,'Mia@hotmail.dk', 'Mia', 'Jonassen', 827);
INSERT INTO `phone` (`DESCRIPTION`, `NUMBER`, `OWNER_ID`) VALUES ('mobile', '12985408', 827);
INSERT INTO `hobby_person` (`hobbies_ID`, `persons_ID`) VALUES (2, 827);
INSERT INTO `address` (`INFORMATION`, `STREET`, `CITY_ID`) VALUES ('1. th', 'Østgaardsvej', 1091);
INSERT INTO `person` (`ID`, `EMAIL`, `FIRSTNAME`, `LASTNAME`, `ADDRESS_ID`) VALUES (828,'Alexander@protonmail.dk', 'Alexander', 'Thomassen', 828);
INSERT INTO `phone` (`DESCRIPTION`, `NUMBER`, `OWNER_ID`) VALUES ('home', '54411230', 828);
INSERT INTO `hobby_person` (`hobbies_ID`, `persons_ID`) VALUES (2, 828);
INSERT INTO `address` (`INFORMATION`, `STREET`, `CITY_ID`) VALUES ('1. th', 'Milanovicvej', 184);
INSERT INTO `person` (`ID`, `EMAIL`, `FIRSTNAME`, `LASTNAME`, `ADDRESS_ID`) VALUES (829,'Jonas@gmail.dk', 'Jonas', 'Stevensen', 829);
INSERT INTO `phone` (`DESCRIPTION`, `NUMBER`, `OWNER_ID`) VALUES ('work', '14425681', 829);
INSERT INTO `hobby_person` (`hobbies_ID`, `persons_ID`) VALUES (5, 829);
INSERT INTO `address` (`INFORMATION`, `STREET`, `CITY_ID`) VALUES ('stuen', 'Ryllevej', 941);
INSERT INTO `person` (`ID`, `EMAIL`, `FIRSTNAME`, `LASTNAME`, `ADDRESS_ID`) VALUES (830,'Thomas@gmail.dk', 'Thomas', 'Filipovic', 830);
INSERT INTO `phone` (`DESCRIPTION`, `NUMBER`, `OWNER_ID`) VALUES ('mobile', '11116282', 830);
INSERT INTO `hobby_person` (`hobbies_ID`, `persons_ID`) VALUES (3, 830);
INSERT INTO `address` (`INFORMATION`, `STREET`, `CITY_ID`) VALUES ('2. tv', 'Østgaardsvej', 1256);
INSERT INTO `person` (`ID`, `EMAIL`, `FIRSTNAME`, `LASTNAME`, `ADDRESS_ID`) VALUES (831,'Filip@protonmail.dk', 'Filip', 'Filipovic', 831);
INSERT INTO `phone` (`DESCRIPTION`, `NUMBER`, `OWNER_ID`) VALUES ('work', '87419267', 831);
INSERT INTO `hobby_person` (`hobbies_ID`, `persons_ID`) VALUES (2, 831);
INSERT INTO `address` (`INFORMATION`, `STREET`, `CITY_ID`) VALUES ('2. tv', 'Kullevej', 863);
INSERT INTO `person` (`ID`, `EMAIL`, `FIRSTNAME`, `LASTNAME`, `ADDRESS_ID`) VALUES (832,'Mia@protonmail.dk', 'Mia', 'Mikkelsen', 832);
INSERT INTO `phone` (`DESCRIPTION`, `NUMBER`, `OWNER_ID`) VALUES ('home', '29547614', 832);
INSERT INTO `hobby_person` (`hobbies_ID`, `persons_ID`) VALUES (1, 832);
INSERT INTO `address` (`INFORMATION`, `STREET`, `CITY_ID`) VALUES ('stuen', 'Hjortekærsvej', 2);
INSERT INTO `person` (`ID`, `EMAIL`, `FIRSTNAME`, `LASTNAME`, `ADDRESS_ID`) VALUES (833,'Isabella@outlook.com', 'Isabella', 'Behrendt', 833);
INSERT INTO `phone` (`DESCRIPTION`, `NUMBER`, `OWNER_ID`) VALUES ('work', '12746599', 833);
INSERT INTO `hobby_person` (`hobbies_ID`, `persons_ID`) VALUES (1, 833);
INSERT INTO `address` (`INFORMATION`, `STREET`, `CITY_ID`) VALUES ('2. th', 'Kullevej', 794);
INSERT INTO `person` (`ID`, `EMAIL`, `FIRSTNAME`, `LASTNAME`, `ADDRESS_ID`) VALUES (834,'Bob@outlook.com', 'Bob', 'Jonassen', 834);
INSERT INTO `phone` (`DESCRIPTION`, `NUMBER`, `OWNER_ID`) VALUES ('work', '53547920', 834);
INSERT INTO `hobby_person` (`hobbies_ID`, `persons_ID`) VALUES (5, 834);
INSERT INTO `address` (`INFORMATION`, `STREET`, `CITY_ID`) VALUES ('2. th', 'Kullevej', 527);
INSERT INTO `person` (`ID`, `EMAIL`, `FIRSTNAME`, `LASTNAME`, `ADDRESS_ID`) VALUES (835,'Mia@yahoo.com', 'Mia', 'Kristiansen', 835);
INSERT INTO `phone` (`DESCRIPTION`, `NUMBER`, `OWNER_ID`) VALUES ('mobile', '95003896', 835);
INSERT INTO `hobby_person` (`hobbies_ID`, `persons_ID`) VALUES (3, 835);
INSERT INTO `address` (`INFORMATION`, `STREET`, `CITY_ID`) VALUES ('2. th', 'Kronhjortevej', 188);
INSERT INTO `person` (`ID`, `EMAIL`, `FIRSTNAME`, `LASTNAME`, `ADDRESS_ID`) VALUES (836,'Thomas@protonmail.eu', 'Thomas', 'Filipsen', 836);
INSERT INTO `phone` (`DESCRIPTION`, `NUMBER`, `OWNER_ID`) VALUES ('mobile', '96194574', 836);
INSERT INTO `hobby_person` (`hobbies_ID`, `persons_ID`) VALUES (4, 836);
INSERT INTO `address` (`INFORMATION`, `STREET`, `CITY_ID`) VALUES ('1. th', 'Milanovicvej', 978);
INSERT INTO `person` (`ID`, `EMAIL`, `FIRSTNAME`, `LASTNAME`, `ADDRESS_ID`) VALUES (837,'Steven@protonmail.dk', 'Steven', 'Filipsen', 837);
INSERT INTO `phone` (`DESCRIPTION`, `NUMBER`, `OWNER_ID`) VALUES ('home', '26343742', 837);
INSERT INTO `hobby_person` (`hobbies_ID`, `persons_ID`) VALUES (4, 837);
INSERT INTO `address` (`INFORMATION`, `STREET`, `CITY_ID`) VALUES ('1. tv', 'Østgaardsvej', 163);
INSERT INTO `person` (`ID`, `EMAIL`, `FIRSTNAME`, `LASTNAME`, `ADDRESS_ID`) VALUES (838,'Solveig@zoho.eu', 'Solveig', 'Bobsen', 838);
INSERT INTO `phone` (`DESCRIPTION`, `NUMBER`, `OWNER_ID`) VALUES ('work', '14510956', 838);
INSERT INTO `hobby_person` (`hobbies_ID`, `persons_ID`) VALUES (5, 838);
INSERT INTO `address` (`INFORMATION`, `STREET`, `CITY_ID`) VALUES ('2. tv', 'Hjortekærsvej', 489);
INSERT INTO `person` (`ID`, `EMAIL`, `FIRSTNAME`, `LASTNAME`, `ADDRESS_ID`) VALUES (839,'Isabella@zoho.eu', 'Isabella', 'Filipovic', 839);
INSERT INTO `phone` (`DESCRIPTION`, `NUMBER`, `OWNER_ID`) VALUES ('home', '53390236', 839);
INSERT INTO `hobby_person` (`hobbies_ID`, `persons_ID`) VALUES (1, 839);
INSERT INTO `address` (`INFORMATION`, `STREET`, `CITY_ID`) VALUES ('2. th', 'Hjortekærsvej', 311);
INSERT INTO `person` (`ID`, `EMAIL`, `FIRSTNAME`, `LASTNAME`, `ADDRESS_ID`) VALUES (840,'Filip@protonmail.eu', 'Filip', 'Alexandersen', 840);
INSERT INTO `phone` (`DESCRIPTION`, `NUMBER`, `OWNER_ID`) VALUES ('home', '30325535', 840);
INSERT INTO `hobby_person` (`hobbies_ID`, `persons_ID`) VALUES (2, 840);
INSERT INTO `address` (`INFORMATION`, `STREET`, `CITY_ID`) VALUES ('1. tv', 'Kronhjortevej', 91);
INSERT INTO `person` (`ID`, `EMAIL`, `FIRSTNAME`, `LASTNAME`, `ADDRESS_ID`) VALUES (841,'Isabella@hotmail.com', 'Isabella', 'Stevensen', 841);
INSERT INTO `phone` (`DESCRIPTION`, `NUMBER`, `OWNER_ID`) VALUES ('home', '1074611', 841);
INSERT INTO `hobby_person` (`hobbies_ID`, `persons_ID`) VALUES (4, 841);
INSERT INTO `address` (`INFORMATION`, `STREET`, `CITY_ID`) VALUES ('1. th', 'Kullevej', 249);
INSERT INTO `person` (`ID`, `EMAIL`, `FIRSTNAME`, `LASTNAME`, `ADDRESS_ID`) VALUES (842,'Maria@hotmail.dk', 'Maria', 'Simonsen', 842);
INSERT INTO `phone` (`DESCRIPTION`, `NUMBER`, `OWNER_ID`) VALUES ('work', '77054202', 842);
INSERT INTO `hobby_person` (`hobbies_ID`, `persons_ID`) VALUES (3, 842);
INSERT INTO `address` (`INFORMATION`, `STREET`, `CITY_ID`) VALUES ('stuen', 'Østgaardsvej', 1211);
INSERT INTO `person` (`ID`, `EMAIL`, `FIRSTNAME`, `LASTNAME`, `ADDRESS_ID`) VALUES (843,'Ida@outlook.dk', 'Ida', 'Filipovic', 843);
INSERT INTO `phone` (`DESCRIPTION`, `NUMBER`, `OWNER_ID`) VALUES ('work', '39414924', 843);
INSERT INTO `hobby_person` (`hobbies_ID`, `persons_ID`) VALUES (4, 843);
INSERT INTO `address` (`INFORMATION`, `STREET`, `CITY_ID`) VALUES ('1. tv', 'Østgaardsvej', 1297);
INSERT INTO `person` (`ID`, `EMAIL`, `FIRSTNAME`, `LASTNAME`, `ADDRESS_ID`) VALUES (844,'Kirsten@yahoo.com', 'Kirsten', 'Filipovic', 844);
INSERT INTO `phone` (`DESCRIPTION`, `NUMBER`, `OWNER_ID`) VALUES ('work', '1651474', 844);
INSERT INTO `hobby_person` (`hobbies_ID`, `persons_ID`) VALUES (3, 844);
INSERT INTO `address` (`INFORMATION`, `STREET`, `CITY_ID`) VALUES ('1. tv', 'Ryllevej', 1059);
INSERT INTO `person` (`ID`, `EMAIL`, `FIRSTNAME`, `LASTNAME`, `ADDRESS_ID`) VALUES (845,'Isabella@yahoo.dk', 'Isabella', 'Filipsen', 845);
INSERT INTO `phone` (`DESCRIPTION`, `NUMBER`, `OWNER_ID`) VALUES ('mobile', '38812148', 845);
INSERT INTO `hobby_person` (`hobbies_ID`, `persons_ID`) VALUES (1, 845);
INSERT INTO `address` (`INFORMATION`, `STREET`, `CITY_ID`) VALUES ('1. tv', 'Møllevangen', 1036);
INSERT INTO `person` (`ID`, `EMAIL`, `FIRSTNAME`, `LASTNAME`, `ADDRESS_ID`) VALUES (846,'Kirsten@gmail.com', 'Kirsten', 'Runesen', 846);
INSERT INTO `phone` (`DESCRIPTION`, `NUMBER`, `OWNER_ID`) VALUES ('mobile', '20687971', 846);
INSERT INTO `hobby_person` (`hobbies_ID`, `persons_ID`) VALUES (5, 846);
INSERT INTO `address` (`INFORMATION`, `STREET`, `CITY_ID`) VALUES ('2. th', 'Hjortekærsvej', 380);
INSERT INTO `person` (`ID`, `EMAIL`, `FIRSTNAME`, `LASTNAME`, `ADDRESS_ID`) VALUES (847,'Bob@protonmail.com', 'Bob', 'Kaspersen', 847);
INSERT INTO `phone` (`DESCRIPTION`, `NUMBER`, `OWNER_ID`) VALUES ('mobile', '91267093', 847);
INSERT INTO `hobby_person` (`hobbies_ID`, `persons_ID`) VALUES (1, 847);
INSERT INTO `address` (`INFORMATION`, `STREET`, `CITY_ID`) VALUES ('1. tv', 'Hjortekærsvej', 690);
INSERT INTO `person` (`ID`, `EMAIL`, `FIRSTNAME`, `LASTNAME`, `ADDRESS_ID`) VALUES (848,'Kirsten@protonmail.com', 'Kirsten', 'Jonassen', 848);
INSERT INTO `phone` (`DESCRIPTION`, `NUMBER`, `OWNER_ID`) VALUES ('mobile', '48721147', 848);
INSERT INTO `hobby_person` (`hobbies_ID`, `persons_ID`) VALUES (1, 848);
INSERT INTO `address` (`INFORMATION`, `STREET`, `CITY_ID`) VALUES ('1. th', 'Hjortekærsvej', 307);
INSERT INTO `person` (`ID`, `EMAIL`, `FIRSTNAME`, `LASTNAME`, `ADDRESS_ID`) VALUES (849,'Kristian@gmail.com', 'Kristian', 'Filipsen', 849);
INSERT INTO `phone` (`DESCRIPTION`, `NUMBER`, `OWNER_ID`) VALUES ('home', '74980006', 849);
INSERT INTO `hobby_person` (`hobbies_ID`, `persons_ID`) VALUES (4, 849);
INSERT INTO `address` (`INFORMATION`, `STREET`, `CITY_ID`) VALUES ('2. tv', 'Hjortekærsvej', 862);
INSERT INTO `person` (`ID`, `EMAIL`, `FIRSTNAME`, `LASTNAME`, `ADDRESS_ID`) VALUES (850,'Kristian@yahoo.dk', 'Kristian', 'Thomassen', 850);
INSERT INTO `phone` (`DESCRIPTION`, `NUMBER`, `OWNER_ID`) VALUES ('home', '37950799', 850);
INSERT INTO `hobby_person` (`hobbies_ID`, `persons_ID`) VALUES (2, 850);
INSERT INTO `address` (`INFORMATION`, `STREET`, `CITY_ID`) VALUES ('1. th', 'Hjortekærsvej', 326);
INSERT INTO `person` (`ID`, `EMAIL`, `FIRSTNAME`, `LASTNAME`, `ADDRESS_ID`) VALUES (851,'Mia@outlook.eu', 'Mia', 'Mikkelsen', 851);
INSERT INTO `phone` (`DESCRIPTION`, `NUMBER`, `OWNER_ID`) VALUES ('work', '3458567', 851);
INSERT INTO `hobby_person` (`hobbies_ID`, `persons_ID`) VALUES (2, 851);
INSERT INTO `address` (`INFORMATION`, `STREET`, `CITY_ID`) VALUES ('1. th', 'Møllevangen', 1040);
INSERT INTO `person` (`ID`, `EMAIL`, `FIRSTNAME`, `LASTNAME`, `ADDRESS_ID`) VALUES (852,'Thomas@hotmail.dk', 'Thomas', 'Behrendt', 852);
INSERT INTO `phone` (`DESCRIPTION`, `NUMBER`, `OWNER_ID`) VALUES ('home', '60255993', 852);
INSERT INTO `hobby_person` (`hobbies_ID`, `persons_ID`) VALUES (3, 852);
INSERT INTO `address` (`INFORMATION`, `STREET`, `CITY_ID`) VALUES ('1. tv', 'Milanovicvej', 549);
INSERT INTO `person` (`ID`, `EMAIL`, `FIRSTNAME`, `LASTNAME`, `ADDRESS_ID`) VALUES (853,'Kasper@hotmail.dk', 'Kasper', 'Bobsen', 853);
INSERT INTO `phone` (`DESCRIPTION`, `NUMBER`, `OWNER_ID`) VALUES ('home', '25915375', 853);
INSERT INTO `hobby_person` (`hobbies_ID`, `persons_ID`) VALUES (1, 853);
INSERT INTO `address` (`INFORMATION`, `STREET`, `CITY_ID`) VALUES ('1. tv', 'Møllevangen', 957);
INSERT INTO `person` (`ID`, `EMAIL`, `FIRSTNAME`, `LASTNAME`, `ADDRESS_ID`) VALUES (854,'Ida@yahoo.com', 'Ida', 'Alexandersen', 854);
INSERT INTO `phone` (`DESCRIPTION`, `NUMBER`, `OWNER_ID`) VALUES ('mobile', '19946658', 854);
INSERT INTO `hobby_person` (`hobbies_ID`, `persons_ID`) VALUES (3, 854);
INSERT INTO `address` (`INFORMATION`, `STREET`, `CITY_ID`) VALUES ('2. tv', 'Kronhjortevej', 1276);
INSERT INTO `person` (`ID`, `EMAIL`, `FIRSTNAME`, `LASTNAME`, `ADDRESS_ID`) VALUES (855,'Jonas@zoho.com', 'Jonas', 'Thomassen', 855);
INSERT INTO `phone` (`DESCRIPTION`, `NUMBER`, `OWNER_ID`) VALUES ('home', '55505945', 855);
INSERT INTO `hobby_person` (`hobbies_ID`, `persons_ID`) VALUES (1, 855);
INSERT INTO `address` (`INFORMATION`, `STREET`, `CITY_ID`) VALUES ('2. th', 'Milanovicvej', 479);
INSERT INTO `person` (`ID`, `EMAIL`, `FIRSTNAME`, `LASTNAME`, `ADDRESS_ID`) VALUES (856,'Filip@zoho.eu', 'Filip', 'Filipovic', 856);
INSERT INTO `phone` (`DESCRIPTION`, `NUMBER`, `OWNER_ID`) VALUES ('work', '12089863', 856);
INSERT INTO `hobby_person` (`hobbies_ID`, `persons_ID`) VALUES (2, 856);
INSERT INTO `address` (`INFORMATION`, `STREET`, `CITY_ID`) VALUES ('1. th', 'Hjortekærsvej', 725);
INSERT INTO `person` (`ID`, `EMAIL`, `FIRSTNAME`, `LASTNAME`, `ADDRESS_ID`) VALUES (857,'Kim@gmail.eu', 'Kim', 'Bobsen', 857);
INSERT INTO `phone` (`DESCRIPTION`, `NUMBER`, `OWNER_ID`) VALUES ('work', '90331883', 857);
INSERT INTO `hobby_person` (`hobbies_ID`, `persons_ID`) VALUES (2, 857);
INSERT INTO `address` (`INFORMATION`, `STREET`, `CITY_ID`) VALUES ('1. th', 'Kullevej', 528);
INSERT INTO `person` (`ID`, `EMAIL`, `FIRSTNAME`, `LASTNAME`, `ADDRESS_ID`) VALUES (858,'Mikkel@zoho.eu', 'Mikkel', 'Stevensen', 858);
INSERT INTO `phone` (`DESCRIPTION`, `NUMBER`, `OWNER_ID`) VALUES ('mobile', '39633981', 858);
INSERT INTO `hobby_person` (`hobbies_ID`, `persons_ID`) VALUES (2, 858);
INSERT INTO `address` (`INFORMATION`, `STREET`, `CITY_ID`) VALUES ('2. th', 'Hjortekærsvej', 132);
INSERT INTO `person` (`ID`, `EMAIL`, `FIRSTNAME`, `LASTNAME`, `ADDRESS_ID`) VALUES (859,'Maria@yahoo.eu', 'Maria', 'Bobsen', 859);
INSERT INTO `phone` (`DESCRIPTION`, `NUMBER`, `OWNER_ID`) VALUES ('home', '58725892', 859);
INSERT INTO `hobby_person` (`hobbies_ID`, `persons_ID`) VALUES (4, 859);
INSERT INTO `address` (`INFORMATION`, `STREET`, `CITY_ID`) VALUES ('1. th', 'Kronhjortevej', 840);
INSERT INTO `person` (`ID`, `EMAIL`, `FIRSTNAME`, `LASTNAME`, `ADDRESS_ID`) VALUES (860,'Solveig@hotmail.com', 'Solveig', 'Behrendt', 860);
INSERT INTO `phone` (`DESCRIPTION`, `NUMBER`, `OWNER_ID`) VALUES ('work', '87778203', 860);
INSERT INTO `hobby_person` (`hobbies_ID`, `persons_ID`) VALUES (3, 860);
INSERT INTO `address` (`INFORMATION`, `STREET`, `CITY_ID`) VALUES ('2. th', 'Ryllevej', 995);
INSERT INTO `person` (`ID`, `EMAIL`, `FIRSTNAME`, `LASTNAME`, `ADDRESS_ID`) VALUES (861,'Jonas@outlook.dk', 'Jonas', 'Stevensen', 861);
INSERT INTO `phone` (`DESCRIPTION`, `NUMBER`, `OWNER_ID`) VALUES ('mobile', '17897464', 861);
INSERT INTO `hobby_person` (`hobbies_ID`, `persons_ID`) VALUES (5, 861);
INSERT INTO `address` (`INFORMATION`, `STREET`, `CITY_ID`) VALUES ('2. tv', 'Hjortekærsvej', 654);
INSERT INTO `person` (`ID`, `EMAIL`, `FIRSTNAME`, `LASTNAME`, `ADDRESS_ID`) VALUES (862,'Christoffer@zoho.com', 'Christoffer', 'Vestergaard', 862);
INSERT INTO `phone` (`DESCRIPTION`, `NUMBER`, `OWNER_ID`) VALUES ('home', '43700878', 862);
INSERT INTO `hobby_person` (`hobbies_ID`, `persons_ID`) VALUES (3, 862);
INSERT INTO `address` (`INFORMATION`, `STREET`, `CITY_ID`) VALUES ('2. th', 'Milanovicvej', 452);
INSERT INTO `person` (`ID`, `EMAIL`, `FIRSTNAME`, `LASTNAME`, `ADDRESS_ID`) VALUES (863,'Jonas@hotmail.com', 'Jonas', 'Thomassen', 863);
INSERT INTO `phone` (`DESCRIPTION`, `NUMBER`, `OWNER_ID`) VALUES ('home', '75885228', 863);
INSERT INTO `hobby_person` (`hobbies_ID`, `persons_ID`) VALUES (4, 863);
INSERT INTO `address` (`INFORMATION`, `STREET`, `CITY_ID`) VALUES ('1. tv', 'Møllevangen', 1324);
INSERT INTO `person` (`ID`, `EMAIL`, `FIRSTNAME`, `LASTNAME`, `ADDRESS_ID`) VALUES (864,'Bob@protonmail.com', 'Bob', 'Runesen', 864);
INSERT INTO `phone` (`DESCRIPTION`, `NUMBER`, `OWNER_ID`) VALUES ('work', '7177154', 864);
INSERT INTO `hobby_person` (`hobbies_ID`, `persons_ID`) VALUES (1, 864);
INSERT INTO `address` (`INFORMATION`, `STREET`, `CITY_ID`) VALUES ('stuen', 'Kullevej', 597);
INSERT INTO `person` (`ID`, `EMAIL`, `FIRSTNAME`, `LASTNAME`, `ADDRESS_ID`) VALUES (865,'Ida@yahoo.dk', 'Ida', 'Christoffersen', 865);
INSERT INTO `phone` (`DESCRIPTION`, `NUMBER`, `OWNER_ID`) VALUES ('home', '24692200', 865);
INSERT INTO `hobby_person` (`hobbies_ID`, `persons_ID`) VALUES (4, 865);
INSERT INTO `address` (`INFORMATION`, `STREET`, `CITY_ID`) VALUES ('2. th', 'Møllevangen', 1036);
INSERT INTO `person` (`ID`, `EMAIL`, `FIRSTNAME`, `LASTNAME`, `ADDRESS_ID`) VALUES (866,'Rune@yahoo.eu', 'Rune', 'Filipsen', 866);
INSERT INTO `phone` (`DESCRIPTION`, `NUMBER`, `OWNER_ID`) VALUES ('work', '9843941', 866);
INSERT INTO `hobby_person` (`hobbies_ID`, `persons_ID`) VALUES (5, 866);
INSERT INTO `address` (`INFORMATION`, `STREET`, `CITY_ID`) VALUES ('2. tv', 'Kullevej', 1206);
INSERT INTO `person` (`ID`, `EMAIL`, `FIRSTNAME`, `LASTNAME`, `ADDRESS_ID`) VALUES (867,'Christoffer@protonmail.eu', 'Christoffer', 'Kristiansen', 867);
INSERT INTO `phone` (`DESCRIPTION`, `NUMBER`, `OWNER_ID`) VALUES ('home', '88608959', 867);
INSERT INTO `hobby_person` (`hobbies_ID`, `persons_ID`) VALUES (1, 867);
INSERT INTO `address` (`INFORMATION`, `STREET`, `CITY_ID`) VALUES ('2. th', 'Møllevangen', 567);
INSERT INTO `person` (`ID`, `EMAIL`, `FIRSTNAME`, `LASTNAME`, `ADDRESS_ID`) VALUES (868,'Solveig@gmail.dk', 'Solveig', 'Vestergaard', 868);
INSERT INTO `phone` (`DESCRIPTION`, `NUMBER`, `OWNER_ID`) VALUES ('work', '84012373', 868);
INSERT INTO `hobby_person` (`hobbies_ID`, `persons_ID`) VALUES (5, 868);
INSERT INTO `address` (`INFORMATION`, `STREET`, `CITY_ID`) VALUES ('2. th', 'Hjortekærsvej', 655);
INSERT INTO `person` (`ID`, `EMAIL`, `FIRSTNAME`, `LASTNAME`, `ADDRESS_ID`) VALUES (869,'Rune@yahoo.eu', 'Rune', 'Behrendt', 869);
INSERT INTO `phone` (`DESCRIPTION`, `NUMBER`, `OWNER_ID`) VALUES ('work', '78140661', 869);
INSERT INTO `hobby_person` (`hobbies_ID`, `persons_ID`) VALUES (1, 869);
INSERT INTO `address` (`INFORMATION`, `STREET`, `CITY_ID`) VALUES ('2. th', 'Kullevej', 1309);
INSERT INTO `person` (`ID`, `EMAIL`, `FIRSTNAME`, `LASTNAME`, `ADDRESS_ID`) VALUES (870,'Solveig@outlook.dk', 'Solveig', 'Stevensen', 870);
INSERT INTO `phone` (`DESCRIPTION`, `NUMBER`, `OWNER_ID`) VALUES ('home', '54352191', 870);
INSERT INTO `hobby_person` (`hobbies_ID`, `persons_ID`) VALUES (1, 870);
INSERT INTO `address` (`INFORMATION`, `STREET`, `CITY_ID`) VALUES ('stuen', 'Østgaardsvej', 1230);
INSERT INTO `person` (`ID`, `EMAIL`, `FIRSTNAME`, `LASTNAME`, `ADDRESS_ID`) VALUES (871,'Filip@protonmail.dk', 'Filip', 'Jonassen', 871);
INSERT INTO `phone` (`DESCRIPTION`, `NUMBER`, `OWNER_ID`) VALUES ('home', '20013675', 871);
INSERT INTO `hobby_person` (`hobbies_ID`, `persons_ID`) VALUES (5, 871);
INSERT INTO `address` (`INFORMATION`, `STREET`, `CITY_ID`) VALUES ('1. tv', 'Kronhjortevej', 1351);
INSERT INTO `person` (`ID`, `EMAIL`, `FIRSTNAME`, `LASTNAME`, `ADDRESS_ID`) VALUES (872,'Isabella@hotmail.dk', 'Isabella', 'Mikkelsen', 872);
INSERT INTO `phone` (`DESCRIPTION`, `NUMBER`, `OWNER_ID`) VALUES ('mobile', '24744555', 872);
INSERT INTO `hobby_person` (`hobbies_ID`, `persons_ID`) VALUES (1, 872);
INSERT INTO `address` (`INFORMATION`, `STREET`, `CITY_ID`) VALUES ('stuen', 'Østgaardsvej', 509);
INSERT INTO `person` (`ID`, `EMAIL`, `FIRSTNAME`, `LASTNAME`, `ADDRESS_ID`) VALUES (873,'Christoffer@outlook.dk', 'Christoffer', 'Jonassen', 873);
INSERT INTO `phone` (`DESCRIPTION`, `NUMBER`, `OWNER_ID`) VALUES ('work', '54850421', 873);
INSERT INTO `hobby_person` (`hobbies_ID`, `persons_ID`) VALUES (5, 873);
INSERT INTO `address` (`INFORMATION`, `STREET`, `CITY_ID`) VALUES ('stuen', 'Hjortekærsvej', 601);
INSERT INTO `person` (`ID`, `EMAIL`, `FIRSTNAME`, `LASTNAME`, `ADDRESS_ID`) VALUES (874,'Mia@outlook.eu', 'Mia', 'Simonsen', 874);
INSERT INTO `phone` (`DESCRIPTION`, `NUMBER`, `OWNER_ID`) VALUES ('work', '40442150', 874);
INSERT INTO `hobby_person` (`hobbies_ID`, `persons_ID`) VALUES (3, 874);
INSERT INTO `address` (`INFORMATION`, `STREET`, `CITY_ID`) VALUES ('2. tv', 'Møllevangen', 712);
INSERT INTO `person` (`ID`, `EMAIL`, `FIRSTNAME`, `LASTNAME`, `ADDRESS_ID`) VALUES (875,'Solveig@hotmail.com', 'Solveig', 'Filipovic', 875);
INSERT INTO `phone` (`DESCRIPTION`, `NUMBER`, `OWNER_ID`) VALUES ('home', '26276100', 875);
INSERT INTO `hobby_person` (`hobbies_ID`, `persons_ID`) VALUES (4, 875);
INSERT INTO `address` (`INFORMATION`, `STREET`, `CITY_ID`) VALUES ('2. th', 'Milanovicvej', 1004);
INSERT INTO `person` (`ID`, `EMAIL`, `FIRSTNAME`, `LASTNAME`, `ADDRESS_ID`) VALUES (876,'Alexa@hotmail.dk', 'Alexa', 'Behrendt', 876);
INSERT INTO `phone` (`DESCRIPTION`, `NUMBER`, `OWNER_ID`) VALUES ('home', '71272754', 876);
INSERT INTO `hobby_person` (`hobbies_ID`, `persons_ID`) VALUES (4, 876);
INSERT INTO `address` (`INFORMATION`, `STREET`, `CITY_ID`) VALUES ('2. th', 'Hjortekærsvej', 60);
INSERT INTO `person` (`ID`, `EMAIL`, `FIRSTNAME`, `LASTNAME`, `ADDRESS_ID`) VALUES (877,'Alexander@yahoo.dk', 'Alexander', 'Bobsen', 877);
INSERT INTO `phone` (`DESCRIPTION`, `NUMBER`, `OWNER_ID`) VALUES ('work', '17260290', 877);
INSERT INTO `hobby_person` (`hobbies_ID`, `persons_ID`) VALUES (2, 877);
INSERT INTO `address` (`INFORMATION`, `STREET`, `CITY_ID`) VALUES ('stuen', 'Møllevangen', 1344);
INSERT INTO `person` (`ID`, `EMAIL`, `FIRSTNAME`, `LASTNAME`, `ADDRESS_ID`) VALUES (878,'Bob@hotmail.dk', 'Bob', 'Kristiansen', 878);
INSERT INTO `phone` (`DESCRIPTION`, `NUMBER`, `OWNER_ID`) VALUES ('work', '9715546', 878);
INSERT INTO `hobby_person` (`hobbies_ID`, `persons_ID`) VALUES (3, 878);
INSERT INTO `address` (`INFORMATION`, `STREET`, `CITY_ID`) VALUES ('2. th', 'Ryllevej', 84);
INSERT INTO `person` (`ID`, `EMAIL`, `FIRSTNAME`, `LASTNAME`, `ADDRESS_ID`) VALUES (879,'Christoffer@gmail.eu', 'Christoffer', 'Runesen', 879);
INSERT INTO `phone` (`DESCRIPTION`, `NUMBER`, `OWNER_ID`) VALUES ('work', '30406227', 879);
INSERT INTO `hobby_person` (`hobbies_ID`, `persons_ID`) VALUES (1, 879);
INSERT INTO `address` (`INFORMATION`, `STREET`, `CITY_ID`) VALUES ('1. th', 'Kronhjortevej', 999);
INSERT INTO `person` (`ID`, `EMAIL`, `FIRSTNAME`, `LASTNAME`, `ADDRESS_ID`) VALUES (880,'Kristian@outlook.dk', 'Kristian', 'Runesen', 880);
INSERT INTO `phone` (`DESCRIPTION`, `NUMBER`, `OWNER_ID`) VALUES ('home', '8740771', 880);
INSERT INTO `hobby_person` (`hobbies_ID`, `persons_ID`) VALUES (2, 880);
INSERT INTO `address` (`INFORMATION`, `STREET`, `CITY_ID`) VALUES ('2. th', 'Milanovicvej', 1214);
INSERT INTO `person` (`ID`, `EMAIL`, `FIRSTNAME`, `LASTNAME`, `ADDRESS_ID`) VALUES (881,'Filip@gmail.dk', 'Filip', 'Runesen', 881);
INSERT INTO `phone` (`DESCRIPTION`, `NUMBER`, `OWNER_ID`) VALUES ('work', '59991371', 881);
INSERT INTO `hobby_person` (`hobbies_ID`, `persons_ID`) VALUES (2, 881);
INSERT INTO `address` (`INFORMATION`, `STREET`, `CITY_ID`) VALUES ('1. tv', 'Milanovicvej', 77);
INSERT INTO `person` (`ID`, `EMAIL`, `FIRSTNAME`, `LASTNAME`, `ADDRESS_ID`) VALUES (882,'Kirsten@protonmail.dk', 'Kirsten', 'Jonassen', 882);
INSERT INTO `phone` (`DESCRIPTION`, `NUMBER`, `OWNER_ID`) VALUES ('work', '62157955', 882);
INSERT INTO `hobby_person` (`hobbies_ID`, `persons_ID`) VALUES (4, 882);
INSERT INTO `address` (`INFORMATION`, `STREET`, `CITY_ID`) VALUES ('1. th', 'Møllevangen', 403);
INSERT INTO `person` (`ID`, `EMAIL`, `FIRSTNAME`, `LASTNAME`, `ADDRESS_ID`) VALUES (883,'Alexander@yahoo.com', 'Alexander', 'Kristiansen', 883);
INSERT INTO `phone` (`DESCRIPTION`, `NUMBER`, `OWNER_ID`) VALUES ('work', '19830143', 883);
INSERT INTO `hobby_person` (`hobbies_ID`, `persons_ID`) VALUES (2, 883);
INSERT INTO `address` (`INFORMATION`, `STREET`, `CITY_ID`) VALUES ('2. th', 'Møllevangen', 445);
INSERT INTO `person` (`ID`, `EMAIL`, `FIRSTNAME`, `LASTNAME`, `ADDRESS_ID`) VALUES (884,'Rune@gmail.com', 'Rune', 'Filipsen', 884);
INSERT INTO `phone` (`DESCRIPTION`, `NUMBER`, `OWNER_ID`) VALUES ('home', '65781163', 884);
INSERT INTO `hobby_person` (`hobbies_ID`, `persons_ID`) VALUES (3, 884);
INSERT INTO `address` (`INFORMATION`, `STREET`, `CITY_ID`) VALUES ('1. tv', 'Kronhjortevej', 148);
INSERT INTO `person` (`ID`, `EMAIL`, `FIRSTNAME`, `LASTNAME`, `ADDRESS_ID`) VALUES (885,'Ida@zoho.dk', 'Ida', 'Runesen', 885);
INSERT INTO `phone` (`DESCRIPTION`, `NUMBER`, `OWNER_ID`) VALUES ('mobile', '95281403', 885);
INSERT INTO `hobby_person` (`hobbies_ID`, `persons_ID`) VALUES (2, 885);
INSERT INTO `address` (`INFORMATION`, `STREET`, `CITY_ID`) VALUES ('2. th', 'Kronhjortevej', 1206);
INSERT INTO `person` (`ID`, `EMAIL`, `FIRSTNAME`, `LASTNAME`, `ADDRESS_ID`) VALUES (886,'Maria@outlook.dk', 'Maria', 'Runesen', 886);
INSERT INTO `phone` (`DESCRIPTION`, `NUMBER`, `OWNER_ID`) VALUES ('home', '42498070', 886);
INSERT INTO `hobby_person` (`hobbies_ID`, `persons_ID`) VALUES (2, 886);
INSERT INTO `address` (`INFORMATION`, `STREET`, `CITY_ID`) VALUES ('stuen', 'Kronhjortevej', 1009);
INSERT INTO `person` (`ID`, `EMAIL`, `FIRSTNAME`, `LASTNAME`, `ADDRESS_ID`) VALUES (887,'Ida@yahoo.dk', 'Ida', 'Alexandersen', 887);
INSERT INTO `phone` (`DESCRIPTION`, `NUMBER`, `OWNER_ID`) VALUES ('mobile', '7413861', 887);
INSERT INTO `hobby_person` (`hobbies_ID`, `persons_ID`) VALUES (5, 887);
INSERT INTO `address` (`INFORMATION`, `STREET`, `CITY_ID`) VALUES ('1. tv', 'Kullevej', 211);
INSERT INTO `person` (`ID`, `EMAIL`, `FIRSTNAME`, `LASTNAME`, `ADDRESS_ID`) VALUES (888,'Mia@yahoo.com', 'Mia', 'Christoffersen', 888);
INSERT INTO `phone` (`DESCRIPTION`, `NUMBER`, `OWNER_ID`) VALUES ('work', '81345805', 888);
INSERT INTO `hobby_person` (`hobbies_ID`, `persons_ID`) VALUES (3, 888);
INSERT INTO `address` (`INFORMATION`, `STREET`, `CITY_ID`) VALUES ('1. th', 'Hjortekærsvej', 876);
INSERT INTO `person` (`ID`, `EMAIL`, `FIRSTNAME`, `LASTNAME`, `ADDRESS_ID`) VALUES (889,'Isabella@gmail.com', 'Isabella', 'Behrendt', 889);
INSERT INTO `phone` (`DESCRIPTION`, `NUMBER`, `OWNER_ID`) VALUES ('home', '42102665', 889);
INSERT INTO `hobby_person` (`hobbies_ID`, `persons_ID`) VALUES (2, 889);
INSERT INTO `address` (`INFORMATION`, `STREET`, `CITY_ID`) VALUES ('2. th', 'Ryllevej', 1096);
INSERT INTO `person` (`ID`, `EMAIL`, `FIRSTNAME`, `LASTNAME`, `ADDRESS_ID`) VALUES (890,'Alexa@gmail.eu', 'Alexa', 'Vestergaard', 890);
INSERT INTO `phone` (`DESCRIPTION`, `NUMBER`, `OWNER_ID`) VALUES ('work', '36982263', 890);
INSERT INTO `hobby_person` (`hobbies_ID`, `persons_ID`) VALUES (1, 890);
INSERT INTO `address` (`INFORMATION`, `STREET`, `CITY_ID`) VALUES ('2. th', 'Milanovicvej', 595);
INSERT INTO `person` (`ID`, `EMAIL`, `FIRSTNAME`, `LASTNAME`, `ADDRESS_ID`) VALUES (891,'Thomas@outlook.com', 'Thomas', 'Thomassen', 891);
INSERT INTO `phone` (`DESCRIPTION`, `NUMBER`, `OWNER_ID`) VALUES ('mobile', '51021083', 891);
INSERT INTO `hobby_person` (`hobbies_ID`, `persons_ID`) VALUES (4, 891);
INSERT INTO `address` (`INFORMATION`, `STREET`, `CITY_ID`) VALUES ('stuen', 'Milanovicvej', 1145);
INSERT INTO `person` (`ID`, `EMAIL`, `FIRSTNAME`, `LASTNAME`, `ADDRESS_ID`) VALUES (892,'Mikkel@zoho.com', 'Mikkel', 'Christoffersen', 892);
INSERT INTO `phone` (`DESCRIPTION`, `NUMBER`, `OWNER_ID`) VALUES ('work', '15582242', 892);
INSERT INTO `hobby_person` (`hobbies_ID`, `persons_ID`) VALUES (2, 892);
INSERT INTO `address` (`INFORMATION`, `STREET`, `CITY_ID`) VALUES ('2. th', 'Milanovicvej', 627);
INSERT INTO `person` (`ID`, `EMAIL`, `FIRSTNAME`, `LASTNAME`, `ADDRESS_ID`) VALUES (893,'Bob@hotmail.com', 'Bob', 'Christoffersen', 893);
INSERT INTO `phone` (`DESCRIPTION`, `NUMBER`, `OWNER_ID`) VALUES ('mobile', '8262536', 893);
INSERT INTO `hobby_person` (`hobbies_ID`, `persons_ID`) VALUES (1, 893);
INSERT INTO `address` (`INFORMATION`, `STREET`, `CITY_ID`) VALUES ('2. tv', 'Hjortekærsvej', 1029);
INSERT INTO `person` (`ID`, `EMAIL`, `FIRSTNAME`, `LASTNAME`, `ADDRESS_ID`) VALUES (894,'Kasper@hotmail.com', 'Kasper', 'Bobsen', 894);
INSERT INTO `phone` (`DESCRIPTION`, `NUMBER`, `OWNER_ID`) VALUES ('mobile', '94784120', 894);
INSERT INTO `hobby_person` (`hobbies_ID`, `persons_ID`) VALUES (5, 894);
INSERT INTO `address` (`INFORMATION`, `STREET`, `CITY_ID`) VALUES ('1. th', 'Møllevangen', 328);
INSERT INTO `person` (`ID`, `EMAIL`, `FIRSTNAME`, `LASTNAME`, `ADDRESS_ID`) VALUES (895,'Alexander@outlook.eu', 'Alexander', 'Filipsen', 895);
INSERT INTO `phone` (`DESCRIPTION`, `NUMBER`, `OWNER_ID`) VALUES ('home', '36752096', 895);
INSERT INTO `hobby_person` (`hobbies_ID`, `persons_ID`) VALUES (3, 895);
INSERT INTO `address` (`INFORMATION`, `STREET`, `CITY_ID`) VALUES ('1. th', 'Hjortekærsvej', 856);
INSERT INTO `person` (`ID`, `EMAIL`, `FIRSTNAME`, `LASTNAME`, `ADDRESS_ID`) VALUES (896,'Ida@gmail.com', 'Ida', 'Kristiansen', 896);
INSERT INTO `phone` (`DESCRIPTION`, `NUMBER`, `OWNER_ID`) VALUES ('work', '25387175', 896);
INSERT INTO `hobby_person` (`hobbies_ID`, `persons_ID`) VALUES (1, 896);
INSERT INTO `address` (`INFORMATION`, `STREET`, `CITY_ID`) VALUES ('1. th', 'Østgaardsvej', 553);
INSERT INTO `person` (`ID`, `EMAIL`, `FIRSTNAME`, `LASTNAME`, `ADDRESS_ID`) VALUES (897,'Mikkel@outlook.com', 'Mikkel', 'Stevensen', 897);
INSERT INTO `phone` (`DESCRIPTION`, `NUMBER`, `OWNER_ID`) VALUES ('work', '38929422', 897);
INSERT INTO `hobby_person` (`hobbies_ID`, `persons_ID`) VALUES (1, 897);
INSERT INTO `address` (`INFORMATION`, `STREET`, `CITY_ID`) VALUES ('stuen', 'Ryllevej', 712);
INSERT INTO `person` (`ID`, `EMAIL`, `FIRSTNAME`, `LASTNAME`, `ADDRESS_ID`) VALUES (898,'Thomas@protonmail.com', 'Thomas', 'Vestergaard', 898);
INSERT INTO `phone` (`DESCRIPTION`, `NUMBER`, `OWNER_ID`) VALUES ('home', '82724454', 898);
INSERT INTO `hobby_person` (`hobbies_ID`, `persons_ID`) VALUES (3, 898);
INSERT INTO `address` (`INFORMATION`, `STREET`, `CITY_ID`) VALUES ('1. th', 'Møllevangen', 1025);
INSERT INTO `person` (`ID`, `EMAIL`, `FIRSTNAME`, `LASTNAME`, `ADDRESS_ID`) VALUES (899,'Solveig@yahoo.com', 'Solveig', 'Behrendt', 899);
INSERT INTO `phone` (`DESCRIPTION`, `NUMBER`, `OWNER_ID`) VALUES ('home', '17586080', 899);
INSERT INTO `hobby_person` (`hobbies_ID`, `persons_ID`) VALUES (1, 899);
INSERT INTO `address` (`INFORMATION`, `STREET`, `CITY_ID`) VALUES ('1. th', 'Ryllevej', 1230);
INSERT INTO `person` (`ID`, `EMAIL`, `FIRSTNAME`, `LASTNAME`, `ADDRESS_ID`) VALUES (900,'Kirsten@outlook.eu', 'Kirsten', 'Christoffersen', 900);
INSERT INTO `phone` (`DESCRIPTION`, `NUMBER`, `OWNER_ID`) VALUES ('home', '13564761', 900);
INSERT INTO `hobby_person` (`hobbies_ID`, `persons_ID`) VALUES (3, 900);
INSERT INTO `address` (`INFORMATION`, `STREET`, `CITY_ID`) VALUES ('stuen', 'Østgaardsvej', 25);
INSERT INTO `person` (`ID`, `EMAIL`, `FIRSTNAME`, `LASTNAME`, `ADDRESS_ID`) VALUES (901,'Kim@yahoo.com', 'Kim', 'Bobsen', 901);
INSERT INTO `phone` (`DESCRIPTION`, `NUMBER`, `OWNER_ID`) VALUES ('work', '74661828', 901);
INSERT INTO `hobby_person` (`hobbies_ID`, `persons_ID`) VALUES (4, 901);
INSERT INTO `address` (`INFORMATION`, `STREET`, `CITY_ID`) VALUES ('2. th', 'Kronhjortevej', 1004);
INSERT INTO `person` (`ID`, `EMAIL`, `FIRSTNAME`, `LASTNAME`, `ADDRESS_ID`) VALUES (902,'Ida@gmail.com', 'Ida', 'Filipovic', 902);
INSERT INTO `phone` (`DESCRIPTION`, `NUMBER`, `OWNER_ID`) VALUES ('mobile', '9513947', 902);
INSERT INTO `hobby_person` (`hobbies_ID`, `persons_ID`) VALUES (4, 902);
INSERT INTO `address` (`INFORMATION`, `STREET`, `CITY_ID`) VALUES ('2. tv', 'Østgaardsvej', 218);
INSERT INTO `person` (`ID`, `EMAIL`, `FIRSTNAME`, `LASTNAME`, `ADDRESS_ID`) VALUES (903,'Mia@yahoo.eu', 'Mia', 'Kaspersen', 903);
INSERT INTO `phone` (`DESCRIPTION`, `NUMBER`, `OWNER_ID`) VALUES ('home', '46264041', 903);
INSERT INTO `hobby_person` (`hobbies_ID`, `persons_ID`) VALUES (1, 903);
INSERT INTO `address` (`INFORMATION`, `STREET`, `CITY_ID`) VALUES ('stuen', 'Hjortekærsvej', 967);
INSERT INTO `person` (`ID`, `EMAIL`, `FIRSTNAME`, `LASTNAME`, `ADDRESS_ID`) VALUES (904,'Mikkel@hotmail.com', 'Mikkel', 'Simonsen', 904);
INSERT INTO `phone` (`DESCRIPTION`, `NUMBER`, `OWNER_ID`) VALUES ('work', '54099997', 904);
INSERT INTO `hobby_person` (`hobbies_ID`, `persons_ID`) VALUES (5, 904);
INSERT INTO `address` (`INFORMATION`, `STREET`, `CITY_ID`) VALUES ('1. th', 'Hjortekærsvej', 648);
INSERT INTO `person` (`ID`, `EMAIL`, `FIRSTNAME`, `LASTNAME`, `ADDRESS_ID`) VALUES (905,'Kasper@protonmail.com', 'Kasper', 'Jonassen', 905);
INSERT INTO `phone` (`DESCRIPTION`, `NUMBER`, `OWNER_ID`) VALUES ('home', '37275471', 905);
INSERT INTO `hobby_person` (`hobbies_ID`, `persons_ID`) VALUES (1, 905);
INSERT INTO `address` (`INFORMATION`, `STREET`, `CITY_ID`) VALUES ('stuen', 'Ryllevej', 946);
INSERT INTO `person` (`ID`, `EMAIL`, `FIRSTNAME`, `LASTNAME`, `ADDRESS_ID`) VALUES (906,'Jonas@zoho.dk', 'Jonas', 'Runesen', 906);
INSERT INTO `phone` (`DESCRIPTION`, `NUMBER`, `OWNER_ID`) VALUES ('home', '99060499', 906);
INSERT INTO `hobby_person` (`hobbies_ID`, `persons_ID`) VALUES (4, 906);
INSERT INTO `address` (`INFORMATION`, `STREET`, `CITY_ID`) VALUES ('2. tv', 'Ryllevej', 537);
INSERT INTO `person` (`ID`, `EMAIL`, `FIRSTNAME`, `LASTNAME`, `ADDRESS_ID`) VALUES (907,'Steven@outlook.dk', 'Steven', 'Simonsen', 907);
INSERT INTO `phone` (`DESCRIPTION`, `NUMBER`, `OWNER_ID`) VALUES ('home', '57009778', 907);
INSERT INTO `hobby_person` (`hobbies_ID`, `persons_ID`) VALUES (4, 907);
INSERT INTO `address` (`INFORMATION`, `STREET`, `CITY_ID`) VALUES ('2. th', 'Hjortekærsvej', 107);
INSERT INTO `person` (`ID`, `EMAIL`, `FIRSTNAME`, `LASTNAME`, `ADDRESS_ID`) VALUES (908,'Jonas@outlook.eu', 'Jonas', 'Alexandersen', 908);
INSERT INTO `phone` (`DESCRIPTION`, `NUMBER`, `OWNER_ID`) VALUES ('work', '15287039', 908);
INSERT INTO `hobby_person` (`hobbies_ID`, `persons_ID`) VALUES (1, 908);
INSERT INTO `address` (`INFORMATION`, `STREET`, `CITY_ID`) VALUES ('2. tv', 'Milanovicvej', 803);
INSERT INTO `person` (`ID`, `EMAIL`, `FIRSTNAME`, `LASTNAME`, `ADDRESS_ID`) VALUES (909,'Kasper@gmail.eu', 'Kasper', 'Filipsen', 909);
INSERT INTO `phone` (`DESCRIPTION`, `NUMBER`, `OWNER_ID`) VALUES ('home', '58513769', 909);
INSERT INTO `hobby_person` (`hobbies_ID`, `persons_ID`) VALUES (2, 909);
INSERT INTO `address` (`INFORMATION`, `STREET`, `CITY_ID`) VALUES ('stuen', 'Milanovicvej', 1258);
INSERT INTO `person` (`ID`, `EMAIL`, `FIRSTNAME`, `LASTNAME`, `ADDRESS_ID`) VALUES (910,'Isabella@outlook.eu', 'Isabella', 'Filipsen', 910);
INSERT INTO `phone` (`DESCRIPTION`, `NUMBER`, `OWNER_ID`) VALUES ('work', '89808032', 910);
INSERT INTO `hobby_person` (`hobbies_ID`, `persons_ID`) VALUES (2, 910);
INSERT INTO `address` (`INFORMATION`, `STREET`, `CITY_ID`) VALUES ('stuen', 'Hjortekærsvej', 1051);
INSERT INTO `person` (`ID`, `EMAIL`, `FIRSTNAME`, `LASTNAME`, `ADDRESS_ID`) VALUES (911,'Mia@gmail.com', 'Mia', 'Kristiansen', 911);
INSERT INTO `phone` (`DESCRIPTION`, `NUMBER`, `OWNER_ID`) VALUES ('mobile', '21953578', 911);
INSERT INTO `hobby_person` (`hobbies_ID`, `persons_ID`) VALUES (2, 911);
INSERT INTO `address` (`INFORMATION`, `STREET`, `CITY_ID`) VALUES ('1. tv', 'Ryllevej', 908);
INSERT INTO `person` (`ID`, `EMAIL`, `FIRSTNAME`, `LASTNAME`, `ADDRESS_ID`) VALUES (912,'Kristian@gmail.eu', 'Kristian', 'Alexandersen', 912);
INSERT INTO `phone` (`DESCRIPTION`, `NUMBER`, `OWNER_ID`) VALUES ('home', '45792189', 912);
INSERT INTO `hobby_person` (`hobbies_ID`, `persons_ID`) VALUES (4, 912);
INSERT INTO `address` (`INFORMATION`, `STREET`, `CITY_ID`) VALUES ('1. tv', 'Hjortekærsvej', 250);
INSERT INTO `person` (`ID`, `EMAIL`, `FIRSTNAME`, `LASTNAME`, `ADDRESS_ID`) VALUES (913,'Kasper@zoho.com', 'Kasper', 'Christoffersen', 913);
INSERT INTO `phone` (`DESCRIPTION`, `NUMBER`, `OWNER_ID`) VALUES ('mobile', '70929214', 913);
INSERT INTO `hobby_person` (`hobbies_ID`, `persons_ID`) VALUES (5, 913);
INSERT INTO `address` (`INFORMATION`, `STREET`, `CITY_ID`) VALUES ('2. tv', 'Kronhjortevej', 431);
INSERT INTO `person` (`ID`, `EMAIL`, `FIRSTNAME`, `LASTNAME`, `ADDRESS_ID`) VALUES (914,'Filip@yahoo.dk', 'Filip', 'Filipsen', 914);
INSERT INTO `phone` (`DESCRIPTION`, `NUMBER`, `OWNER_ID`) VALUES ('work', '48101607', 914);
INSERT INTO `hobby_person` (`hobbies_ID`, `persons_ID`) VALUES (2, 914);
INSERT INTO `address` (`INFORMATION`, `STREET`, `CITY_ID`) VALUES ('stuen', 'Møllevangen', 1284);
INSERT INTO `person` (`ID`, `EMAIL`, `FIRSTNAME`, `LASTNAME`, `ADDRESS_ID`) VALUES (915,'Solveig@hotmail.eu', 'Solveig', 'Christoffersen', 915);
INSERT INTO `phone` (`DESCRIPTION`, `NUMBER`, `OWNER_ID`) VALUES ('home', '25715609', 915);
INSERT INTO `hobby_person` (`hobbies_ID`, `persons_ID`) VALUES (1, 915);
INSERT INTO `address` (`INFORMATION`, `STREET`, `CITY_ID`) VALUES ('stuen', 'Østgaardsvej', 886);
INSERT INTO `person` (`ID`, `EMAIL`, `FIRSTNAME`, `LASTNAME`, `ADDRESS_ID`) VALUES (916,'Rune@zoho.dk', 'Rune', 'Vestergaard', 916);
INSERT INTO `phone` (`DESCRIPTION`, `NUMBER`, `OWNER_ID`) VALUES ('mobile', '59024656', 916);
INSERT INTO `hobby_person` (`hobbies_ID`, `persons_ID`) VALUES (2, 916);
INSERT INTO `address` (`INFORMATION`, `STREET`, `CITY_ID`) VALUES ('stuen', 'Hjortekærsvej', 985);
INSERT INTO `person` (`ID`, `EMAIL`, `FIRSTNAME`, `LASTNAME`, `ADDRESS_ID`) VALUES (917,'Maria@zoho.dk', 'Maria', 'Vestergaard', 917);
INSERT INTO `phone` (`DESCRIPTION`, `NUMBER`, `OWNER_ID`) VALUES ('work', '43616973', 917);
INSERT INTO `hobby_person` (`hobbies_ID`, `persons_ID`) VALUES (4, 917);
INSERT INTO `address` (`INFORMATION`, `STREET`, `CITY_ID`) VALUES ('stuen', 'Østgaardsvej', 325);
INSERT INTO `person` (`ID`, `EMAIL`, `FIRSTNAME`, `LASTNAME`, `ADDRESS_ID`) VALUES (918,'Bob@hotmail.eu', 'Bob', 'Runesen', 918);
INSERT INTO `phone` (`DESCRIPTION`, `NUMBER`, `OWNER_ID`) VALUES ('home', '9741913', 918);
INSERT INTO `hobby_person` (`hobbies_ID`, `persons_ID`) VALUES (3, 918);
INSERT INTO `address` (`INFORMATION`, `STREET`, `CITY_ID`) VALUES ('2. th', 'Hjortekærsvej', 861);
INSERT INTO `person` (`ID`, `EMAIL`, `FIRSTNAME`, `LASTNAME`, `ADDRESS_ID`) VALUES (919,'Kirsten@hotmail.com', 'Kirsten', 'Jonassen', 919);
INSERT INTO `phone` (`DESCRIPTION`, `NUMBER`, `OWNER_ID`) VALUES ('mobile', '81927671', 919);
INSERT INTO `hobby_person` (`hobbies_ID`, `persons_ID`) VALUES (4, 919);
INSERT INTO `address` (`INFORMATION`, `STREET`, `CITY_ID`) VALUES ('1. th', 'Ryllevej', 855);
INSERT INTO `person` (`ID`, `EMAIL`, `FIRSTNAME`, `LASTNAME`, `ADDRESS_ID`) VALUES (920,'Kirsten@hotmail.dk', 'Kirsten', 'Kristiansen', 920);
INSERT INTO `phone` (`DESCRIPTION`, `NUMBER`, `OWNER_ID`) VALUES ('mobile', '2487697', 920);
INSERT INTO `hobby_person` (`hobbies_ID`, `persons_ID`) VALUES (3, 920);
INSERT INTO `address` (`INFORMATION`, `STREET`, `CITY_ID`) VALUES ('stuen', 'Milanovicvej', 1148);
INSERT INTO `person` (`ID`, `EMAIL`, `FIRSTNAME`, `LASTNAME`, `ADDRESS_ID`) VALUES (921,'Filip@zoho.dk', 'Filip', 'Runesen', 921);
INSERT INTO `phone` (`DESCRIPTION`, `NUMBER`, `OWNER_ID`) VALUES ('work', '81912264', 921);
INSERT INTO `hobby_person` (`hobbies_ID`, `persons_ID`) VALUES (3, 921);
INSERT INTO `address` (`INFORMATION`, `STREET`, `CITY_ID`) VALUES ('2. tv', 'Kullevej', 59);
INSERT INTO `person` (`ID`, `EMAIL`, `FIRSTNAME`, `LASTNAME`, `ADDRESS_ID`) VALUES (922,'Jonas@hotmail.com', 'Jonas', 'Kaspersen', 922);
INSERT INTO `phone` (`DESCRIPTION`, `NUMBER`, `OWNER_ID`) VALUES ('home', '64938894', 922);
INSERT INTO `hobby_person` (`hobbies_ID`, `persons_ID`) VALUES (1, 922);
INSERT INTO `address` (`INFORMATION`, `STREET`, `CITY_ID`) VALUES ('2. th', 'Møllevangen', 837);
INSERT INTO `person` (`ID`, `EMAIL`, `FIRSTNAME`, `LASTNAME`, `ADDRESS_ID`) VALUES (923,'Ida@outlook.eu', 'Ida', 'Behrendt', 923);
INSERT INTO `phone` (`DESCRIPTION`, `NUMBER`, `OWNER_ID`) VALUES ('home', '87412633', 923);
INSERT INTO `hobby_person` (`hobbies_ID`, `persons_ID`) VALUES (2, 923);
INSERT INTO `address` (`INFORMATION`, `STREET`, `CITY_ID`) VALUES ('1. th', 'Ryllevej', 1222);
INSERT INTO `person` (`ID`, `EMAIL`, `FIRSTNAME`, `LASTNAME`, `ADDRESS_ID`) VALUES (924,'Maria@zoho.com', 'Maria', 'Runesen', 924);
INSERT INTO `phone` (`DESCRIPTION`, `NUMBER`, `OWNER_ID`) VALUES ('home', '86447705', 924);
INSERT INTO `hobby_person` (`hobbies_ID`, `persons_ID`) VALUES (3, 924);
INSERT INTO `address` (`INFORMATION`, `STREET`, `CITY_ID`) VALUES ('1. tv', 'Kronhjortevej', 496);
INSERT INTO `person` (`ID`, `EMAIL`, `FIRSTNAME`, `LASTNAME`, `ADDRESS_ID`) VALUES (925,'Mikkel@yahoo.dk', 'Mikkel', 'Filipsen', 925);
INSERT INTO `phone` (`DESCRIPTION`, `NUMBER`, `OWNER_ID`) VALUES ('work', '84641051', 925);
INSERT INTO `hobby_person` (`hobbies_ID`, `persons_ID`) VALUES (2, 925);
INSERT INTO `address` (`INFORMATION`, `STREET`, `CITY_ID`) VALUES ('2. tv', 'Østgaardsvej', 914);
INSERT INTO `person` (`ID`, `EMAIL`, `FIRSTNAME`, `LASTNAME`, `ADDRESS_ID`) VALUES (926,'Simon@gmail.dk', 'Simon', 'Filipovic', 926);
INSERT INTO `phone` (`DESCRIPTION`, `NUMBER`, `OWNER_ID`) VALUES ('home', '15871384', 926);
INSERT INTO `hobby_person` (`hobbies_ID`, `persons_ID`) VALUES (2, 926);
INSERT INTO `address` (`INFORMATION`, `STREET`, `CITY_ID`) VALUES ('2. tv', 'Østgaardsvej', 50);
INSERT INTO `person` (`ID`, `EMAIL`, `FIRSTNAME`, `LASTNAME`, `ADDRESS_ID`) VALUES (927,'Jonas@protonmail.dk', 'Jonas', 'Behrendt', 927);
INSERT INTO `phone` (`DESCRIPTION`, `NUMBER`, `OWNER_ID`) VALUES ('mobile', '14214952', 927);
INSERT INTO `hobby_person` (`hobbies_ID`, `persons_ID`) VALUES (3, 927);
INSERT INTO `address` (`INFORMATION`, `STREET`, `CITY_ID`) VALUES ('stuen', 'Østgaardsvej', 837);
INSERT INTO `person` (`ID`, `EMAIL`, `FIRSTNAME`, `LASTNAME`, `ADDRESS_ID`) VALUES (928,'Kristian@hotmail.dk', 'Kristian', 'Stevensen', 928);
INSERT INTO `phone` (`DESCRIPTION`, `NUMBER`, `OWNER_ID`) VALUES ('mobile', '58687506', 928);
INSERT INTO `hobby_person` (`hobbies_ID`, `persons_ID`) VALUES (3, 928);
INSERT INTO `address` (`INFORMATION`, `STREET`, `CITY_ID`) VALUES ('2. th', 'Østgaardsvej', 390);
INSERT INTO `person` (`ID`, `EMAIL`, `FIRSTNAME`, `LASTNAME`, `ADDRESS_ID`) VALUES (929,'Ida@outlook.dk', 'Ida', 'Alexandersen', 929);
INSERT INTO `phone` (`DESCRIPTION`, `NUMBER`, `OWNER_ID`) VALUES ('work', '73528097', 929);
INSERT INTO `hobby_person` (`hobbies_ID`, `persons_ID`) VALUES (2, 929);
INSERT INTO `address` (`INFORMATION`, `STREET`, `CITY_ID`) VALUES ('1. tv', 'Milanovicvej', 774);
INSERT INTO `person` (`ID`, `EMAIL`, `FIRSTNAME`, `LASTNAME`, `ADDRESS_ID`) VALUES (930,'Kirsten@yahoo.com', 'Kirsten', 'Christoffersen', 930);
INSERT INTO `phone` (`DESCRIPTION`, `NUMBER`, `OWNER_ID`) VALUES ('work', '37843524', 930);
INSERT INTO `hobby_person` (`hobbies_ID`, `persons_ID`) VALUES (2, 930);
INSERT INTO `address` (`INFORMATION`, `STREET`, `CITY_ID`) VALUES ('2. th', 'Kullevej', 1151);
INSERT INTO `person` (`ID`, `EMAIL`, `FIRSTNAME`, `LASTNAME`, `ADDRESS_ID`) VALUES (931,'Kasper@zoho.com', 'Kasper', 'Kristiansen', 931);
INSERT INTO `phone` (`DESCRIPTION`, `NUMBER`, `OWNER_ID`) VALUES ('mobile', '65964742', 931);
INSERT INTO `hobby_person` (`hobbies_ID`, `persons_ID`) VALUES (1, 931);
INSERT INTO `address` (`INFORMATION`, `STREET`, `CITY_ID`) VALUES ('2. tv', 'Milanovicvej', 465);
INSERT INTO `person` (`ID`, `EMAIL`, `FIRSTNAME`, `LASTNAME`, `ADDRESS_ID`) VALUES (932,'Kirsten@protonmail.dk', 'Kirsten', 'Filipsen', 932);
INSERT INTO `phone` (`DESCRIPTION`, `NUMBER`, `OWNER_ID`) VALUES ('mobile', '77538611', 932);
INSERT INTO `hobby_person` (`hobbies_ID`, `persons_ID`) VALUES (3, 932);
INSERT INTO `address` (`INFORMATION`, `STREET`, `CITY_ID`) VALUES ('2. th', 'Østgaardsvej', 913);
INSERT INTO `person` (`ID`, `EMAIL`, `FIRSTNAME`, `LASTNAME`, `ADDRESS_ID`) VALUES (933,'Kim@hotmail.com', 'Kim', 'Behrendt', 933);
INSERT INTO `phone` (`DESCRIPTION`, `NUMBER`, `OWNER_ID`) VALUES ('mobile', '33160158', 933);
INSERT INTO `hobby_person` (`hobbies_ID`, `persons_ID`) VALUES (4, 933);
INSERT INTO `address` (`INFORMATION`, `STREET`, `CITY_ID`) VALUES ('stuen', 'Kullevej', 1234);
INSERT INTO `person` (`ID`, `EMAIL`, `FIRSTNAME`, `LASTNAME`, `ADDRESS_ID`) VALUES (934,'Alexa@protonmail.com', 'Alexa', 'Jonassen', 934);
INSERT INTO `phone` (`DESCRIPTION`, `NUMBER`, `OWNER_ID`) VALUES ('work', '44469093', 934);
INSERT INTO `hobby_person` (`hobbies_ID`, `persons_ID`) VALUES (1, 934);
INSERT INTO `address` (`INFORMATION`, `STREET`, `CITY_ID`) VALUES ('1. th', 'Milanovicvej', 910);
INSERT INTO `person` (`ID`, `EMAIL`, `FIRSTNAME`, `LASTNAME`, `ADDRESS_ID`) VALUES (935,'Kirsten@zoho.com', 'Kirsten', 'Kristiansen', 935);
INSERT INTO `phone` (`DESCRIPTION`, `NUMBER`, `OWNER_ID`) VALUES ('home', '76004696', 935);
INSERT INTO `hobby_person` (`hobbies_ID`, `persons_ID`) VALUES (4, 935);
INSERT INTO `address` (`INFORMATION`, `STREET`, `CITY_ID`) VALUES ('1. tv', 'Ryllevej', 23);
INSERT INTO `person` (`ID`, `EMAIL`, `FIRSTNAME`, `LASTNAME`, `ADDRESS_ID`) VALUES (936,'Alexander@yahoo.eu', 'Alexander', 'Christoffersen', 936);
INSERT INTO `phone` (`DESCRIPTION`, `NUMBER`, `OWNER_ID`) VALUES ('home', '62997867', 936);
INSERT INTO `hobby_person` (`hobbies_ID`, `persons_ID`) VALUES (5, 936);
INSERT INTO `address` (`INFORMATION`, `STREET`, `CITY_ID`) VALUES ('stuen', 'Østgaardsvej', 1340);
INSERT INTO `person` (`ID`, `EMAIL`, `FIRSTNAME`, `LASTNAME`, `ADDRESS_ID`) VALUES (937,'Rune@yahoo.com', 'Rune', 'Jonassen', 937);
INSERT INTO `phone` (`DESCRIPTION`, `NUMBER`, `OWNER_ID`) VALUES ('home', '4807726', 937);
INSERT INTO `hobby_person` (`hobbies_ID`, `persons_ID`) VALUES (4, 937);
INSERT INTO `address` (`INFORMATION`, `STREET`, `CITY_ID`) VALUES ('stuen', 'Møllevangen', 1246);
INSERT INTO `person` (`ID`, `EMAIL`, `FIRSTNAME`, `LASTNAME`, `ADDRESS_ID`) VALUES (938,'Mia@hotmail.dk', 'Mia', 'Christoffersen', 938);
INSERT INTO `phone` (`DESCRIPTION`, `NUMBER`, `OWNER_ID`) VALUES ('mobile', '9509347', 938);
INSERT INTO `hobby_person` (`hobbies_ID`, `persons_ID`) VALUES (4, 938);
INSERT INTO `address` (`INFORMATION`, `STREET`, `CITY_ID`) VALUES ('stuen', 'Østgaardsvej', 116);
INSERT INTO `person` (`ID`, `EMAIL`, `FIRSTNAME`, `LASTNAME`, `ADDRESS_ID`) VALUES (939,'Kristian@yahoo.com', 'Kristian', 'Kristiansen', 939);
INSERT INTO `phone` (`DESCRIPTION`, `NUMBER`, `OWNER_ID`) VALUES ('mobile', '10379236', 939);
INSERT INTO `hobby_person` (`hobbies_ID`, `persons_ID`) VALUES (3, 939);
INSERT INTO `address` (`INFORMATION`, `STREET`, `CITY_ID`) VALUES ('1. tv', 'Kronhjortevej', 1078);
INSERT INTO `person` (`ID`, `EMAIL`, `FIRSTNAME`, `LASTNAME`, `ADDRESS_ID`) VALUES (940,'Jonas@gmail.eu', 'Jonas', 'Vestergaard', 940);
INSERT INTO `phone` (`DESCRIPTION`, `NUMBER`, `OWNER_ID`) VALUES ('home', '7128225', 940);
INSERT INTO `hobby_person` (`hobbies_ID`, `persons_ID`) VALUES (2, 940);
INSERT INTO `address` (`INFORMATION`, `STREET`, `CITY_ID`) VALUES ('2. th', 'Østgaardsvej', 574);
INSERT INTO `person` (`ID`, `EMAIL`, `FIRSTNAME`, `LASTNAME`, `ADDRESS_ID`) VALUES (941,'Solveig@protonmail.dk', 'Solveig', 'Mikkelsen', 941);
INSERT INTO `phone` (`DESCRIPTION`, `NUMBER`, `OWNER_ID`) VALUES ('mobile', '55550795', 941);
INSERT INTO `hobby_person` (`hobbies_ID`, `persons_ID`) VALUES (5, 941);
INSERT INTO `address` (`INFORMATION`, `STREET`, `CITY_ID`) VALUES ('1. th', 'Kullevej', 770);
INSERT INTO `person` (`ID`, `EMAIL`, `FIRSTNAME`, `LASTNAME`, `ADDRESS_ID`) VALUES (942,'Kim@yahoo.dk', 'Kim', 'Kaspersen', 942);
INSERT INTO `phone` (`DESCRIPTION`, `NUMBER`, `OWNER_ID`) VALUES ('work', '55259200', 942);
INSERT INTO `hobby_person` (`hobbies_ID`, `persons_ID`) VALUES (2, 942);
INSERT INTO `address` (`INFORMATION`, `STREET`, `CITY_ID`) VALUES ('1. tv', 'Milanovicvej', 1194);
INSERT INTO `person` (`ID`, `EMAIL`, `FIRSTNAME`, `LASTNAME`, `ADDRESS_ID`) VALUES (943,'Ida@zoho.com', 'Ida', 'Alexandersen', 943);
INSERT INTO `phone` (`DESCRIPTION`, `NUMBER`, `OWNER_ID`) VALUES ('home', '39047857', 943);
INSERT INTO `hobby_person` (`hobbies_ID`, `persons_ID`) VALUES (1, 943);
INSERT INTO `address` (`INFORMATION`, `STREET`, `CITY_ID`) VALUES ('stuen', 'Østgaardsvej', 833);
INSERT INTO `person` (`ID`, `EMAIL`, `FIRSTNAME`, `LASTNAME`, `ADDRESS_ID`) VALUES (944,'Kim@outlook.com', 'Kim', 'Alexandersen', 944);
INSERT INTO `phone` (`DESCRIPTION`, `NUMBER`, `OWNER_ID`) VALUES ('mobile', '90056323', 944);
INSERT INTO `hobby_person` (`hobbies_ID`, `persons_ID`) VALUES (5, 944);
INSERT INTO `address` (`INFORMATION`, `STREET`, `CITY_ID`) VALUES ('1. tv', 'Ryllevej', 888);
INSERT INTO `person` (`ID`, `EMAIL`, `FIRSTNAME`, `LASTNAME`, `ADDRESS_ID`) VALUES (945,'Kasper@outlook.com', 'Kasper', 'Christoffersen', 945);
INSERT INTO `phone` (`DESCRIPTION`, `NUMBER`, `OWNER_ID`) VALUES ('home', '71927460', 945);
INSERT INTO `hobby_person` (`hobbies_ID`, `persons_ID`) VALUES (3, 945);
INSERT INTO `address` (`INFORMATION`, `STREET`, `CITY_ID`) VALUES ('1. th', 'Østgaardsvej', 610);
INSERT INTO `person` (`ID`, `EMAIL`, `FIRSTNAME`, `LASTNAME`, `ADDRESS_ID`) VALUES (946,'Solveig@outlook.dk', 'Solveig', 'Vestergaard', 946);
INSERT INTO `phone` (`DESCRIPTION`, `NUMBER`, `OWNER_ID`) VALUES ('work', '602529', 946);
INSERT INTO `hobby_person` (`hobbies_ID`, `persons_ID`) VALUES (3, 946);
INSERT INTO `address` (`INFORMATION`, `STREET`, `CITY_ID`) VALUES ('1. tv', 'Kullevej', 915);
INSERT INTO `person` (`ID`, `EMAIL`, `FIRSTNAME`, `LASTNAME`, `ADDRESS_ID`) VALUES (947,'Alexander@outlook.eu', 'Alexander', 'Runesen', 947);
INSERT INTO `phone` (`DESCRIPTION`, `NUMBER`, `OWNER_ID`) VALUES ('mobile', '10211402', 947);
INSERT INTO `hobby_person` (`hobbies_ID`, `persons_ID`) VALUES (5, 947);
INSERT INTO `address` (`INFORMATION`, `STREET`, `CITY_ID`) VALUES ('1. th', 'Møllevangen', 828);
INSERT INTO `person` (`ID`, `EMAIL`, `FIRSTNAME`, `LASTNAME`, `ADDRESS_ID`) VALUES (948,'Jonas@outlook.dk', 'Jonas', 'Mikkelsen', 948);
INSERT INTO `phone` (`DESCRIPTION`, `NUMBER`, `OWNER_ID`) VALUES ('mobile', '99964287', 948);
INSERT INTO `hobby_person` (`hobbies_ID`, `persons_ID`) VALUES (5, 948);
INSERT INTO `address` (`INFORMATION`, `STREET`, `CITY_ID`) VALUES ('2. tv', 'Østgaardsvej', 225);
INSERT INTO `person` (`ID`, `EMAIL`, `FIRSTNAME`, `LASTNAME`, `ADDRESS_ID`) VALUES (949,'Kristian@outlook.eu', 'Kristian', 'Thomassen', 949);
INSERT INTO `phone` (`DESCRIPTION`, `NUMBER`, `OWNER_ID`) VALUES ('work', '52154537', 949);
INSERT INTO `hobby_person` (`hobbies_ID`, `persons_ID`) VALUES (5, 949);
INSERT INTO `address` (`INFORMATION`, `STREET`, `CITY_ID`) VALUES ('2. th', 'Kullevej', 999);
INSERT INTO `person` (`ID`, `EMAIL`, `FIRSTNAME`, `LASTNAME`, `ADDRESS_ID`) VALUES (950,'Christoffer@zoho.dk', 'Christoffer', 'Stevensen', 950);
INSERT INTO `phone` (`DESCRIPTION`, `NUMBER`, `OWNER_ID`) VALUES ('work', '41115092', 950);
INSERT INTO `hobby_person` (`hobbies_ID`, `persons_ID`) VALUES (1, 950);
INSERT INTO `address` (`INFORMATION`, `STREET`, `CITY_ID`) VALUES ('1. th', 'Møllevangen', 1042);
INSERT INTO `person` (`ID`, `EMAIL`, `FIRSTNAME`, `LASTNAME`, `ADDRESS_ID`) VALUES (951,'Steven@hotmail.dk', 'Steven', 'Filipsen', 951);
INSERT INTO `phone` (`DESCRIPTION`, `NUMBER`, `OWNER_ID`) VALUES ('home', '61048806', 951);
INSERT INTO `hobby_person` (`hobbies_ID`, `persons_ID`) VALUES (2, 951);
INSERT INTO `address` (`INFORMATION`, `STREET`, `CITY_ID`) VALUES ('1. tv', 'Milanovicvej', 529);
INSERT INTO `person` (`ID`, `EMAIL`, `FIRSTNAME`, `LASTNAME`, `ADDRESS_ID`) VALUES (952,'Kim@hotmail.eu', 'Kim', 'Jonassen', 952);
INSERT INTO `phone` (`DESCRIPTION`, `NUMBER`, `OWNER_ID`) VALUES ('work', '92152892', 952);
INSERT INTO `hobby_person` (`hobbies_ID`, `persons_ID`) VALUES (2, 952);
INSERT INTO `address` (`INFORMATION`, `STREET`, `CITY_ID`) VALUES ('1. tv', 'Kronhjortevej', 976);
INSERT INTO `person` (`ID`, `EMAIL`, `FIRSTNAME`, `LASTNAME`, `ADDRESS_ID`) VALUES (953,'Mia@outlook.com', 'Mia', 'Simonsen', 953);
INSERT INTO `phone` (`DESCRIPTION`, `NUMBER`, `OWNER_ID`) VALUES ('mobile', '95854139', 953);
INSERT INTO `hobby_person` (`hobbies_ID`, `persons_ID`) VALUES (5, 953);
INSERT INTO `address` (`INFORMATION`, `STREET`, `CITY_ID`) VALUES ('1. tv', 'Ryllevej', 793);
INSERT INTO `person` (`ID`, `EMAIL`, `FIRSTNAME`, `LASTNAME`, `ADDRESS_ID`) VALUES (954,'Simon@outlook.dk', 'Simon', 'Jonassen', 954);
INSERT INTO `phone` (`DESCRIPTION`, `NUMBER`, `OWNER_ID`) VALUES ('work', '34066651', 954);
INSERT INTO `hobby_person` (`hobbies_ID`, `persons_ID`) VALUES (3, 954);
INSERT INTO `address` (`INFORMATION`, `STREET`, `CITY_ID`) VALUES ('2. tv', 'Kullevej', 201);
INSERT INTO `person` (`ID`, `EMAIL`, `FIRSTNAME`, `LASTNAME`, `ADDRESS_ID`) VALUES (955,'Rune@zoho.dk', 'Rune', 'Bobsen', 955);
INSERT INTO `phone` (`DESCRIPTION`, `NUMBER`, `OWNER_ID`) VALUES ('work', '7104185', 955);
INSERT INTO `hobby_person` (`hobbies_ID`, `persons_ID`) VALUES (5, 955);
INSERT INTO `address` (`INFORMATION`, `STREET`, `CITY_ID`) VALUES ('1. th', 'Ryllevej', 10);
INSERT INTO `person` (`ID`, `EMAIL`, `FIRSTNAME`, `LASTNAME`, `ADDRESS_ID`) VALUES (956,'Solveig@protonmail.com', 'Solveig', 'Jonassen', 956);
INSERT INTO `phone` (`DESCRIPTION`, `NUMBER`, `OWNER_ID`) VALUES ('mobile', '27250406', 956);
INSERT INTO `hobby_person` (`hobbies_ID`, `persons_ID`) VALUES (3, 956);
INSERT INTO `address` (`INFORMATION`, `STREET`, `CITY_ID`) VALUES ('2. th', 'Milanovicvej', 19);
INSERT INTO `person` (`ID`, `EMAIL`, `FIRSTNAME`, `LASTNAME`, `ADDRESS_ID`) VALUES (957,'Kirsten@hotmail.eu', 'Kirsten', 'Kristiansen', 957);
INSERT INTO `phone` (`DESCRIPTION`, `NUMBER`, `OWNER_ID`) VALUES ('mobile', '65633221', 957);
INSERT INTO `hobby_person` (`hobbies_ID`, `persons_ID`) VALUES (4, 957);
INSERT INTO `address` (`INFORMATION`, `STREET`, `CITY_ID`) VALUES ('2. th', 'Østgaardsvej', 753);
INSERT INTO `person` (`ID`, `EMAIL`, `FIRSTNAME`, `LASTNAME`, `ADDRESS_ID`) VALUES (958,'Solveig@hotmail.com', 'Solveig', 'Runesen', 958);
INSERT INTO `phone` (`DESCRIPTION`, `NUMBER`, `OWNER_ID`) VALUES ('work', '38305563', 958);
INSERT INTO `hobby_person` (`hobbies_ID`, `persons_ID`) VALUES (4, 958);
INSERT INTO `address` (`INFORMATION`, `STREET`, `CITY_ID`) VALUES ('1. tv', 'Østgaardsvej', 998);
INSERT INTO `person` (`ID`, `EMAIL`, `FIRSTNAME`, `LASTNAME`, `ADDRESS_ID`) VALUES (959,'Kristian@outlook.eu', 'Kristian', 'Kristiansen', 959);
INSERT INTO `phone` (`DESCRIPTION`, `NUMBER`, `OWNER_ID`) VALUES ('home', '23040743', 959);
INSERT INTO `hobby_person` (`hobbies_ID`, `persons_ID`) VALUES (1, 959);
INSERT INTO `address` (`INFORMATION`, `STREET`, `CITY_ID`) VALUES ('1. th', 'Østgaardsvej', 301);
INSERT INTO `person` (`ID`, `EMAIL`, `FIRSTNAME`, `LASTNAME`, `ADDRESS_ID`) VALUES (960,'Mikkel@hotmail.com', 'Mikkel', 'Thomassen', 960);
INSERT INTO `phone` (`DESCRIPTION`, `NUMBER`, `OWNER_ID`) VALUES ('home', '11682651', 960);
INSERT INTO `hobby_person` (`hobbies_ID`, `persons_ID`) VALUES (2, 960);
INSERT INTO `address` (`INFORMATION`, `STREET`, `CITY_ID`) VALUES ('2. tv', 'Møllevangen', 573);
INSERT INTO `person` (`ID`, `EMAIL`, `FIRSTNAME`, `LASTNAME`, `ADDRESS_ID`) VALUES (961,'Kristian@protonmail.dk', 'Kristian', 'Behrendt', 961);
INSERT INTO `phone` (`DESCRIPTION`, `NUMBER`, `OWNER_ID`) VALUES ('work', '67630823', 961);
INSERT INTO `hobby_person` (`hobbies_ID`, `persons_ID`) VALUES (1, 961);
INSERT INTO `address` (`INFORMATION`, `STREET`, `CITY_ID`) VALUES ('2. tv', 'Milanovicvej', 802);
INSERT INTO `person` (`ID`, `EMAIL`, `FIRSTNAME`, `LASTNAME`, `ADDRESS_ID`) VALUES (962,'Isabella@outlook.com', 'Isabella', 'Behrendt', 962);
INSERT INTO `phone` (`DESCRIPTION`, `NUMBER`, `OWNER_ID`) VALUES ('work', '61561929', 962);
INSERT INTO `hobby_person` (`hobbies_ID`, `persons_ID`) VALUES (1, 962);
INSERT INTO `address` (`INFORMATION`, `STREET`, `CITY_ID`) VALUES ('1. th', 'Ryllevej', 184);
INSERT INTO `person` (`ID`, `EMAIL`, `FIRSTNAME`, `LASTNAME`, `ADDRESS_ID`) VALUES (963,'Steven@protonmail.com', 'Steven', 'Jonassen', 963);
INSERT INTO `phone` (`DESCRIPTION`, `NUMBER`, `OWNER_ID`) VALUES ('work', '86264152', 963);
INSERT INTO `hobby_person` (`hobbies_ID`, `persons_ID`) VALUES (2, 963);
INSERT INTO `address` (`INFORMATION`, `STREET`, `CITY_ID`) VALUES ('stuen', 'Milanovicvej', 946);
INSERT INTO `person` (`ID`, `EMAIL`, `FIRSTNAME`, `LASTNAME`, `ADDRESS_ID`) VALUES (964,'Bob@zoho.com', 'Bob', 'Vestergaard', 964);
INSERT INTO `phone` (`DESCRIPTION`, `NUMBER`, `OWNER_ID`) VALUES ('mobile', '87228240', 964);
INSERT INTO `hobby_person` (`hobbies_ID`, `persons_ID`) VALUES (3, 964);
INSERT INTO `address` (`INFORMATION`, `STREET`, `CITY_ID`) VALUES ('1. th', 'Kronhjortevej', 353);
INSERT INTO `person` (`ID`, `EMAIL`, `FIRSTNAME`, `LASTNAME`, `ADDRESS_ID`) VALUES (965,'Simon@outlook.dk', 'Simon', 'Stevensen', 965);
INSERT INTO `phone` (`DESCRIPTION`, `NUMBER`, `OWNER_ID`) VALUES ('work', '79878264', 965);
INSERT INTO `hobby_person` (`hobbies_ID`, `persons_ID`) VALUES (1, 965);
INSERT INTO `address` (`INFORMATION`, `STREET`, `CITY_ID`) VALUES ('stuen', 'Møllevangen', 1063);
INSERT INTO `person` (`ID`, `EMAIL`, `FIRSTNAME`, `LASTNAME`, `ADDRESS_ID`) VALUES (966,'Filip@outlook.eu', 'Filip', 'Behrendt', 966);
INSERT INTO `phone` (`DESCRIPTION`, `NUMBER`, `OWNER_ID`) VALUES ('work', '82578057', 966);
INSERT INTO `hobby_person` (`hobbies_ID`, `persons_ID`) VALUES (2, 966);
INSERT INTO `address` (`INFORMATION`, `STREET`, `CITY_ID`) VALUES ('1. tv', 'Møllevangen', 16);
INSERT INTO `person` (`ID`, `EMAIL`, `FIRSTNAME`, `LASTNAME`, `ADDRESS_ID`) VALUES (967,'Christoffer@outlook.com', 'Christoffer', 'Bobsen', 967);
INSERT INTO `phone` (`DESCRIPTION`, `NUMBER`, `OWNER_ID`) VALUES ('home', '15469000', 967);
INSERT INTO `hobby_person` (`hobbies_ID`, `persons_ID`) VALUES (1, 967);
INSERT INTO `address` (`INFORMATION`, `STREET`, `CITY_ID`) VALUES ('2. tv', 'Ryllevej', 473);
INSERT INTO `person` (`ID`, `EMAIL`, `FIRSTNAME`, `LASTNAME`, `ADDRESS_ID`) VALUES (968,'Maria@hotmail.com', 'Maria', 'Stevensen', 968);
INSERT INTO `phone` (`DESCRIPTION`, `NUMBER`, `OWNER_ID`) VALUES ('work', '42196918', 968);
INSERT INTO `hobby_person` (`hobbies_ID`, `persons_ID`) VALUES (2, 968);
INSERT INTO `address` (`INFORMATION`, `STREET`, `CITY_ID`) VALUES ('stuen', 'Ryllevej', 605);
INSERT INTO `person` (`ID`, `EMAIL`, `FIRSTNAME`, `LASTNAME`, `ADDRESS_ID`) VALUES (969,'Kristian@outlook.com', 'Kristian', 'Behrendt', 969);
INSERT INTO `phone` (`DESCRIPTION`, `NUMBER`, `OWNER_ID`) VALUES ('home', '13108005', 969);
INSERT INTO `hobby_person` (`hobbies_ID`, `persons_ID`) VALUES (2, 969);
INSERT INTO `address` (`INFORMATION`, `STREET`, `CITY_ID`) VALUES ('stuen', 'Kullevej', 432);
INSERT INTO `person` (`ID`, `EMAIL`, `FIRSTNAME`, `LASTNAME`, `ADDRESS_ID`) VALUES (970,'Steven@outlook.eu', 'Steven', 'Bobsen', 970);
INSERT INTO `phone` (`DESCRIPTION`, `NUMBER`, `OWNER_ID`) VALUES ('mobile', '81142949', 970);
INSERT INTO `hobby_person` (`hobbies_ID`, `persons_ID`) VALUES (5, 970);
INSERT INTO `address` (`INFORMATION`, `STREET`, `CITY_ID`) VALUES ('1. tv', 'Østgaardsvej', 1145);
INSERT INTO `person` (`ID`, `EMAIL`, `FIRSTNAME`, `LASTNAME`, `ADDRESS_ID`) VALUES (971,'Kristian@protonmail.dk', 'Kristian', 'Simonsen', 971);
INSERT INTO `phone` (`DESCRIPTION`, `NUMBER`, `OWNER_ID`) VALUES ('mobile', '92606076', 971);
INSERT INTO `hobby_person` (`hobbies_ID`, `persons_ID`) VALUES (1, 971);
INSERT INTO `address` (`INFORMATION`, `STREET`, `CITY_ID`) VALUES ('2. tv', 'Hjortekærsvej', 1230);
INSERT INTO `person` (`ID`, `EMAIL`, `FIRSTNAME`, `LASTNAME`, `ADDRESS_ID`) VALUES (972,'Mia@gmail.dk', 'Mia', 'Behrendt', 972);
INSERT INTO `phone` (`DESCRIPTION`, `NUMBER`, `OWNER_ID`) VALUES ('home', '96224668', 972);
INSERT INTO `hobby_person` (`hobbies_ID`, `persons_ID`) VALUES (1, 972);
INSERT INTO `address` (`INFORMATION`, `STREET`, `CITY_ID`) VALUES ('stuen', 'Møllevangen', 1345);
INSERT INTO `person` (`ID`, `EMAIL`, `FIRSTNAME`, `LASTNAME`, `ADDRESS_ID`) VALUES (973,'Jonas@yahoo.com', 'Jonas', 'Mikkelsen', 973);
INSERT INTO `phone` (`DESCRIPTION`, `NUMBER`, `OWNER_ID`) VALUES ('home', '82051160', 973);
INSERT INTO `hobby_person` (`hobbies_ID`, `persons_ID`) VALUES (4, 973);
INSERT INTO `address` (`INFORMATION`, `STREET`, `CITY_ID`) VALUES ('1. th', 'Milanovicvej', 901);
INSERT INTO `person` (`ID`, `EMAIL`, `FIRSTNAME`, `LASTNAME`, `ADDRESS_ID`) VALUES (974,'Simon@hotmail.eu', 'Simon', 'Mikkelsen', 974);
INSERT INTO `phone` (`DESCRIPTION`, `NUMBER`, `OWNER_ID`) VALUES ('work', '4570480', 974);
INSERT INTO `hobby_person` (`hobbies_ID`, `persons_ID`) VALUES (1, 974);
INSERT INTO `address` (`INFORMATION`, `STREET`, `CITY_ID`) VALUES ('1. tv', 'Østgaardsvej', 192);
INSERT INTO `person` (`ID`, `EMAIL`, `FIRSTNAME`, `LASTNAME`, `ADDRESS_ID`) VALUES (975,'Rune@outlook.dk', 'Rune', 'Jonassen', 975);
INSERT INTO `phone` (`DESCRIPTION`, `NUMBER`, `OWNER_ID`) VALUES ('work', '70261245', 975);
INSERT INTO `hobby_person` (`hobbies_ID`, `persons_ID`) VALUES (1, 975);
INSERT INTO `address` (`INFORMATION`, `STREET`, `CITY_ID`) VALUES ('stuen', 'Østgaardsvej', 152);
INSERT INTO `person` (`ID`, `EMAIL`, `FIRSTNAME`, `LASTNAME`, `ADDRESS_ID`) VALUES (976,'Kristian@hotmail.eu', 'Kristian', 'Kaspersen', 976);
INSERT INTO `phone` (`DESCRIPTION`, `NUMBER`, `OWNER_ID`) VALUES ('home', '40832158', 976);
INSERT INTO `hobby_person` (`hobbies_ID`, `persons_ID`) VALUES (2, 976);
INSERT INTO `address` (`INFORMATION`, `STREET`, `CITY_ID`) VALUES ('2. tv', 'Milanovicvej', 384);
INSERT INTO `person` (`ID`, `EMAIL`, `FIRSTNAME`, `LASTNAME`, `ADDRESS_ID`) VALUES (977,'Mikkel@gmail.eu', 'Mikkel', 'Filipsen', 977);
INSERT INTO `phone` (`DESCRIPTION`, `NUMBER`, `OWNER_ID`) VALUES ('work', '20003017', 977);
INSERT INTO `hobby_person` (`hobbies_ID`, `persons_ID`) VALUES (1, 977);
INSERT INTO `address` (`INFORMATION`, `STREET`, `CITY_ID`) VALUES ('2. th', 'Milanovicvej', 464);
INSERT INTO `person` (`ID`, `EMAIL`, `FIRSTNAME`, `LASTNAME`, `ADDRESS_ID`) VALUES (978,'Alexa@gmail.eu', 'Alexa', 'Jonassen', 978);
INSERT INTO `phone` (`DESCRIPTION`, `NUMBER`, `OWNER_ID`) VALUES ('mobile', '50603199', 978);
INSERT INTO `hobby_person` (`hobbies_ID`, `persons_ID`) VALUES (4, 978);
INSERT INTO `address` (`INFORMATION`, `STREET`, `CITY_ID`) VALUES ('1. tv', 'Kullevej', 339);
INSERT INTO `person` (`ID`, `EMAIL`, `FIRSTNAME`, `LASTNAME`, `ADDRESS_ID`) VALUES (979,'Maria@yahoo.com', 'Maria', 'Kristiansen', 979);
INSERT INTO `phone` (`DESCRIPTION`, `NUMBER`, `OWNER_ID`) VALUES ('home', '54115447', 979);
INSERT INTO `hobby_person` (`hobbies_ID`, `persons_ID`) VALUES (5, 979);
INSERT INTO `address` (`INFORMATION`, `STREET`, `CITY_ID`) VALUES ('2. tv', 'Hjortekærsvej', 494);
INSERT INTO `person` (`ID`, `EMAIL`, `FIRSTNAME`, `LASTNAME`, `ADDRESS_ID`) VALUES (980,'Rune@zoho.dk', 'Rune', 'Filipovic', 980);
INSERT INTO `phone` (`DESCRIPTION`, `NUMBER`, `OWNER_ID`) VALUES ('work', '33950039', 980);
INSERT INTO `hobby_person` (`hobbies_ID`, `persons_ID`) VALUES (2, 980);
INSERT INTO `address` (`INFORMATION`, `STREET`, `CITY_ID`) VALUES ('stuen', 'Ryllevej', 281);
INSERT INTO `person` (`ID`, `EMAIL`, `FIRSTNAME`, `LASTNAME`, `ADDRESS_ID`) VALUES (981,'Alexa@yahoo.eu', 'Alexa', 'Alexandersen', 981);
INSERT INTO `phone` (`DESCRIPTION`, `NUMBER`, `OWNER_ID`) VALUES ('work', '67929259', 981);
INSERT INTO `hobby_person` (`hobbies_ID`, `persons_ID`) VALUES (3, 981);
INSERT INTO `address` (`INFORMATION`, `STREET`, `CITY_ID`) VALUES ('1. tv', 'Kronhjortevej', 663);
INSERT INTO `person` (`ID`, `EMAIL`, `FIRSTNAME`, `LASTNAME`, `ADDRESS_ID`) VALUES (982,'Rune@yahoo.eu', 'Rune', 'Filipsen', 982);
INSERT INTO `phone` (`DESCRIPTION`, `NUMBER`, `OWNER_ID`) VALUES ('mobile', '98070804', 982);
INSERT INTO `hobby_person` (`hobbies_ID`, `persons_ID`) VALUES (5, 982);
INSERT INTO `address` (`INFORMATION`, `STREET`, `CITY_ID`) VALUES ('1. tv', 'Kronhjortevej', 354);
INSERT INTO `person` (`ID`, `EMAIL`, `FIRSTNAME`, `LASTNAME`, `ADDRESS_ID`) VALUES (983,'Solveig@protonmail.eu', 'Solveig', 'Stevensen', 983);
INSERT INTO `phone` (`DESCRIPTION`, `NUMBER`, `OWNER_ID`) VALUES ('work', '21026822', 983);
INSERT INTO `hobby_person` (`hobbies_ID`, `persons_ID`) VALUES (2, 983);
INSERT INTO `address` (`INFORMATION`, `STREET`, `CITY_ID`) VALUES ('2. th', 'Ryllevej', 1305);
INSERT INTO `person` (`ID`, `EMAIL`, `FIRSTNAME`, `LASTNAME`, `ADDRESS_ID`) VALUES (984,'Kristian@protonmail.com', 'Kristian', 'Thomassen', 984);
INSERT INTO `phone` (`DESCRIPTION`, `NUMBER`, `OWNER_ID`) VALUES ('home', '7115076', 984);
INSERT INTO `hobby_person` (`hobbies_ID`, `persons_ID`) VALUES (4, 984);
INSERT INTO `address` (`INFORMATION`, `STREET`, `CITY_ID`) VALUES ('2. tv', 'Hjortekærsvej', 1219);
INSERT INTO `person` (`ID`, `EMAIL`, `FIRSTNAME`, `LASTNAME`, `ADDRESS_ID`) VALUES (985,'Mia@zoho.com', 'Mia', 'Christoffersen', 985);
INSERT INTO `phone` (`DESCRIPTION`, `NUMBER`, `OWNER_ID`) VALUES ('home', '39088232', 985);
INSERT INTO `hobby_person` (`hobbies_ID`, `persons_ID`) VALUES (5, 985);
INSERT INTO `address` (`INFORMATION`, `STREET`, `CITY_ID`) VALUES ('2. tv', 'Østgaardsvej', 776);
INSERT INTO `person` (`ID`, `EMAIL`, `FIRSTNAME`, `LASTNAME`, `ADDRESS_ID`) VALUES (986,'Maria@protonmail.eu', 'Maria', 'Christoffersen', 986);
INSERT INTO `phone` (`DESCRIPTION`, `NUMBER`, `OWNER_ID`) VALUES ('home', '47466631', 986);
INSERT INTO `hobby_person` (`hobbies_ID`, `persons_ID`) VALUES (1, 986);
INSERT INTO `address` (`INFORMATION`, `STREET`, `CITY_ID`) VALUES ('1. th', 'Ryllevej', 471);
INSERT INTO `person` (`ID`, `EMAIL`, `FIRSTNAME`, `LASTNAME`, `ADDRESS_ID`) VALUES (987,'Rune@yahoo.eu', 'Rune', 'Mikkelsen', 987);
INSERT INTO `phone` (`DESCRIPTION`, `NUMBER`, `OWNER_ID`) VALUES ('home', '53366873', 987);
INSERT INTO `hobby_person` (`hobbies_ID`, `persons_ID`) VALUES (4, 987);
INSERT INTO `address` (`INFORMATION`, `STREET`, `CITY_ID`) VALUES ('1. tv', 'Østgaardsvej', 617);
INSERT INTO `person` (`ID`, `EMAIL`, `FIRSTNAME`, `LASTNAME`, `ADDRESS_ID`) VALUES (988,'Kristian@zoho.com', 'Kristian', 'Thomassen', 988);
INSERT INTO `phone` (`DESCRIPTION`, `NUMBER`, `OWNER_ID`) VALUES ('home', '24409150', 988);
INSERT INTO `hobby_person` (`hobbies_ID`, `persons_ID`) VALUES (4, 988);
INSERT INTO `address` (`INFORMATION`, `STREET`, `CITY_ID`) VALUES ('1. th', 'Kullevej', 1248);
INSERT INTO `person` (`ID`, `EMAIL`, `FIRSTNAME`, `LASTNAME`, `ADDRESS_ID`) VALUES (989,'Simon@gmail.com', 'Simon', 'Behrendt', 989);
INSERT INTO `phone` (`DESCRIPTION`, `NUMBER`, `OWNER_ID`) VALUES ('mobile', '83520133', 989);
INSERT INTO `hobby_person` (`hobbies_ID`, `persons_ID`) VALUES (5, 989);
INSERT INTO `address` (`INFORMATION`, `STREET`, `CITY_ID`) VALUES ('1. tv', 'Hjortekærsvej', 189);
INSERT INTO `person` (`ID`, `EMAIL`, `FIRSTNAME`, `LASTNAME`, `ADDRESS_ID`) VALUES (990,'Mikkel@yahoo.dk', 'Mikkel', 'Kristiansen', 990);
INSERT INTO `phone` (`DESCRIPTION`, `NUMBER`, `OWNER_ID`) VALUES ('mobile', '21485974', 990);
INSERT INTO `hobby_person` (`hobbies_ID`, `persons_ID`) VALUES (5, 990);
INSERT INTO `address` (`INFORMATION`, `STREET`, `CITY_ID`) VALUES ('2. th', 'Østgaardsvej', 722);
INSERT INTO `person` (`ID`, `EMAIL`, `FIRSTNAME`, `LASTNAME`, `ADDRESS_ID`) VALUES (991,'Simon@hotmail.com', 'Simon', 'Kaspersen', 991);
INSERT INTO `phone` (`DESCRIPTION`, `NUMBER`, `OWNER_ID`) VALUES ('home', '72922074', 991);
INSERT INTO `hobby_person` (`hobbies_ID`, `persons_ID`) VALUES (2, 991);
INSERT INTO `address` (`INFORMATION`, `STREET`, `CITY_ID`) VALUES ('2. tv', 'Møllevangen', 692);
INSERT INTO `person` (`ID`, `EMAIL`, `FIRSTNAME`, `LASTNAME`, `ADDRESS_ID`) VALUES (992,'Kasper@zoho.com', 'Kasper', 'Alexandersen', 992);
INSERT INTO `phone` (`DESCRIPTION`, `NUMBER`, `OWNER_ID`) VALUES ('home', '49727436', 992);
INSERT INTO `hobby_person` (`hobbies_ID`, `persons_ID`) VALUES (3, 992);
INSERT INTO `address` (`INFORMATION`, `STREET`, `CITY_ID`) VALUES ('2. tv', 'Milanovicvej', 802);
INSERT INTO `person` (`ID`, `EMAIL`, `FIRSTNAME`, `LASTNAME`, `ADDRESS_ID`) VALUES (993,'Alexander@hotmail.dk', 'Alexander', 'Bobsen', 993);
INSERT INTO `phone` (`DESCRIPTION`, `NUMBER`, `OWNER_ID`) VALUES ('work', '4630519', 993);
INSERT INTO `hobby_person` (`hobbies_ID`, `persons_ID`) VALUES (3, 993);
INSERT INTO `address` (`INFORMATION`, `STREET`, `CITY_ID`) VALUES ('2. th', 'Møllevangen', 885);
INSERT INTO `person` (`ID`, `EMAIL`, `FIRSTNAME`, `LASTNAME`, `ADDRESS_ID`) VALUES (994,'Alexander@yahoo.dk', 'Alexander', 'Bobsen', 994);
INSERT INTO `phone` (`DESCRIPTION`, `NUMBER`, `OWNER_ID`) VALUES ('work', '95194077', 994);
INSERT INTO `hobby_person` (`hobbies_ID`, `persons_ID`) VALUES (4, 994);
INSERT INTO `address` (`INFORMATION`, `STREET`, `CITY_ID`) VALUES ('2. tv', 'Milanovicvej', 373);
INSERT INTO `person` (`ID`, `EMAIL`, `FIRSTNAME`, `LASTNAME`, `ADDRESS_ID`) VALUES (995,'Rune@gmail.com', 'Rune', 'Stevensen', 995);
INSERT INTO `phone` (`DESCRIPTION`, `NUMBER`, `OWNER_ID`) VALUES ('work', '97429426', 995);
INSERT INTO `hobby_person` (`hobbies_ID`, `persons_ID`) VALUES (2, 995);
INSERT INTO `address` (`INFORMATION`, `STREET`, `CITY_ID`) VALUES ('1. th', 'Ryllevej', 1298);
INSERT INTO `person` (`ID`, `EMAIL`, `FIRSTNAME`, `LASTNAME`, `ADDRESS_ID`) VALUES (996,'Jonas@yahoo.dk', 'Jonas', 'Filipsen', 996);
INSERT INTO `phone` (`DESCRIPTION`, `NUMBER`, `OWNER_ID`) VALUES ('work', '42019812', 996);
INSERT INTO `hobby_person` (`hobbies_ID`, `persons_ID`) VALUES (1, 996);
INSERT INTO `address` (`INFORMATION`, `STREET`, `CITY_ID`) VALUES ('1. th', 'Kullevej', 155);
INSERT INTO `person` (`ID`, `EMAIL`, `FIRSTNAME`, `LASTNAME`, `ADDRESS_ID`) VALUES (997,'Mia@zoho.dk', 'Mia', 'Jonassen', 997);
INSERT INTO `phone` (`DESCRIPTION`, `NUMBER`, `OWNER_ID`) VALUES ('home', '15326347', 997);
INSERT INTO `hobby_person` (`hobbies_ID`, `persons_ID`) VALUES (4, 997);
INSERT INTO `address` (`INFORMATION`, `STREET`, `CITY_ID`) VALUES ('2. th', 'Ryllevej', 417);
INSERT INTO `person` (`ID`, `EMAIL`, `FIRSTNAME`, `LASTNAME`, `ADDRESS_ID`) VALUES (998,'Thomas@yahoo.eu', 'Thomas', 'Runesen', 998);
INSERT INTO `phone` (`DESCRIPTION`, `NUMBER`, `OWNER_ID`) VALUES ('home', '20394950', 998);
INSERT INTO `hobby_person` (`hobbies_ID`, `persons_ID`) VALUES (5, 998);
INSERT INTO `address` (`INFORMATION`, `STREET`, `CITY_ID`) VALUES ('1. tv', 'Kullevej', 619);
INSERT INTO `person` (`ID`, `EMAIL`, `FIRSTNAME`, `LASTNAME`, `ADDRESS_ID`) VALUES (999,'Filip@protonmail.eu', 'Filip', 'Thomassen', 999);
INSERT INTO `phone` (`DESCRIPTION`, `NUMBER`, `OWNER_ID`) VALUES ('home', '64490420', 999);
INSERT INTO `hobby_person` (`hobbies_ID`, `persons_ID`) VALUES (2, 999);
INSERT INTO `address` (`INFORMATION`, `STREET`, `CITY_ID`) VALUES ('1. tv', 'Ryllevej', 726);
INSERT INTO `person` (`ID`, `EMAIL`, `FIRSTNAME`, `LASTNAME`, `ADDRESS_ID`) VALUES (1000,'Filip@gmail.com', 'Filip', 'Mikkelsen', 1000);
INSERT INTO `phone` (`DESCRIPTION`, `NUMBER`, `OWNER_ID`) VALUES ('mobile', '38212932', 1000);
INSERT INTO `hobby_person` (`hobbies_ID`, `persons_ID`) VALUES (4, 1000);
