INSERT INTO CITY (zipCode, NAME) VALUES ('0555', 'Scanning');
INSERT INTO CITY (zipCode, NAME) VALUES ('0800', 'Høje Taastrup');
INSERT INTO CITY (zipCode, NAME) VALUES ('0877', 'København C');
INSERT INTO CITY (zipCode, NAME) VALUES ('0892', 'Sjælland USF P');
INSERT INTO CITY (zipCode, NAME) VALUES ('0893', 'Sjælland USF B');
INSERT INTO CITY (zipCode, NAME) VALUES ('0894', 'Udbetaling');
INSERT INTO CITY (zipCode, NAME) VALUES ('0897', 'eBrevsprækken');
INSERT INTO CITY (zipCode, NAME) VALUES ('0899', 'Kommuneservice');
INSERT INTO CITY (zipCode, NAME) VALUES ('0900', 'København C');
INSERT INTO CITY (zipCode, NAME) VALUES ('0910', 'København C');
INSERT INTO CITY (zipCode, NAME) VALUES ('0917', 'Københavns Pakkecenter');
INSERT INTO CITY (zipCode, NAME) VALUES ('0918', 'Københavns Pakke BRC');
INSERT INTO CITY (zipCode, NAME) VALUES ('0919', 'Returprint BRC');
INSERT INTO CITY (zipCode, NAME) VALUES ('0929', 'København C');
INSERT INTO CITY (zipCode, NAME) VALUES ('0960', 'Internationalt Postcenter');
INSERT INTO CITY (zipCode, NAME) VALUES ('999', 'København C');
INSERT INTO CITY (zipCode, NAME) VALUES ('1000', 'København K');
INSERT INTO CITY (zipCode, NAME) VALUES ('1001', 'København K');
INSERT INTO CITY (zipCode, NAME) VALUES ('1002', 'København K');
INSERT INTO CITY (zipCode, NAME) VALUES ('1003', 'København K');
INSERT INTO CITY (zipCode, NAME) VALUES ('1004', 'København K');
INSERT INTO CITY (zipCode, NAME) VALUES ('1005', 'København K');
INSERT INTO CITY (zipCode, NAME) VALUES ('1006', 'København K');
INSERT INTO CITY (zipCode, NAME) VALUES ('1007', 'København K');
INSERT INTO CITY (zipCode, NAME) VALUES ('1008', 'København K');
INSERT INTO CITY (zipCode, NAME) VALUES ('1009', 'København K');
INSERT INTO CITY (zipCode, NAME) VALUES ('1010', 'København K');
INSERT INTO CITY (zipCode, NAME) VALUES ('1011', 'København K');
INSERT INTO CITY (zipCode, NAME) VALUES ('1012', 'København K');
INSERT INTO CITY (zipCode, NAME) VALUES ('1013', 'København K');
INSERT INTO CITY (zipCode, NAME) VALUES ('1014', 'København K');
INSERT INTO CITY (zipCode, NAME) VALUES ('1015', 'København K');
INSERT INTO CITY (zipCode, NAME) VALUES ('1016', 'København K');
INSERT INTO CITY (zipCode, NAME) VALUES ('1017', 'København K');
INSERT INTO CITY (zipCode, NAME) VALUES ('1018', 'København K');
INSERT INTO CITY (zipCode, NAME) VALUES ('1019', 'København K');
INSERT INTO CITY (zipCode, NAME) VALUES ('1020', 'København K');
INSERT INTO CITY (zipCode, NAME) VALUES ('1021', 'København K');
INSERT INTO CITY (zipCode, NAME) VALUES ('1022', 'København K');
INSERT INTO CITY (zipCode, NAME) VALUES ('1023', 'København K');
INSERT INTO CITY (zipCode, NAME) VALUES ('1024', 'København K');
INSERT INTO CITY (zipCode, NAME) VALUES ('1025', 'København K');
INSERT INTO CITY (zipCode, NAME) VALUES ('1026', 'København K');
INSERT INTO CITY (zipCode, NAME) VALUES ('1045', 'København K');
INSERT INTO CITY (zipCode, NAME) VALUES ('1050', 'København K');
INSERT INTO CITY (zipCode, NAME) VALUES ('1051', 'København K');
INSERT INTO CITY (zipCode, NAME) VALUES ('1052', 'København K');
INSERT INTO CITY (zipCode, NAME) VALUES ('1053', 'København K');
INSERT INTO CITY (zipCode, NAME) VALUES ('1054', 'København K');
INSERT INTO CITY (zipCode, NAME) VALUES ('1055', 'København K');
INSERT INTO CITY (zipCode, NAME) VALUES ('1056', 'København K');
INSERT INTO CITY (zipCode, NAME) VALUES ('1057', 'København K');
INSERT INTO CITY (zipCode, NAME) VALUES ('1058', 'København K');
INSERT INTO CITY (zipCode, NAME) VALUES ('1059', 'København K');
INSERT INTO CITY (zipCode, NAME) VALUES ('1060', 'København K');
INSERT INTO CITY (zipCode, NAME) VALUES ('1061', 'København K');
INSERT INTO CITY (zipCode, NAME) VALUES ('1062', 'København K');
INSERT INTO CITY (zipCode, NAME) VALUES ('1063', 'København K');
INSERT INTO CITY (zipCode, NAME) VALUES ('1064', 'København K');
INSERT INTO CITY (zipCode, NAME) VALUES ('1065', 'København K');
INSERT INTO CITY (zipCode, NAME) VALUES ('1066', 'København K');
INSERT INTO CITY (zipCode, NAME) VALUES ('1067', 'København K');
INSERT INTO CITY (zipCode, NAME) VALUES ('1068', 'København K');
INSERT INTO CITY (zipCode, NAME) VALUES ('1069', 'København K');
INSERT INTO CITY (zipCode, NAME) VALUES ('1070', 'København K');
INSERT INTO CITY (zipCode, NAME) VALUES ('1071', 'København K');
INSERT INTO CITY (zipCode, NAME) VALUES ('1072', 'København K');
INSERT INTO CITY (zipCode, NAME) VALUES ('1073', 'København K');
INSERT INTO CITY (zipCode, NAME) VALUES ('1074', 'København K');
INSERT INTO CITY (zipCode, NAME) VALUES ('1092', 'København K');
INSERT INTO CITY (zipCode, NAME) VALUES ('1093', 'København K');
INSERT INTO CITY (zipCode, NAME) VALUES ('1095', 'København K');
INSERT INTO CITY (zipCode, NAME) VALUES ('1098', 'København K');
INSERT INTO CITY (zipCode, NAME) VALUES ('1100', 'København K');
INSERT INTO CITY (zipCode, NAME) VALUES ('1101', 'København K');
INSERT INTO CITY (zipCode, NAME) VALUES ('1102', 'København K');
INSERT INTO CITY (zipCode, NAME) VALUES ('1103', 'København K');
INSERT INTO CITY (zipCode, NAME) VALUES ('1104', 'København K');
INSERT INTO CITY (zipCode, NAME) VALUES ('1105', 'København K');
INSERT INTO CITY (zipCode, NAME) VALUES ('1106', 'København K');
INSERT INTO CITY (zipCode, NAME) VALUES ('1107', 'København K');
INSERT INTO CITY (zipCode, NAME) VALUES ('1110', 'København K');
INSERT INTO CITY (zipCode, NAME) VALUES ('1111', 'København K');
INSERT INTO CITY (zipCode, NAME) VALUES ('1112', 'København K');
INSERT INTO CITY (zipCode, NAME) VALUES ('1113', 'København K');
INSERT INTO CITY (zipCode, NAME) VALUES ('1114', 'København K');
INSERT INTO CITY (zipCode, NAME) VALUES ('1115', 'København K');
INSERT INTO CITY (zipCode, NAME) VALUES ('1116', 'København K');
INSERT INTO CITY (zipCode, NAME) VALUES ('1117', 'København K');
INSERT INTO CITY (zipCode, NAME) VALUES ('1118', 'København K');
INSERT INTO CITY (zipCode, NAME) VALUES ('1119', 'København K');
INSERT INTO CITY (zipCode, NAME) VALUES ('1120', 'København K');
INSERT INTO CITY (zipCode, NAME) VALUES ('1121', 'København K');
INSERT INTO CITY (zipCode, NAME) VALUES ('1122', 'København K');
INSERT INTO CITY (zipCode, NAME) VALUES ('1123', 'København K');
INSERT INTO CITY (zipCode, NAME) VALUES ('1124', 'København K');
INSERT INTO CITY (zipCode, NAME) VALUES ('1125', 'København K');
INSERT INTO CITY (zipCode, NAME) VALUES ('1126', 'København K');
INSERT INTO CITY (zipCode, NAME) VALUES ('1127', 'København K');
INSERT INTO CITY (zipCode, NAME) VALUES ('1128', 'København K');
INSERT INTO CITY (zipCode, NAME) VALUES ('1129', 'København K');
INSERT INTO CITY (zipCode, NAME) VALUES ('1130', 'København K');
INSERT INTO CITY (zipCode, NAME) VALUES ('1131', 'København K');
INSERT INTO CITY (zipCode, NAME) VALUES ('1140', 'København K');
INSERT INTO CITY (zipCode, NAME) VALUES ('1147', 'København K');
INSERT INTO CITY (zipCode, NAME) VALUES ('1148', 'København K');
INSERT INTO CITY (zipCode, NAME) VALUES ('1150', 'København K');
INSERT INTO CITY (zipCode, NAME) VALUES ('1151', 'København K');
INSERT INTO CITY (zipCode, NAME) VALUES ('1152', 'København K');
INSERT INTO CITY (zipCode, NAME) VALUES ('1153', 'København K');
INSERT INTO CITY (zipCode, NAME) VALUES ('1154', 'København K');
INSERT INTO CITY (zipCode, NAME) VALUES ('1155', 'København K');
INSERT INTO CITY (zipCode, NAME) VALUES ('1156', 'København K');
INSERT INTO CITY (zipCode, NAME) VALUES ('1157', 'København K');
INSERT INTO CITY (zipCode, NAME) VALUES ('1158', 'København K');
INSERT INTO CITY (zipCode, NAME) VALUES ('1159', 'København K');
INSERT INTO CITY (zipCode, NAME) VALUES ('1160', 'København K');
INSERT INTO CITY (zipCode, NAME) VALUES ('1161', 'København K');
INSERT INTO CITY (zipCode, NAME) VALUES ('1162', 'København K');
INSERT INTO CITY (zipCode, NAME) VALUES ('1163', 'København K');
INSERT INTO CITY (zipCode, NAME) VALUES ('1164', 'København K');
INSERT INTO CITY (zipCode, NAME) VALUES ('1165', 'København K');
INSERT INTO CITY (zipCode, NAME) VALUES ('1166', 'København K');
INSERT INTO CITY (zipCode, NAME) VALUES ('1167', 'København K');
INSERT INTO CITY (zipCode, NAME) VALUES ('1168', 'København K');
INSERT INTO CITY (zipCode, NAME) VALUES ('1169', 'København K');
INSERT INTO CITY (zipCode, NAME) VALUES ('1170', 'København K');
INSERT INTO CITY (zipCode, NAME) VALUES ('1171', 'København K');
INSERT INTO CITY (zipCode, NAME) VALUES ('1172', 'København K');
INSERT INTO CITY (zipCode, NAME) VALUES ('1173', 'København K');
INSERT INTO CITY (zipCode, NAME) VALUES ('1174', 'København K');
INSERT INTO CITY (zipCode, NAME) VALUES ('1175', 'København K');
INSERT INTO CITY (zipCode, NAME) VALUES ('1200', 'København K');
INSERT INTO CITY (zipCode, NAME) VALUES ('1201', 'København K');
INSERT INTO CITY (zipCode, NAME) VALUES ('1202', 'København K');
INSERT INTO CITY (zipCode, NAME) VALUES ('1203', 'København K');
INSERT INTO CITY (zipCode, NAME) VALUES ('1204', 'København K');
INSERT INTO CITY (zipCode, NAME) VALUES ('1205', 'København K');
INSERT INTO CITY (zipCode, NAME) VALUES ('1206', 'København K');
INSERT INTO CITY (zipCode, NAME) VALUES ('1207', 'København K');
INSERT INTO CITY (zipCode, NAME) VALUES ('1208', 'København K');
INSERT INTO CITY (zipCode, NAME) VALUES ('1209', 'København K');
INSERT INTO CITY (zipCode, NAME) VALUES ('1210', 'København K');
INSERT INTO CITY (zipCode, NAME) VALUES ('1211', 'København K');
INSERT INTO CITY (zipCode, NAME) VALUES ('1212', 'København K');
INSERT INTO CITY (zipCode, NAME) VALUES ('1213', 'København K');
INSERT INTO CITY (zipCode, NAME) VALUES ('1214', 'København K');
INSERT INTO CITY (zipCode, NAME) VALUES ('1215', 'København K');
INSERT INTO CITY (zipCode, NAME) VALUES ('1216', 'København K');
INSERT INTO CITY (zipCode, NAME) VALUES ('1217', 'København K');
INSERT INTO CITY (zipCode, NAME) VALUES ('1218', 'København K');
INSERT INTO CITY (zipCode, NAME) VALUES ('1219', 'København K');
INSERT INTO CITY (zipCode, NAME) VALUES ('1220', 'København K');
INSERT INTO CITY (zipCode, NAME) VALUES ('1221', 'København K');
INSERT INTO CITY (zipCode, NAME) VALUES ('1240', 'København K');
INSERT INTO CITY (zipCode, NAME) VALUES ('1250', 'København K');
INSERT INTO CITY (zipCode, NAME) VALUES ('1251', 'København K');
INSERT INTO CITY (zipCode, NAME) VALUES ('1252', 'København K');
INSERT INTO CITY (zipCode, NAME) VALUES ('1253', 'København K');
INSERT INTO CITY (zipCode, NAME) VALUES ('1254', 'København K');
INSERT INTO CITY (zipCode, NAME) VALUES ('1255', 'København K');
INSERT INTO CITY (zipCode, NAME) VALUES ('1256', 'København K');
INSERT INTO CITY (zipCode, NAME) VALUES ('1257', 'København K');
INSERT INTO CITY (zipCode, NAME) VALUES ('1258', 'København K');
INSERT INTO CITY (zipCode, NAME) VALUES ('1259', 'København K');
INSERT INTO CITY (zipCode, NAME) VALUES ('1260', 'København K');
INSERT INTO CITY (zipCode, NAME) VALUES ('1261', 'København K');
INSERT INTO CITY (zipCode, NAME) VALUES ('1263', 'København K');
INSERT INTO CITY (zipCode, NAME) VALUES ('1264', 'København K');
INSERT INTO CITY (zipCode, NAME) VALUES ('1265', 'København K');
INSERT INTO CITY (zipCode, NAME) VALUES ('1266', 'København K');
INSERT INTO CITY (zipCode, NAME) VALUES ('1267', 'København K');
INSERT INTO CITY (zipCode, NAME) VALUES ('1268', 'København K');
INSERT INTO CITY (zipCode, NAME) VALUES ('1270', 'København K');
INSERT INTO CITY (zipCode, NAME) VALUES ('1271', 'København K');
INSERT INTO CITY (zipCode, NAME) VALUES ('1291', 'København K');
INSERT INTO CITY (zipCode, NAME) VALUES ('1300', 'København K');
INSERT INTO CITY (zipCode, NAME) VALUES ('1301', 'København K');
INSERT INTO CITY (zipCode, NAME) VALUES ('1302', 'København K');
INSERT INTO CITY (zipCode, NAME) VALUES ('1303', 'København K');
INSERT INTO CITY (zipCode, NAME) VALUES ('1304', 'København K');
INSERT INTO CITY (zipCode, NAME) VALUES ('1306', 'København K');
INSERT INTO CITY (zipCode, NAME) VALUES ('1307', 'København K');
INSERT INTO CITY (zipCode, NAME) VALUES ('1308', 'København K');
INSERT INTO CITY (zipCode, NAME) VALUES ('1309', 'København K');
INSERT INTO CITY (zipCode, NAME) VALUES ('1310', 'København K');
INSERT INTO CITY (zipCode, NAME) VALUES ('1311', 'København K');
INSERT INTO CITY (zipCode, NAME) VALUES ('1312', 'København K');
INSERT INTO CITY (zipCode, NAME) VALUES ('1313', 'København K');
INSERT INTO CITY (zipCode, NAME) VALUES ('1314', 'København K');
INSERT INTO CITY (zipCode, NAME) VALUES ('1315', 'København K');
INSERT INTO CITY (zipCode, NAME) VALUES ('1316', 'København K');
INSERT INTO CITY (zipCode, NAME) VALUES ('1317', 'København K');
INSERT INTO CITY (zipCode, NAME) VALUES ('1318', 'København K');
INSERT INTO CITY (zipCode, NAME) VALUES ('1319', 'København K');
INSERT INTO CITY (zipCode, NAME) VALUES ('1320', 'København K');
INSERT INTO CITY (zipCode, NAME) VALUES ('1321', 'København K');
INSERT INTO CITY (zipCode, NAME) VALUES ('1322', 'København K');
INSERT INTO CITY (zipCode, NAME) VALUES ('1323', 'København K');
INSERT INTO CITY (zipCode, NAME) VALUES ('1324', 'København K');
INSERT INTO CITY (zipCode, NAME) VALUES ('1325', 'København K');
INSERT INTO CITY (zipCode, NAME) VALUES ('1326', 'København K');
INSERT INTO CITY (zipCode, NAME) VALUES ('1327', 'København K');
INSERT INTO CITY (zipCode, NAME) VALUES ('1328', 'København K');
INSERT INTO CITY (zipCode, NAME) VALUES ('1329', 'København K');
INSERT INTO CITY (zipCode, NAME) VALUES ('1350', 'København K');
INSERT INTO CITY (zipCode, NAME) VALUES ('1352', 'København K');
INSERT INTO CITY (zipCode, NAME) VALUES ('1353', 'København K');
INSERT INTO CITY (zipCode, NAME) VALUES ('1354', 'København K');
INSERT INTO CITY (zipCode, NAME) VALUES ('1355', 'København K');
INSERT INTO CITY (zipCode, NAME) VALUES ('1356', 'København K');
INSERT INTO CITY (zipCode, NAME) VALUES ('1357', 'København K');
INSERT INTO CITY (zipCode, NAME) VALUES ('1358', 'København K');
INSERT INTO CITY (zipCode, NAME) VALUES ('1359', 'København K');
INSERT INTO CITY (zipCode, NAME) VALUES ('1360', 'København K');
INSERT INTO CITY (zipCode, NAME) VALUES ('1361', 'København K');
INSERT INTO CITY (zipCode, NAME) VALUES ('1362', 'København K');
INSERT INTO CITY (zipCode, NAME) VALUES ('1363', 'København K');
INSERT INTO CITY (zipCode, NAME) VALUES ('1364', 'København K');
INSERT INTO CITY (zipCode, NAME) VALUES ('1365', 'København K');
INSERT INTO CITY (zipCode, NAME) VALUES ('1366', 'København K');
INSERT INTO CITY (zipCode, NAME) VALUES ('1367', 'København K');
INSERT INTO CITY (zipCode, NAME) VALUES ('1368', 'København K');
INSERT INTO CITY (zipCode, NAME) VALUES ('1369', 'København K');
INSERT INTO CITY (zipCode, NAME) VALUES ('1370', 'København K');
INSERT INTO CITY (zipCode, NAME) VALUES ('1371', 'København K');
INSERT INTO CITY (zipCode, NAME) VALUES ('1400', 'København K');
INSERT INTO CITY (zipCode, NAME) VALUES ('1401', 'København K');
INSERT INTO CITY (zipCode, NAME) VALUES ('1402', 'København K');
INSERT INTO CITY (zipCode, NAME) VALUES ('1403', 'København K');
INSERT INTO CITY (zipCode, NAME) VALUES ('1404', 'København K');
INSERT INTO CITY (zipCode, NAME) VALUES ('1406', 'København K');
INSERT INTO CITY (zipCode, NAME) VALUES ('1407', 'København K');
INSERT INTO CITY (zipCode, NAME) VALUES ('1408', 'København K');
INSERT INTO CITY (zipCode, NAME) VALUES ('1409', 'København K');
INSERT INTO CITY (zipCode, NAME) VALUES ('1410', 'København K');
INSERT INTO CITY (zipCode, NAME) VALUES ('1411', 'København K');
INSERT INTO CITY (zipCode, NAME) VALUES ('1412', 'København K');
INSERT INTO CITY (zipCode, NAME) VALUES ('1413', 'København K');
INSERT INTO CITY (zipCode, NAME) VALUES ('1414', 'København K');
INSERT INTO CITY (zipCode, NAME) VALUES ('1415', 'København K');
INSERT INTO CITY (zipCode, NAME) VALUES ('1416', 'København K');
INSERT INTO CITY (zipCode, NAME) VALUES ('1417', 'København K');
INSERT INTO CITY (zipCode, NAME) VALUES ('1418', 'København K');
INSERT INTO CITY (zipCode, NAME) VALUES ('1419', 'København K');
INSERT INTO CITY (zipCode, NAME) VALUES ('1420', 'København K');
INSERT INTO CITY (zipCode, NAME) VALUES ('1421', 'København K');
INSERT INTO CITY (zipCode, NAME) VALUES ('1422', 'København K');
INSERT INTO CITY (zipCode, NAME) VALUES ('1423', 'København K');
INSERT INTO CITY (zipCode, NAME) VALUES ('1424', 'København K');
INSERT INTO CITY (zipCode, NAME) VALUES ('1425', 'København K');
INSERT INTO CITY (zipCode, NAME) VALUES ('1426', 'København K');
INSERT INTO CITY (zipCode, NAME) VALUES ('1427', 'København K');
INSERT INTO CITY (zipCode, NAME) VALUES ('1428', 'København K');
INSERT INTO CITY (zipCode, NAME) VALUES ('1429', 'København K');
INSERT INTO CITY (zipCode, NAME) VALUES ('1430', 'København K');
INSERT INTO CITY (zipCode, NAME) VALUES ('1431', 'København K');
INSERT INTO CITY (zipCode, NAME) VALUES ('1432', 'København K');
INSERT INTO CITY (zipCode, NAME) VALUES ('1433', 'København K');
INSERT INTO CITY (zipCode, NAME) VALUES ('1434', 'København K');
INSERT INTO CITY (zipCode, NAME) VALUES ('1435', 'København K');
INSERT INTO CITY (zipCode, NAME) VALUES ('1436', 'København K');
INSERT INTO CITY (zipCode, NAME) VALUES ('1437', 'København K');
INSERT INTO CITY (zipCode, NAME) VALUES ('1438', 'København K');
INSERT INTO CITY (zipCode, NAME) VALUES ('1439', 'København K');
INSERT INTO CITY (zipCode, NAME) VALUES ('1440', 'København K');
INSERT INTO CITY (zipCode, NAME) VALUES ('1441', 'København K');
INSERT INTO CITY (zipCode, NAME) VALUES ('1448', 'København K');
INSERT INTO CITY (zipCode, NAME) VALUES ('1450', 'København K');
INSERT INTO CITY (zipCode, NAME) VALUES ('1451', 'København K');
INSERT INTO CITY (zipCode, NAME) VALUES ('1452', 'København K');
INSERT INTO CITY (zipCode, NAME) VALUES ('1453', 'København K');
INSERT INTO CITY (zipCode, NAME) VALUES ('1454', 'København K');
INSERT INTO CITY (zipCode, NAME) VALUES ('1455', 'København K');
INSERT INTO CITY (zipCode, NAME) VALUES ('1456', 'København K');
INSERT INTO CITY (zipCode, NAME) VALUES ('1457', 'København K');
INSERT INTO CITY (zipCode, NAME) VALUES ('1458', 'København K');
INSERT INTO CITY (zipCode, NAME) VALUES ('1459', 'København K');
INSERT INTO CITY (zipCode, NAME) VALUES ('1460', 'København K');
INSERT INTO CITY (zipCode, NAME) VALUES ('1461', 'København K');
INSERT INTO CITY (zipCode, NAME) VALUES ('1462', 'København K');
INSERT INTO CITY (zipCode, NAME) VALUES ('1463', 'København K');
INSERT INTO CITY (zipCode, NAME) VALUES ('1464', 'København K');
INSERT INTO CITY (zipCode, NAME) VALUES ('1465', 'København K');
INSERT INTO CITY (zipCode, NAME) VALUES ('1466', 'København K');
INSERT INTO CITY (zipCode, NAME) VALUES ('1467', 'København K');
INSERT INTO CITY (zipCode, NAME) VALUES ('1468', 'København K');
INSERT INTO CITY (zipCode, NAME) VALUES ('1470', 'København K');
INSERT INTO CITY (zipCode, NAME) VALUES ('1471', 'København K');
INSERT INTO CITY (zipCode, NAME) VALUES ('1472', 'København K');
INSERT INTO CITY (zipCode, NAME) VALUES ('1473', 'København K');
INSERT INTO CITY (zipCode, NAME) VALUES ('1500', 'København V');
INSERT INTO CITY (zipCode, NAME) VALUES ('1501', 'København V');
INSERT INTO CITY (zipCode, NAME) VALUES ('1502', 'København V');
INSERT INTO CITY (zipCode, NAME) VALUES ('1503', 'København V');
INSERT INTO CITY (zipCode, NAME) VALUES ('1504', 'København V');
INSERT INTO CITY (zipCode, NAME) VALUES ('1505', 'København V');
INSERT INTO CITY (zipCode, NAME) VALUES ('1506', 'København V');
INSERT INTO CITY (zipCode, NAME) VALUES ('1507', 'København V');
INSERT INTO CITY (zipCode, NAME) VALUES ('1508', 'København V');
INSERT INTO CITY (zipCode, NAME) VALUES ('1509', 'København V');
INSERT INTO CITY (zipCode, NAME) VALUES ('1510', 'København V');
INSERT INTO CITY (zipCode, NAME) VALUES ('1512', 'Returpost');
INSERT INTO CITY (zipCode, NAME) VALUES ('1513', 'Centraltastning');
INSERT INTO CITY (zipCode, NAME) VALUES ('1532', 'København V');
INSERT INTO CITY (zipCode, NAME) VALUES ('1533', 'København V');
INSERT INTO CITY (zipCode, NAME) VALUES ('1550', 'København V');
INSERT INTO CITY (zipCode, NAME) VALUES ('1551', 'København V');
INSERT INTO CITY (zipCode, NAME) VALUES ('1552', 'København V');
INSERT INTO CITY (zipCode, NAME) VALUES ('1553', 'København V');
INSERT INTO CITY (zipCode, NAME) VALUES ('1554', 'København V');
INSERT INTO CITY (zipCode, NAME) VALUES ('1555', 'København V');
INSERT INTO CITY (zipCode, NAME) VALUES ('1556', 'København V');
INSERT INTO CITY (zipCode, NAME) VALUES ('1557', 'København V');
INSERT INTO CITY (zipCode, NAME) VALUES ('1558', 'København V');
INSERT INTO CITY (zipCode, NAME) VALUES ('1559', 'København V');
INSERT INTO CITY (zipCode, NAME) VALUES ('1560', 'København V');
INSERT INTO CITY (zipCode, NAME) VALUES ('1561', 'København V');
INSERT INTO CITY (zipCode, NAME) VALUES ('1562', 'København V');
INSERT INTO CITY (zipCode, NAME) VALUES ('1563', 'København V');
INSERT INTO CITY (zipCode, NAME) VALUES ('1564', 'København V');
INSERT INTO CITY (zipCode, NAME) VALUES ('1566', 'København V');
INSERT INTO CITY (zipCode, NAME) VALUES ('1567', 'København V');
INSERT INTO CITY (zipCode, NAME) VALUES ('1568', 'København V');
INSERT INTO CITY (zipCode, NAME) VALUES ('1569', 'København V');
INSERT INTO CITY (zipCode, NAME) VALUES ('1570', 'København V');
INSERT INTO CITY (zipCode, NAME) VALUES ('1571', 'København V');
INSERT INTO CITY (zipCode, NAME) VALUES ('1572', 'København V');
INSERT INTO CITY (zipCode, NAME) VALUES ('1573', 'København V');
INSERT INTO CITY (zipCode, NAME) VALUES ('1574', 'København V');
INSERT INTO CITY (zipCode, NAME) VALUES ('1575', 'København V');
INSERT INTO CITY (zipCode, NAME) VALUES ('1576', 'København V');
INSERT INTO CITY (zipCode, NAME) VALUES ('1577', 'København V');
INSERT INTO CITY (zipCode, NAME) VALUES ('1592', 'København V');
INSERT INTO CITY (zipCode, NAME) VALUES ('1599', 'København V');
INSERT INTO CITY (zipCode, NAME) VALUES ('1600', 'København V');
INSERT INTO CITY (zipCode, NAME) VALUES ('1601', 'København V');
INSERT INTO CITY (zipCode, NAME) VALUES ('1602', 'København V');
INSERT INTO CITY (zipCode, NAME) VALUES ('1603', 'København V');
INSERT INTO CITY (zipCode, NAME) VALUES ('1604', 'København V');
INSERT INTO CITY (zipCode, NAME) VALUES ('1605', 'København V');
INSERT INTO CITY (zipCode, NAME) VALUES ('1606', 'København V');
INSERT INTO CITY (zipCode, NAME) VALUES ('1607', 'København V');
INSERT INTO CITY (zipCode, NAME) VALUES ('1608', 'København V');
INSERT INTO CITY (zipCode, NAME) VALUES ('1609', 'København V');
INSERT INTO CITY (zipCode, NAME) VALUES ('1610', 'København V');
INSERT INTO CITY (zipCode, NAME) VALUES ('1611', 'København V');
INSERT INTO CITY (zipCode, NAME) VALUES ('1612', 'København V');
INSERT INTO CITY (zipCode, NAME) VALUES ('1613', 'København V');
INSERT INTO CITY (zipCode, NAME) VALUES ('1614', 'København V');
INSERT INTO CITY (zipCode, NAME) VALUES ('1615', 'København V');
INSERT INTO CITY (zipCode, NAME) VALUES ('1616', 'København V');
INSERT INTO CITY (zipCode, NAME) VALUES ('1617', 'København V');
INSERT INTO CITY (zipCode, NAME) VALUES ('1618', 'København V');
INSERT INTO CITY (zipCode, NAME) VALUES ('1619', 'København V');
INSERT INTO CITY (zipCode, NAME) VALUES ('1620', 'København V');
INSERT INTO CITY (zipCode, NAME) VALUES ('1621', 'København V');
INSERT INTO CITY (zipCode, NAME) VALUES ('1622', 'København V');
INSERT INTO CITY (zipCode, NAME) VALUES ('1623', 'København V');
INSERT INTO CITY (zipCode, NAME) VALUES ('1624', 'København V');
INSERT INTO CITY (zipCode, NAME) VALUES ('1630', 'København V');
INSERT INTO CITY (zipCode, NAME) VALUES ('1631', 'København V');
INSERT INTO CITY (zipCode, NAME) VALUES ('1632', 'København V');
INSERT INTO CITY (zipCode, NAME) VALUES ('1633', 'København V');
INSERT INTO CITY (zipCode, NAME) VALUES ('1634', 'København V');
INSERT INTO CITY (zipCode, NAME) VALUES ('1635', 'København V');
INSERT INTO CITY (zipCode, NAME) VALUES ('1650', 'København V');
INSERT INTO CITY (zipCode, NAME) VALUES ('1651', 'København V');
INSERT INTO CITY (zipCode, NAME) VALUES ('1652', 'København V');
INSERT INTO CITY (zipCode, NAME) VALUES ('1653', 'København V');
INSERT INTO CITY (zipCode, NAME) VALUES ('1654', 'København V');
INSERT INTO CITY (zipCode, NAME) VALUES ('1655', 'København V');
INSERT INTO CITY (zipCode, NAME) VALUES ('1656', 'København V');
INSERT INTO CITY (zipCode, NAME) VALUES ('1657', 'København V');
INSERT INTO CITY (zipCode, NAME) VALUES ('1658', 'København V');
INSERT INTO CITY (zipCode, NAME) VALUES ('1659', 'København V');
INSERT INTO CITY (zipCode, NAME) VALUES ('1660', 'København V');
INSERT INTO CITY (zipCode, NAME) VALUES ('1661', 'København V');
INSERT INTO CITY (zipCode, NAME) VALUES ('1662', 'København V');
INSERT INTO CITY (zipCode, NAME) VALUES ('1663', 'København V');
INSERT INTO CITY (zipCode, NAME) VALUES ('1664', 'København V');
INSERT INTO CITY (zipCode, NAME) VALUES ('1665', 'København V');
INSERT INTO CITY (zipCode, NAME) VALUES ('1666', 'København V');
INSERT INTO CITY (zipCode, NAME) VALUES ('1667', 'København V');
INSERT INTO CITY (zipCode, NAME) VALUES ('1668', 'København V');
INSERT INTO CITY (zipCode, NAME) VALUES ('1669', 'København V');
INSERT INTO CITY (zipCode, NAME) VALUES ('1670', 'København V');
INSERT INTO CITY (zipCode, NAME) VALUES ('1671', 'København V');
INSERT INTO CITY (zipCode, NAME) VALUES ('1672', 'København V');
INSERT INTO CITY (zipCode, NAME) VALUES ('1673', 'København V');
INSERT INTO CITY (zipCode, NAME) VALUES ('1674', 'København V');
INSERT INTO CITY (zipCode, NAME) VALUES ('1675', 'København V');
INSERT INTO CITY (zipCode, NAME) VALUES ('1676', 'København V');
INSERT INTO CITY (zipCode, NAME) VALUES ('1677', 'København V');
INSERT INTO CITY (zipCode, NAME) VALUES ('1699', 'København V');
INSERT INTO CITY (zipCode, NAME) VALUES ('1700', 'København V');
INSERT INTO CITY (zipCode, NAME) VALUES ('1701', 'København V');
INSERT INTO CITY (zipCode, NAME) VALUES ('1702', 'København V');
INSERT INTO CITY (zipCode, NAME) VALUES ('1703', 'København V');
INSERT INTO CITY (zipCode, NAME) VALUES ('1704', 'København V');
INSERT INTO CITY (zipCode, NAME) VALUES ('1705', 'København V');
INSERT INTO CITY (zipCode, NAME) VALUES ('1706', 'København V');
INSERT INTO CITY (zipCode, NAME) VALUES ('1707', 'København V');
INSERT INTO CITY (zipCode, NAME) VALUES ('1708', 'København V');
INSERT INTO CITY (zipCode, NAME) VALUES ('1709', 'København V');
INSERT INTO CITY (zipCode, NAME) VALUES ('1710', 'København V');
INSERT INTO CITY (zipCode, NAME) VALUES ('1711', 'København V');
INSERT INTO CITY (zipCode, NAME) VALUES ('1712', 'København V');
INSERT INTO CITY (zipCode, NAME) VALUES ('1713', 'København V');
INSERT INTO CITY (zipCode, NAME) VALUES ('1714', 'København V');
INSERT INTO CITY (zipCode, NAME) VALUES ('1715', 'København V');
INSERT INTO CITY (zipCode, NAME) VALUES ('1716', 'København V');
INSERT INTO CITY (zipCode, NAME) VALUES ('1717', 'København V');
INSERT INTO CITY (zipCode, NAME) VALUES ('1718', 'København V');
INSERT INTO CITY (zipCode, NAME) VALUES ('1719', 'København V');
INSERT INTO CITY (zipCode, NAME) VALUES ('1720', 'København V');
INSERT INTO CITY (zipCode, NAME) VALUES ('1721', 'København V');
INSERT INTO CITY (zipCode, NAME) VALUES ('1722', 'København V');
INSERT INTO CITY (zipCode, NAME) VALUES ('1723', 'København V');
INSERT INTO CITY (zipCode, NAME) VALUES ('1724', 'København V');
INSERT INTO CITY (zipCode, NAME) VALUES ('1725', 'København V');
INSERT INTO CITY (zipCode, NAME) VALUES ('1726', 'København V');
INSERT INTO CITY (zipCode, NAME) VALUES ('1727', 'København V');
INSERT INTO CITY (zipCode, NAME) VALUES ('1728', 'København V');
INSERT INTO CITY (zipCode, NAME) VALUES ('1729', 'København V');
INSERT INTO CITY (zipCode, NAME) VALUES ('1730', 'København V');
INSERT INTO CITY (zipCode, NAME) VALUES ('1731', 'København V');
INSERT INTO CITY (zipCode, NAME) VALUES ('1732', 'København V');
INSERT INTO CITY (zipCode, NAME) VALUES ('1733', 'København V');
INSERT INTO CITY (zipCode, NAME) VALUES ('1734', 'København V');
INSERT INTO CITY (zipCode, NAME) VALUES ('1735', 'København V');
INSERT INTO CITY (zipCode, NAME) VALUES ('1736', 'København V');
INSERT INTO CITY (zipCode, NAME) VALUES ('1737', 'København V');
INSERT INTO CITY (zipCode, NAME) VALUES ('1738', 'København V');
INSERT INTO CITY (zipCode, NAME) VALUES ('1739', 'København V');
INSERT INTO CITY (zipCode, NAME) VALUES ('1749', 'København V');
INSERT INTO CITY (zipCode, NAME) VALUES ('1750', 'København V');
INSERT INTO CITY (zipCode, NAME) VALUES ('1751', 'København V');
INSERT INTO CITY (zipCode, NAME) VALUES ('1752', 'København V');
INSERT INTO CITY (zipCode, NAME) VALUES ('1753', 'København V');
INSERT INTO CITY (zipCode, NAME) VALUES ('1754', 'København V');
INSERT INTO CITY (zipCode, NAME) VALUES ('1755', 'København V');
INSERT INTO CITY (zipCode, NAME) VALUES ('1756', 'København V');
INSERT INTO CITY (zipCode, NAME) VALUES ('1757', 'København V');
INSERT INTO CITY (zipCode, NAME) VALUES ('1758', 'København V');
INSERT INTO CITY (zipCode, NAME) VALUES ('1759', 'København V');
INSERT INTO CITY (zipCode, NAME) VALUES ('1760', 'København V');
INSERT INTO CITY (zipCode, NAME) VALUES ('1761', 'København V');
INSERT INTO CITY (zipCode, NAME) VALUES ('1762', 'København V');
INSERT INTO CITY (zipCode, NAME) VALUES ('1763', 'København V');
INSERT INTO CITY (zipCode, NAME) VALUES ('1764', 'København V');
INSERT INTO CITY (zipCode, NAME) VALUES ('1765', 'København V');
INSERT INTO CITY (zipCode, NAME) VALUES ('1766', 'København V');
INSERT INTO CITY (zipCode, NAME) VALUES ('1770', 'København V');
INSERT INTO CITY (zipCode, NAME) VALUES ('1771', 'København V');
INSERT INTO CITY (zipCode, NAME) VALUES ('1772', 'København V');
INSERT INTO CITY (zipCode, NAME) VALUES ('1773', 'København V');
INSERT INTO CITY (zipCode, NAME) VALUES ('1774', 'København V');
INSERT INTO CITY (zipCode, NAME) VALUES ('1775', 'København V');
INSERT INTO CITY (zipCode, NAME) VALUES ('1777', 'København V');
INSERT INTO CITY (zipCode, NAME) VALUES ('1780', 'København V');
INSERT INTO CITY (zipCode, NAME) VALUES ('1782', 'København V');
INSERT INTO CITY (zipCode, NAME) VALUES ('1785', 'København V');
INSERT INTO CITY (zipCode, NAME) VALUES ('1786', 'København V');
INSERT INTO CITY (zipCode, NAME) VALUES ('1787', 'København V');
INSERT INTO CITY (zipCode, NAME) VALUES ('1790', 'København V');
INSERT INTO CITY (zipCode, NAME) VALUES ('1799', 'København V');
INSERT INTO CITY (zipCode, NAME) VALUES ('1800', 'Frederiksberg C');
INSERT INTO CITY (zipCode, NAME) VALUES ('1801', 'Frederiksberg C');
INSERT INTO CITY (zipCode, NAME) VALUES ('1802', 'Frederiksberg C');
INSERT INTO CITY (zipCode, NAME) VALUES ('1803', 'Frederiksberg C');
INSERT INTO CITY (zipCode, NAME) VALUES ('1804', 'Frederiksberg C');
INSERT INTO CITY (zipCode, NAME) VALUES ('1805', 'Frederiksberg C');
INSERT INTO CITY (zipCode, NAME) VALUES ('1806', 'Frederiksberg C');
INSERT INTO CITY (zipCode, NAME) VALUES ('1807', 'Frederiksberg C');
INSERT INTO CITY (zipCode, NAME) VALUES ('1808', 'Frederiksberg C');
INSERT INTO CITY (zipCode, NAME) VALUES ('1809', 'Frederiksberg C');
INSERT INTO CITY (zipCode, NAME) VALUES ('1810', 'Frederiksberg C');
INSERT INTO CITY (zipCode, NAME) VALUES ('1811', 'Frederiksberg C');
INSERT INTO CITY (zipCode, NAME) VALUES ('1812', 'Frederiksberg C');
INSERT INTO CITY (zipCode, NAME) VALUES ('1813', 'Frederiksberg C');
INSERT INTO CITY (zipCode, NAME) VALUES ('1814', 'Frederiksberg C');
INSERT INTO CITY (zipCode, NAME) VALUES ('1815', 'Frederiksberg C');
INSERT INTO CITY (zipCode, NAME) VALUES ('1816', 'Frederiksberg C');
INSERT INTO CITY (zipCode, NAME) VALUES ('1817', 'Frederiksberg C');
INSERT INTO CITY (zipCode, NAME) VALUES ('1818', 'Frederiksberg C');
INSERT INTO CITY (zipCode, NAME) VALUES ('1819', 'Frederiksberg C');
INSERT INTO CITY (zipCode, NAME) VALUES ('1820', 'Frederiksberg C');
INSERT INTO CITY (zipCode, NAME) VALUES ('1822', 'Frederiksberg C');
INSERT INTO CITY (zipCode, NAME) VALUES ('1823', 'Frederiksberg C');
INSERT INTO CITY (zipCode, NAME) VALUES ('1824', 'Frederiksberg C');
INSERT INTO CITY (zipCode, NAME) VALUES ('1825', 'Frederiksberg C');
INSERT INTO CITY (zipCode, NAME) VALUES ('1826', 'Frederiksberg C');
INSERT INTO CITY (zipCode, NAME) VALUES ('1827', 'Frederiksberg C');
INSERT INTO CITY (zipCode, NAME) VALUES ('1828', 'Frederiksberg C');
INSERT INTO CITY (zipCode, NAME) VALUES ('1829', 'Frederiksberg C');
INSERT INTO CITY (zipCode, NAME) VALUES ('1835', 'Frederiksberg C');
INSERT INTO CITY (zipCode, NAME) VALUES ('1850', 'Frederiksberg C');
INSERT INTO CITY (zipCode, NAME) VALUES ('1851', 'Frederiksberg C');
INSERT INTO CITY (zipCode, NAME) VALUES ('1852', 'Frederiksberg C');
INSERT INTO CITY (zipCode, NAME) VALUES ('1853', 'Frederiksberg C');
INSERT INTO CITY (zipCode, NAME) VALUES ('1854', 'Frederiksberg C');
INSERT INTO CITY (zipCode, NAME) VALUES ('1855', 'Frederiksberg C');
INSERT INTO CITY (zipCode, NAME) VALUES ('1856', 'Frederiksberg C');
INSERT INTO CITY (zipCode, NAME) VALUES ('1857', 'Frederiksberg C');
INSERT INTO CITY (zipCode, NAME) VALUES ('1860', 'Frederiksberg C');
INSERT INTO CITY (zipCode, NAME) VALUES ('1861', 'Frederiksberg C');
INSERT INTO CITY (zipCode, NAME) VALUES ('1862', 'Frederiksberg C');
INSERT INTO CITY (zipCode, NAME) VALUES ('1863', 'Frederiksberg C');
INSERT INTO CITY (zipCode, NAME) VALUES ('1864', 'Frederiksberg C');
INSERT INTO CITY (zipCode, NAME) VALUES ('1865', 'Frederiksberg C');
INSERT INTO CITY (zipCode, NAME) VALUES ('1866', 'Frederiksberg C');
INSERT INTO CITY (zipCode, NAME) VALUES ('1867', 'Frederiksberg C');
INSERT INTO CITY (zipCode, NAME) VALUES ('1868', 'Frederiksberg C');
INSERT INTO CITY (zipCode, NAME) VALUES ('1870', 'Frederiksberg C');
INSERT INTO CITY (zipCode, NAME) VALUES ('1871', 'Frederiksberg C');
INSERT INTO CITY (zipCode, NAME) VALUES ('1872', 'Frederiksberg C');
INSERT INTO CITY (zipCode, NAME) VALUES ('1873', 'Frederiksberg C');
INSERT INTO CITY (zipCode, NAME) VALUES ('1874', 'Frederiksberg C');
INSERT INTO CITY (zipCode, NAME) VALUES ('1875', 'Frederiksberg C');
INSERT INTO CITY (zipCode, NAME) VALUES ('1876', 'Frederiksberg C');
INSERT INTO CITY (zipCode, NAME) VALUES ('1877', 'Frederiksberg C');
INSERT INTO CITY (zipCode, NAME) VALUES ('1878', 'Frederiksberg C');
INSERT INTO CITY (zipCode, NAME) VALUES ('1879', 'Frederiksberg C');
INSERT INTO CITY (zipCode, NAME) VALUES ('1900', 'Frederiksberg C');
INSERT INTO CITY (zipCode, NAME) VALUES ('1901', 'Frederiksberg C');
INSERT INTO CITY (zipCode, NAME) VALUES ('1902', 'Frederiksberg C');
INSERT INTO CITY (zipCode, NAME) VALUES ('1903', 'Frederiksberg C');
INSERT INTO CITY (zipCode, NAME) VALUES ('1904', 'Frederiksberg C');
INSERT INTO CITY (zipCode, NAME) VALUES ('1905', 'Frederiksberg C');
INSERT INTO CITY (zipCode, NAME) VALUES ('1906', 'Frederiksberg C');
INSERT INTO CITY (zipCode, NAME) VALUES ('1908', 'Frederiksberg C');
INSERT INTO CITY (zipCode, NAME) VALUES ('1909', 'Frederiksberg C');
INSERT INTO CITY (zipCode, NAME) VALUES ('1910', 'Frederiksberg C');
INSERT INTO CITY (zipCode, NAME) VALUES ('1911', 'Frederiksberg C');
INSERT INTO CITY (zipCode, NAME) VALUES ('1912', 'Frederiksberg C');
INSERT INTO CITY (zipCode, NAME) VALUES ('1913', 'Frederiksberg C');
INSERT INTO CITY (zipCode, NAME) VALUES ('1914', 'Frederiksberg C');
INSERT INTO CITY (zipCode, NAME) VALUES ('1915', 'Frederiksberg C');
INSERT INTO CITY (zipCode, NAME) VALUES ('1916', 'Frederiksberg C');
INSERT INTO CITY (zipCode, NAME) VALUES ('1917', 'Frederiksberg C');
INSERT INTO CITY (zipCode, NAME) VALUES ('1920', 'Frederiksberg C');
INSERT INTO CITY (zipCode, NAME) VALUES ('1921', 'Frederiksberg C');
INSERT INTO CITY (zipCode, NAME) VALUES ('1922', 'Frederiksberg C');
INSERT INTO CITY (zipCode, NAME) VALUES ('1923', 'Frederiksberg C');
INSERT INTO CITY (zipCode, NAME) VALUES ('1924', 'Frederiksberg C');
INSERT INTO CITY (zipCode, NAME) VALUES ('1925', 'Frederiksberg C');
INSERT INTO CITY (zipCode, NAME) VALUES ('1926', 'Frederiksberg C');
INSERT INTO CITY (zipCode, NAME) VALUES ('1927', 'Frederiksberg C');
INSERT INTO CITY (zipCode, NAME) VALUES ('1928', 'Frederiksberg C');
INSERT INTO CITY (zipCode, NAME) VALUES ('1931', 'Frederiksberg C');
INSERT INTO CITY (zipCode, NAME) VALUES ('1950', 'Frederiksberg C');
INSERT INTO CITY (zipCode, NAME) VALUES ('1951', 'Frederiksberg C');
INSERT INTO CITY (zipCode, NAME) VALUES ('1952', 'Frederiksberg C');
INSERT INTO CITY (zipCode, NAME) VALUES ('1953', 'Frederiksberg C');
INSERT INTO CITY (zipCode, NAME) VALUES ('1954', 'Frederiksberg C');
INSERT INTO CITY (zipCode, NAME) VALUES ('1955', 'Frederiksberg C');
INSERT INTO CITY (zipCode, NAME) VALUES ('1956', 'Frederiksberg C');
INSERT INTO CITY (zipCode, NAME) VALUES ('1957', 'Frederiksberg C');
INSERT INTO CITY (zipCode, NAME) VALUES ('1958', 'Frederiksberg C');
INSERT INTO CITY (zipCode, NAME) VALUES ('1959', 'Frederiksberg C');
INSERT INTO CITY (zipCode, NAME) VALUES ('1960', 'Frederiksberg C');
INSERT INTO CITY (zipCode, NAME) VALUES ('1961', 'Frederiksberg C');
INSERT INTO CITY (zipCode, NAME) VALUES ('1962', 'Frederiksberg C');
INSERT INTO CITY (zipCode, NAME) VALUES ('1963', 'Frederiksberg C');
INSERT INTO CITY (zipCode, NAME) VALUES ('1964', 'Frederiksberg C');
INSERT INTO CITY (zipCode, NAME) VALUES ('1965', 'Frederiksberg C');
INSERT INTO CITY (zipCode, NAME) VALUES ('1966', 'Frederiksberg C');
INSERT INTO CITY (zipCode, NAME) VALUES ('1967', 'Frederiksberg C');
INSERT INTO CITY (zipCode, NAME) VALUES ('1970', 'Frederiksberg C');
INSERT INTO CITY (zipCode, NAME) VALUES ('1971', 'Frederiksberg C');
INSERT INTO CITY (zipCode, NAME) VALUES ('1972', 'Frederiksberg C');
INSERT INTO CITY (zipCode, NAME) VALUES ('1973', 'Frederiksberg C');
INSERT INTO CITY (zipCode, NAME) VALUES ('1974', 'Frederiksberg C');
INSERT INTO CITY (zipCode, NAME) VALUES ('2000', 'Frederiksberg');
INSERT INTO CITY (zipCode, NAME) VALUES ('2100', 'København Ø');
INSERT INTO CITY (zipCode, NAME) VALUES ('2150', 'Nordhavn');
INSERT INTO CITY (zipCode, NAME) VALUES ('2200', 'København N');
INSERT INTO CITY (zipCode, NAME) VALUES ('2300', 'København S');
INSERT INTO CITY (zipCode, NAME) VALUES ('2400', 'København NV');
INSERT INTO CITY (zipCode, NAME) VALUES ('2450', 'København SV');
INSERT INTO CITY (zipCode, NAME) VALUES ('2500', 'Valby');
INSERT INTO CITY (zipCode, NAME) VALUES ('2600', 'Glostrup');
INSERT INTO CITY (zipCode, NAME) VALUES ('2605', 'Brøndby');
INSERT INTO CITY (zipCode, NAME) VALUES ('2610', 'Rødovre');
INSERT INTO CITY (zipCode, NAME) VALUES ('2620', 'Albertslund');
INSERT INTO CITY (zipCode, NAME) VALUES ('2625', 'Vallensbæk');
INSERT INTO CITY (zipCode, NAME) VALUES ('2630', 'Taastrup');
INSERT INTO CITY (zipCode, NAME) VALUES ('2635', 'Ishøj');
INSERT INTO CITY (zipCode, NAME) VALUES ('2640', 'Hedehusene');
INSERT INTO CITY (zipCode, NAME) VALUES ('2650', 'Hvidovre');
INSERT INTO CITY (zipCode, NAME) VALUES ('2660', 'Brøndby Strand');
INSERT INTO CITY (zipCode, NAME) VALUES ('2665', 'Vallensbæk Strand');
INSERT INTO CITY (zipCode, NAME) VALUES ('2670', 'Greve');
INSERT INTO CITY (zipCode, NAME) VALUES ('2680', 'Solrød Strand');
INSERT INTO CITY (zipCode, NAME) VALUES ('2690', 'Karlslunde');
INSERT INTO CITY (zipCode, NAME) VALUES ('2700', 'Brønshøj');
INSERT INTO CITY (zipCode, NAME) VALUES ('2720', 'Vanløse');
INSERT INTO CITY (zipCode, NAME) VALUES ('2730', 'Herlev');
INSERT INTO CITY (zipCode, NAME) VALUES ('2740', 'Skovlunde');
INSERT INTO CITY (zipCode, NAME) VALUES ('2750', 'Ballerup');
INSERT INTO CITY (zipCode, NAME) VALUES ('2760', 'Måløv');
INSERT INTO CITY (zipCode, NAME) VALUES ('2765', 'Smørum');
INSERT INTO CITY (zipCode, NAME) VALUES ('2770', 'Kastrup');
INSERT INTO CITY (zipCode, NAME) VALUES ('2791', 'Dragør');
INSERT INTO CITY (zipCode, NAME) VALUES ('2800', 'Kongens Lyngby');
INSERT INTO CITY (zipCode, NAME) VALUES ('2820', 'Gentofte');
INSERT INTO CITY (zipCode, NAME) VALUES ('2830', 'Virum');
INSERT INTO CITY (zipCode, NAME) VALUES ('2840', 'Holte');
INSERT INTO CITY (zipCode, NAME) VALUES ('2850', 'Nærum');
INSERT INTO CITY (zipCode, NAME) VALUES ('2860', 'Søborg');
INSERT INTO CITY (zipCode, NAME) VALUES ('2870', 'Dyssegård');
INSERT INTO CITY (zipCode, NAME) VALUES ('2880', 'Bagsværd');
INSERT INTO CITY (zipCode, NAME) VALUES ('2900', 'Hellerup');
INSERT INTO CITY (zipCode, NAME) VALUES ('2920', 'Charlottenlund');
INSERT INTO CITY (zipCode, NAME) VALUES ('2930', 'Klampenborg');
INSERT INTO CITY (zipCode, NAME) VALUES ('2942', 'Skodsborg');
INSERT INTO CITY (zipCode, NAME) VALUES ('2950', 'Vedbæk');
INSERT INTO CITY (zipCode, NAME) VALUES ('2960', 'Rungsted Kyst');
INSERT INTO CITY (zipCode, NAME) VALUES ('2970', 'Hørsholm');
INSERT INTO CITY (zipCode, NAME) VALUES ('2980', 'Kokkedal');
INSERT INTO CITY (zipCode, NAME) VALUES ('2990', 'Nivå');
INSERT INTO CITY (zipCode, NAME) VALUES ('3000', 'Helsingør');
INSERT INTO CITY (zipCode, NAME) VALUES ('3050', 'Humlebæk');
INSERT INTO CITY (zipCode, NAME) VALUES ('3060', 'Espergærde');
INSERT INTO CITY (zipCode, NAME) VALUES ('3070', 'Snekkersten');
INSERT INTO CITY (zipCode, NAME) VALUES ('3080', 'Tikøb');
INSERT INTO CITY (zipCode, NAME) VALUES ('3100', 'Hornbæk');
INSERT INTO CITY (zipCode, NAME) VALUES ('3120', 'Dronningmølle');
INSERT INTO CITY (zipCode, NAME) VALUES ('3140', 'Ålsgårde');
INSERT INTO CITY (zipCode, NAME) VALUES ('3150', 'Hellebæk');
INSERT INTO CITY (zipCode, NAME) VALUES ('3200', 'Helsinge');
INSERT INTO CITY (zipCode, NAME) VALUES ('3210', 'Vejby');
INSERT INTO CITY (zipCode, NAME) VALUES ('3220', 'Tisvildeleje');
INSERT INTO CITY (zipCode, NAME) VALUES ('3230', 'Græsted');
INSERT INTO CITY (zipCode, NAME) VALUES ('3250', 'Gilleleje');
INSERT INTO CITY (zipCode, NAME) VALUES ('3300', 'Frederiksværk');
INSERT INTO CITY (zipCode, NAME) VALUES ('3310', 'Ølsted');
INSERT INTO CITY (zipCode, NAME) VALUES ('3320', 'Skævinge');
INSERT INTO CITY (zipCode, NAME) VALUES ('3330', 'Gørløse');
INSERT INTO CITY (zipCode, NAME) VALUES ('3360', 'Liseleje');
INSERT INTO CITY (zipCode, NAME) VALUES ('3370', 'Melby');
INSERT INTO CITY (zipCode, NAME) VALUES ('3390', 'Hundested');
INSERT INTO CITY (zipCode, NAME) VALUES ('3400', 'Hillerød');
INSERT INTO CITY (zipCode, NAME) VALUES ('3450', 'Allerød');
INSERT INTO CITY (zipCode, NAME) VALUES ('3460', 'Birkerød');
INSERT INTO CITY (zipCode, NAME) VALUES ('3480', 'Fredensborg');
INSERT INTO CITY (zipCode, NAME) VALUES ('3490', 'Kvistgård');
INSERT INTO CITY (zipCode, NAME) VALUES ('3500', 'Værløse');
INSERT INTO CITY (zipCode, NAME) VALUES ('3520', 'Farum');
INSERT INTO CITY (zipCode, NAME) VALUES ('3540', 'Lynge');
INSERT INTO CITY (zipCode, NAME) VALUES ('3550', 'Slangerup');
INSERT INTO CITY (zipCode, NAME) VALUES ('3600', 'Frederikssund');
INSERT INTO CITY (zipCode, NAME) VALUES ('3630', 'Jægerspris');
INSERT INTO CITY (zipCode, NAME) VALUES ('3650', 'Ølstykke');
INSERT INTO CITY (zipCode, NAME) VALUES ('3660', 'Stenløse');
INSERT INTO CITY (zipCode, NAME) VALUES ('3670', 'Veksø Sjælland');
INSERT INTO CITY (zipCode, NAME) VALUES ('3700', 'Rønne');
INSERT INTO CITY (zipCode, NAME) VALUES ('3720', 'Aakirkeby');
INSERT INTO CITY (zipCode, NAME) VALUES ('3730', 'Nexø');
INSERT INTO CITY (zipCode, NAME) VALUES ('3740', 'Svaneke');
INSERT INTO CITY (zipCode, NAME) VALUES ('3751', 'Østermarie');
INSERT INTO CITY (zipCode, NAME) VALUES ('3760', 'Gudhjem');
INSERT INTO CITY (zipCode, NAME) VALUES ('3770', 'Allinge');
INSERT INTO CITY (zipCode, NAME) VALUES ('3782', 'Klemensker');
INSERT INTO CITY (zipCode, NAME) VALUES ('3790', 'Hasle');
INSERT INTO CITY (zipCode, NAME) VALUES ('4000', 'Roskilde');
INSERT INTO CITY (zipCode, NAME) VALUES ('4030', 'Tune');
INSERT INTO CITY (zipCode, NAME) VALUES ('4040', 'Jyllinge');
INSERT INTO CITY (zipCode, NAME) VALUES ('4050', 'Skibby');
INSERT INTO CITY (zipCode, NAME) VALUES ('4060', 'Kirke Såby');
INSERT INTO CITY (zipCode, NAME) VALUES ('4070', 'Kirke Hyllinge');
INSERT INTO CITY (zipCode, NAME) VALUES ('4100', 'Ringsted');
INSERT INTO CITY (zipCode, NAME) VALUES ('4129', 'Ringsted');
INSERT INTO CITY (zipCode, NAME) VALUES ('4130', 'Viby Sjælland');
INSERT INTO CITY (zipCode, NAME) VALUES ('4140', 'Borup');
INSERT INTO CITY (zipCode, NAME) VALUES ('4160', 'Herlufmagle');
INSERT INTO CITY (zipCode, NAME) VALUES ('4171', 'Glumsø');
INSERT INTO CITY (zipCode, NAME) VALUES ('4173', 'Fjenneslev');
INSERT INTO CITY (zipCode, NAME) VALUES ('4174', 'Jystrup Midtsj');
INSERT INTO CITY (zipCode, NAME) VALUES ('4180', 'Sorø');
INSERT INTO CITY (zipCode, NAME) VALUES ('4190', 'Munke Bjergby');
INSERT INTO CITY (zipCode, NAME) VALUES ('4200', 'Slagelse');
INSERT INTO CITY (zipCode, NAME) VALUES ('4220', 'Korsør');
INSERT INTO CITY (zipCode, NAME) VALUES ('4230', 'Skælskør');
INSERT INTO CITY (zipCode, NAME) VALUES ('4241', 'Vemmelev');
INSERT INTO CITY (zipCode, NAME) VALUES ('4242', 'Boeslunde');
INSERT INTO CITY (zipCode, NAME) VALUES ('4243', 'Rude');
INSERT INTO CITY (zipCode, NAME) VALUES ('4250', 'Fuglebjerg');
INSERT INTO CITY (zipCode, NAME) VALUES ('4261', 'Dalmose');
INSERT INTO CITY (zipCode, NAME) VALUES ('4262', 'Sandved');
INSERT INTO CITY (zipCode, NAME) VALUES ('4270', 'Høng');
INSERT INTO CITY (zipCode, NAME) VALUES ('4281', 'Gørlev');
INSERT INTO CITY (zipCode, NAME) VALUES ('4291', 'Ruds Vedby');
INSERT INTO CITY (zipCode, NAME) VALUES ('4293', 'Dianalund');
INSERT INTO CITY (zipCode, NAME) VALUES ('4295', 'Stenlille');
INSERT INTO CITY (zipCode, NAME) VALUES ('4296', 'Nyrup');
INSERT INTO CITY (zipCode, NAME) VALUES ('4300', 'Holbæk');
INSERT INTO CITY (zipCode, NAME) VALUES ('4320', 'Lejre');
INSERT INTO CITY (zipCode, NAME) VALUES ('4330', 'Hvalsø');
INSERT INTO CITY (zipCode, NAME) VALUES ('4340', 'Tølløse');
INSERT INTO CITY (zipCode, NAME) VALUES ('4350', 'Ugerløse');
INSERT INTO CITY (zipCode, NAME) VALUES ('4360', 'Kirke Eskilstrup');
INSERT INTO CITY (zipCode, NAME) VALUES ('4370', 'Store Merløse');
INSERT INTO CITY (zipCode, NAME) VALUES ('4390', 'Vipperød');
INSERT INTO CITY (zipCode, NAME) VALUES ('4400', 'Kalundborg');
INSERT INTO CITY (zipCode, NAME) VALUES ('4420', 'Regstrup');
INSERT INTO CITY (zipCode, NAME) VALUES ('4440', 'Mørkøv');
INSERT INTO CITY (zipCode, NAME) VALUES ('4450', 'Jyderup');
INSERT INTO CITY (zipCode, NAME) VALUES ('4460', 'Snertinge');
INSERT INTO CITY (zipCode, NAME) VALUES ('4470', 'Svebølle');
INSERT INTO CITY (zipCode, NAME) VALUES ('4480', 'Store Fuglede');
INSERT INTO CITY (zipCode, NAME) VALUES ('4490', 'Jerslev Sjælland');
INSERT INTO CITY (zipCode, NAME) VALUES ('4500', 'Nykøbing Sj');
INSERT INTO CITY (zipCode, NAME) VALUES ('4520', 'Svinninge');
INSERT INTO CITY (zipCode, NAME) VALUES ('4532', 'Gislinge');
INSERT INTO CITY (zipCode, NAME) VALUES ('4534', 'Hørve');
INSERT INTO CITY (zipCode, NAME) VALUES ('4540', 'Fårevejle');
INSERT INTO CITY (zipCode, NAME) VALUES ('4550', 'Asnæs');
INSERT INTO CITY (zipCode, NAME) VALUES ('4560', 'Vig');
INSERT INTO CITY (zipCode, NAME) VALUES ('4571', 'Grevinge');
INSERT INTO CITY (zipCode, NAME) VALUES ('4572', 'Nørre Asmindrup');
INSERT INTO CITY (zipCode, NAME) VALUES ('4573', 'Højby');
INSERT INTO CITY (zipCode, NAME) VALUES ('4581', 'Rørvig');
INSERT INTO CITY (zipCode, NAME) VALUES ('4583', 'Sjællands Odde');
INSERT INTO CITY (zipCode, NAME) VALUES ('4591', 'Føllenslev');
INSERT INTO CITY (zipCode, NAME) VALUES ('4592', 'Sejerø');
INSERT INTO CITY (zipCode, NAME) VALUES ('4593', 'Eskebjerg');
INSERT INTO CITY (zipCode, NAME) VALUES ('4600', 'Køge');
INSERT INTO CITY (zipCode, NAME) VALUES ('4621', 'Gadstrup');
INSERT INTO CITY (zipCode, NAME) VALUES ('4622', 'Havdrup');
INSERT INTO CITY (zipCode, NAME) VALUES ('4623', 'Lille Skensved');
INSERT INTO CITY (zipCode, NAME) VALUES ('4632', 'Bjæverskov');
INSERT INTO CITY (zipCode, NAME) VALUES ('4640', 'Faxe');
INSERT INTO CITY (zipCode, NAME) VALUES ('4652', 'Hårlev');
INSERT INTO CITY (zipCode, NAME) VALUES ('4653', 'Karise');
INSERT INTO CITY (zipCode, NAME) VALUES ('4654', 'Faxe Ladeplads');
INSERT INTO CITY (zipCode, NAME) VALUES ('4660', 'Store Heddinge');
INSERT INTO CITY (zipCode, NAME) VALUES ('4671', 'Strøby');
INSERT INTO CITY (zipCode, NAME) VALUES ('4672', 'Klippinge');
INSERT INTO CITY (zipCode, NAME) VALUES ('4673', 'Rødvig Stevns');
INSERT INTO CITY (zipCode, NAME) VALUES ('4681', 'Herfølge');
INSERT INTO CITY (zipCode, NAME) VALUES ('4682', 'Tureby');
INSERT INTO CITY (zipCode, NAME) VALUES ('4683', 'Rønnede');
INSERT INTO CITY (zipCode, NAME) VALUES ('4684', 'Holmegaard');
INSERT INTO CITY (zipCode, NAME) VALUES ('4690', 'Haslev');
INSERT INTO CITY (zipCode, NAME) VALUES ('4700', 'Næstved');
INSERT INTO CITY (zipCode, NAME) VALUES ('4720', 'Præstø');
INSERT INTO CITY (zipCode, NAME) VALUES ('4733', 'Tappernøje');
INSERT INTO CITY (zipCode, NAME) VALUES ('4735', 'Mern');
INSERT INTO CITY (zipCode, NAME) VALUES ('4736', 'Karrebæksminde');
INSERT INTO CITY (zipCode, NAME) VALUES ('4750', 'Lundby');
INSERT INTO CITY (zipCode, NAME) VALUES ('4760', 'Vordingborg');
INSERT INTO CITY (zipCode, NAME) VALUES ('4771', 'Kalvehave');
INSERT INTO CITY (zipCode, NAME) VALUES ('4772', 'Langebæk');
INSERT INTO CITY (zipCode, NAME) VALUES ('4773', 'Stensved');
INSERT INTO CITY (zipCode, NAME) VALUES ('4780', 'Stege');
INSERT INTO CITY (zipCode, NAME) VALUES ('4791', 'Borre');
INSERT INTO CITY (zipCode, NAME) VALUES ('4792', 'Askeby');
INSERT INTO CITY (zipCode, NAME) VALUES ('4793', 'Bogø By');
INSERT INTO CITY (zipCode, NAME) VALUES ('4800', 'Nykøbing F');
INSERT INTO CITY (zipCode, NAME) VALUES ('4840', 'Nørre Alslev');
INSERT INTO CITY (zipCode, NAME) VALUES ('4850', 'Stubbekøbing');
INSERT INTO CITY (zipCode, NAME) VALUES ('4862', 'Guldborg');
INSERT INTO CITY (zipCode, NAME) VALUES ('4863', 'Eskilstrup');
INSERT INTO CITY (zipCode, NAME) VALUES ('4871', 'Horbelev');
INSERT INTO CITY (zipCode, NAME) VALUES ('4872', 'Idestrup');
INSERT INTO CITY (zipCode, NAME) VALUES ('4873', 'Væggerløse');
INSERT INTO CITY (zipCode, NAME) VALUES ('4874', 'Gedser');
INSERT INTO CITY (zipCode, NAME) VALUES ('4880', 'Nysted');
INSERT INTO CITY (zipCode, NAME) VALUES ('4891', 'Toreby L');
INSERT INTO CITY (zipCode, NAME) VALUES ('4892', 'Kettinge');
INSERT INTO CITY (zipCode, NAME) VALUES ('4894', 'Øster Ulslev');
INSERT INTO CITY (zipCode, NAME) VALUES ('4895', 'Errindlev');
INSERT INTO CITY (zipCode, NAME) VALUES ('4900', 'Nakskov');
INSERT INTO CITY (zipCode, NAME) VALUES ('4912', 'Harpelunde');
INSERT INTO CITY (zipCode, NAME) VALUES ('4913', 'Horslunde');
INSERT INTO CITY (zipCode, NAME) VALUES ('4920', 'Søllested');
INSERT INTO CITY (zipCode, NAME) VALUES ('4930', 'Maribo');
INSERT INTO CITY (zipCode, NAME) VALUES ('4941', 'Bandholm');
INSERT INTO CITY (zipCode, NAME) VALUES ('4943', 'Torrig L');
INSERT INTO CITY (zipCode, NAME) VALUES ('4944', 'Fejø');
INSERT INTO CITY (zipCode, NAME) VALUES ('4951', 'Nørreballe');
INSERT INTO CITY (zipCode, NAME) VALUES ('4952', 'Stokkemarke');
INSERT INTO CITY (zipCode, NAME) VALUES ('4953', 'Vesterborg');
INSERT INTO CITY (zipCode, NAME) VALUES ('4960', 'Holeby');
INSERT INTO CITY (zipCode, NAME) VALUES ('4970', 'Rødby');
INSERT INTO CITY (zipCode, NAME) VALUES ('4983', 'Dannemare');
INSERT INTO CITY (zipCode, NAME) VALUES ('4990', 'Sakskøbing');
INSERT INTO CITY (zipCode, NAME) VALUES ('4992', 'Midtsjælland USF P');
INSERT INTO CITY (zipCode, NAME) VALUES ('5000', 'Odense C');
INSERT INTO CITY (zipCode, NAME) VALUES ('5029', 'Odense C');
INSERT INTO CITY (zipCode, NAME) VALUES ('5100', 'Odense C');
INSERT INTO CITY (zipCode, NAME) VALUES ('5200', 'Odense V');
INSERT INTO CITY (zipCode, NAME) VALUES ('5210', 'Odense NV');
INSERT INTO CITY (zipCode, NAME) VALUES ('5220', 'Odense SØ');
INSERT INTO CITY (zipCode, NAME) VALUES ('5230', 'Odense M');
INSERT INTO CITY (zipCode, NAME) VALUES ('5240', 'Odense NØ');
INSERT INTO CITY (zipCode, NAME) VALUES ('5250', 'Odense SV');
INSERT INTO CITY (zipCode, NAME) VALUES ('5260', 'Odense S');
INSERT INTO CITY (zipCode, NAME) VALUES ('5270', 'Odense N');
INSERT INTO CITY (zipCode, NAME) VALUES ('5290', 'Marslev');
INSERT INTO CITY (zipCode, NAME) VALUES ('5300', 'Kerteminde');
INSERT INTO CITY (zipCode, NAME) VALUES ('5320', 'Agedrup');
INSERT INTO CITY (zipCode, NAME) VALUES ('5330', 'Munkebo');
INSERT INTO CITY (zipCode, NAME) VALUES ('5350', 'Rynkeby');
INSERT INTO CITY (zipCode, NAME) VALUES ('5370', 'Mesinge');
INSERT INTO CITY (zipCode, NAME) VALUES ('5380', 'Dalby');
INSERT INTO CITY (zipCode, NAME) VALUES ('5390', 'Martofte');
INSERT INTO CITY (zipCode, NAME) VALUES ('5400', 'Bogense');
INSERT INTO CITY (zipCode, NAME) VALUES ('5450', 'Otterup');
INSERT INTO CITY (zipCode, NAME) VALUES ('5462', 'Morud');
INSERT INTO CITY (zipCode, NAME) VALUES ('5463', 'Harndrup');
INSERT INTO CITY (zipCode, NAME) VALUES ('5464', 'Brenderup Fyn');
INSERT INTO CITY (zipCode, NAME) VALUES ('5466', 'Asperup');
INSERT INTO CITY (zipCode, NAME) VALUES ('5471', 'Søndersø');
INSERT INTO CITY (zipCode, NAME) VALUES ('5474', 'Veflinge');
INSERT INTO CITY (zipCode, NAME) VALUES ('5485', 'Skamby');
INSERT INTO CITY (zipCode, NAME) VALUES ('5491', 'Blommenslyst');
INSERT INTO CITY (zipCode, NAME) VALUES ('5492', 'Vissenbjerg');
INSERT INTO CITY (zipCode, NAME) VALUES ('5500', 'Middelfart');
INSERT INTO CITY (zipCode, NAME) VALUES ('5540', 'Ullerslev');
INSERT INTO CITY (zipCode, NAME) VALUES ('5550', 'Langeskov');
INSERT INTO CITY (zipCode, NAME) VALUES ('5560', 'Aarup');
INSERT INTO CITY (zipCode, NAME) VALUES ('5580', 'Nørre Aaby');
INSERT INTO CITY (zipCode, NAME) VALUES ('5591', 'Gelsted');
INSERT INTO CITY (zipCode, NAME) VALUES ('5592', 'Ejby');
INSERT INTO CITY (zipCode, NAME) VALUES ('5600', 'Faaborg');
INSERT INTO CITY (zipCode, NAME) VALUES ('5610', 'Assens');
INSERT INTO CITY (zipCode, NAME) VALUES ('5620', 'Glamsbjerg');
INSERT INTO CITY (zipCode, NAME) VALUES ('5631', 'Ebberup');
INSERT INTO CITY (zipCode, NAME) VALUES ('5642', 'Millinge');
INSERT INTO CITY (zipCode, NAME) VALUES ('5672', 'Broby');
INSERT INTO CITY (zipCode, NAME) VALUES ('5683', 'Haarby');
INSERT INTO CITY (zipCode, NAME) VALUES ('5690', 'Tommerup');
INSERT INTO CITY (zipCode, NAME) VALUES ('5700', 'Svendborg');
INSERT INTO CITY (zipCode, NAME) VALUES ('5750', 'Ringe');
INSERT INTO CITY (zipCode, NAME) VALUES ('5762', 'Vester Skerninge');
INSERT INTO CITY (zipCode, NAME) VALUES ('5771', 'Stenstrup');
INSERT INTO CITY (zipCode, NAME) VALUES ('5772', 'Kværndrup');
INSERT INTO CITY (zipCode, NAME) VALUES ('5792', 'Årslev');
INSERT INTO CITY (zipCode, NAME) VALUES ('5800', 'Nyborg');
INSERT INTO CITY (zipCode, NAME) VALUES ('5853', 'Ørbæk');
INSERT INTO CITY (zipCode, NAME) VALUES ('5854', 'Gislev');
INSERT INTO CITY (zipCode, NAME) VALUES ('5856', 'Ryslinge');
INSERT INTO CITY (zipCode, NAME) VALUES ('5863', 'Ferritslev Fyn');
INSERT INTO CITY (zipCode, NAME) VALUES ('5871', 'Frørup');
INSERT INTO CITY (zipCode, NAME) VALUES ('5874', 'Hesselager');
INSERT INTO CITY (zipCode, NAME) VALUES ('5881', 'Skårup Fyn');
INSERT INTO CITY (zipCode, NAME) VALUES ('5882', 'Vejstrup');
INSERT INTO CITY (zipCode, NAME) VALUES ('5883', 'Oure');
INSERT INTO CITY (zipCode, NAME) VALUES ('5884', 'Gudme');
INSERT INTO CITY (zipCode, NAME) VALUES ('5892', 'Gudbjerg Sydfyn');
INSERT INTO CITY (zipCode, NAME) VALUES ('5900', 'Rudkøbing');
INSERT INTO CITY (zipCode, NAME) VALUES ('5932', 'Humble');
INSERT INTO CITY (zipCode, NAME) VALUES ('5935', 'Bagenkop');
INSERT INTO CITY (zipCode, NAME) VALUES ('5953', 'Tranekær');
INSERT INTO CITY (zipCode, NAME) VALUES ('5960', 'Marstal');
INSERT INTO CITY (zipCode, NAME) VALUES ('5970', 'Ærøskøbing');
INSERT INTO CITY (zipCode, NAME) VALUES ('5985', 'Søby Ærø');
INSERT INTO CITY (zipCode, NAME) VALUES ('6000', 'Kolding');
INSERT INTO CITY (zipCode, NAME) VALUES ('6040', 'Egtved');
INSERT INTO CITY (zipCode, NAME) VALUES ('6051', 'Almind');
INSERT INTO CITY (zipCode, NAME) VALUES ('6052', 'Viuf');
INSERT INTO CITY (zipCode, NAME) VALUES ('6064', 'Jordrup');
INSERT INTO CITY (zipCode, NAME) VALUES ('6070', 'Christiansfeld');
INSERT INTO CITY (zipCode, NAME) VALUES ('6091', 'Bjert');
INSERT INTO CITY (zipCode, NAME) VALUES ('6092', 'Sønder Stenderup');
INSERT INTO CITY (zipCode, NAME) VALUES ('6093', 'Sjølund');
INSERT INTO CITY (zipCode, NAME) VALUES ('6094', 'Hejls');
INSERT INTO CITY (zipCode, NAME) VALUES ('6100', 'Haderslev');
INSERT INTO CITY (zipCode, NAME) VALUES ('6200', 'Aabenraa');
INSERT INTO CITY (zipCode, NAME) VALUES ('6230', 'Rødekro');
INSERT INTO CITY (zipCode, NAME) VALUES ('6240', 'Løgumkloster');
INSERT INTO CITY (zipCode, NAME) VALUES ('6261', 'Bredebro');
INSERT INTO CITY (zipCode, NAME) VALUES ('6270', 'Tønder');
INSERT INTO CITY (zipCode, NAME) VALUES ('6280', 'Højer');
INSERT INTO CITY (zipCode, NAME) VALUES ('6300', 'Gråsten');
INSERT INTO CITY (zipCode, NAME) VALUES ('6310', 'Broager');
INSERT INTO CITY (zipCode, NAME) VALUES ('6320', 'Egernsund');
INSERT INTO CITY (zipCode, NAME) VALUES ('6330', 'Padborg');
INSERT INTO CITY (zipCode, NAME) VALUES ('6340', 'Kruså');
INSERT INTO CITY (zipCode, NAME) VALUES ('6360', 'Tinglev');
INSERT INTO CITY (zipCode, NAME) VALUES ('6372', 'Bylderup-Bov');
INSERT INTO CITY (zipCode, NAME) VALUES ('6392', 'Bolderslev');
INSERT INTO CITY (zipCode, NAME) VALUES ('6400', 'Sønderborg');
INSERT INTO CITY (zipCode, NAME) VALUES ('6430', 'Nordborg');
INSERT INTO CITY (zipCode, NAME) VALUES ('6440', 'Augustenborg');
INSERT INTO CITY (zipCode, NAME) VALUES ('6470', 'Sydals');
INSERT INTO CITY (zipCode, NAME) VALUES ('6500', 'Vojens');
INSERT INTO CITY (zipCode, NAME) VALUES ('6510', 'Gram');
INSERT INTO CITY (zipCode, NAME) VALUES ('6520', 'Toftlund');
INSERT INTO CITY (zipCode, NAME) VALUES ('6534', 'Agerskov');
INSERT INTO CITY (zipCode, NAME) VALUES ('6535', 'Branderup J');
INSERT INTO CITY (zipCode, NAME) VALUES ('6541', 'Bevtoft');
INSERT INTO CITY (zipCode, NAME) VALUES ('6560', 'Sommersted');
INSERT INTO CITY (zipCode, NAME) VALUES ('6580', 'Vamdrup');
INSERT INTO CITY (zipCode, NAME) VALUES ('6600', 'Vejen');
INSERT INTO CITY (zipCode, NAME) VALUES ('6621', 'Gesten');
INSERT INTO CITY (zipCode, NAME) VALUES ('6622', 'Bække');
INSERT INTO CITY (zipCode, NAME) VALUES ('6623', 'Vorbasse');
INSERT INTO CITY (zipCode, NAME) VALUES ('6630', 'Rødding');
INSERT INTO CITY (zipCode, NAME) VALUES ('6640', 'Lunderskov');
INSERT INTO CITY (zipCode, NAME) VALUES ('6650', 'Brørup');
INSERT INTO CITY (zipCode, NAME) VALUES ('6660', 'Lintrup');
INSERT INTO CITY (zipCode, NAME) VALUES ('6670', 'Holsted');
INSERT INTO CITY (zipCode, NAME) VALUES ('6682', 'Hovborg');
INSERT INTO CITY (zipCode, NAME) VALUES ('6683', 'Føvling');
INSERT INTO CITY (zipCode, NAME) VALUES ('6690', 'Gørding');
INSERT INTO CITY (zipCode, NAME) VALUES ('6700', 'Esbjerg');
INSERT INTO CITY (zipCode, NAME) VALUES ('6701', 'Esbjerg');
INSERT INTO CITY (zipCode, NAME) VALUES ('6705', 'Esbjerg Ø');
INSERT INTO CITY (zipCode, NAME) VALUES ('6710', 'Esbjerg V');
INSERT INTO CITY (zipCode, NAME) VALUES ('6715', 'Esbjerg N');
INSERT INTO CITY (zipCode, NAME) VALUES ('6720', 'Fanø');
INSERT INTO CITY (zipCode, NAME) VALUES ('6731', 'Tjæreborg');
INSERT INTO CITY (zipCode, NAME) VALUES ('6740', 'Bramming');
INSERT INTO CITY (zipCode, NAME) VALUES ('6752', 'Glejbjerg');
INSERT INTO CITY (zipCode, NAME) VALUES ('6753', 'Agerbæk');
INSERT INTO CITY (zipCode, NAME) VALUES ('6760', 'Ribe');
INSERT INTO CITY (zipCode, NAME) VALUES ('6771', 'Gredstedbro');
INSERT INTO CITY (zipCode, NAME) VALUES ('6780', 'Skærbæk');
INSERT INTO CITY (zipCode, NAME) VALUES ('6792', 'Rømø');
INSERT INTO CITY (zipCode, NAME) VALUES ('6800', 'Varde');
INSERT INTO CITY (zipCode, NAME) VALUES ('6818', 'Årre');
INSERT INTO CITY (zipCode, NAME) VALUES ('6823', 'Ansager');
INSERT INTO CITY (zipCode, NAME) VALUES ('6830', 'Nørre Nebel');
INSERT INTO CITY (zipCode, NAME) VALUES ('6840', 'Oksbøl');
INSERT INTO CITY (zipCode, NAME) VALUES ('6851', 'Janderup Vestj');
INSERT INTO CITY (zipCode, NAME) VALUES ('6852', 'Billum');
INSERT INTO CITY (zipCode, NAME) VALUES ('6853', 'Vejers Strand');
INSERT INTO CITY (zipCode, NAME) VALUES ('6854', 'Henne');
INSERT INTO CITY (zipCode, NAME) VALUES ('6855', 'Outrup');
INSERT INTO CITY (zipCode, NAME) VALUES ('6857', 'Blåvand');
INSERT INTO CITY (zipCode, NAME) VALUES ('6862', 'Tistrup');
INSERT INTO CITY (zipCode, NAME) VALUES ('6870', 'Ølgod');
INSERT INTO CITY (zipCode, NAME) VALUES ('6880', 'Tarm');
INSERT INTO CITY (zipCode, NAME) VALUES ('6893', 'Hemmet');
INSERT INTO CITY (zipCode, NAME) VALUES ('6900', 'Skjern');
INSERT INTO CITY (zipCode, NAME) VALUES ('6920', 'Videbæk');
INSERT INTO CITY (zipCode, NAME) VALUES ('6933', 'Kibæk');
INSERT INTO CITY (zipCode, NAME) VALUES ('6940', 'Lem St');
INSERT INTO CITY (zipCode, NAME) VALUES ('6950', 'Ringkøbing');
INSERT INTO CITY (zipCode, NAME) VALUES ('6960', 'Hvide Sande');
INSERT INTO CITY (zipCode, NAME) VALUES ('6971', 'Spjald');
INSERT INTO CITY (zipCode, NAME) VALUES ('6973', 'Ørnhøj');
INSERT INTO CITY (zipCode, NAME) VALUES ('6980', 'Tim');
INSERT INTO CITY (zipCode, NAME) VALUES ('6990', 'Ulfborg');
INSERT INTO CITY (zipCode, NAME) VALUES ('7000', 'Fredericia');
INSERT INTO CITY (zipCode, NAME) VALUES ('7007', 'Fredericia');
INSERT INTO CITY (zipCode, NAME) VALUES ('7017', 'Taulov Pakkecenter');
INSERT INTO CITY (zipCode, NAME) VALUES ('7018', 'Pakker TLP');
INSERT INTO CITY (zipCode, NAME) VALUES ('7029', 'Fredericia');
INSERT INTO CITY (zipCode, NAME) VALUES ('7080', 'Børkop');
INSERT INTO CITY (zipCode, NAME) VALUES ('7100', 'Vejle');
INSERT INTO CITY (zipCode, NAME) VALUES ('7120', 'Vejle Øst');
INSERT INTO CITY (zipCode, NAME) VALUES ('7130', 'Juelsminde');
INSERT INTO CITY (zipCode, NAME) VALUES ('7140', 'Stouby');
INSERT INTO CITY (zipCode, NAME) VALUES ('7150', 'Barrit');
INSERT INTO CITY (zipCode, NAME) VALUES ('7160', 'Tørring');
INSERT INTO CITY (zipCode, NAME) VALUES ('7171', 'Uldum');
INSERT INTO CITY (zipCode, NAME) VALUES ('7173', 'Vonge');
INSERT INTO CITY (zipCode, NAME) VALUES ('7182', 'Bredsten');
INSERT INTO CITY (zipCode, NAME) VALUES ('7183', 'Randbøl');
INSERT INTO CITY (zipCode, NAME) VALUES ('7184', 'Vandel');
INSERT INTO CITY (zipCode, NAME) VALUES ('7190', 'Billund');
INSERT INTO CITY (zipCode, NAME) VALUES ('7200', 'Grindsted');
INSERT INTO CITY (zipCode, NAME) VALUES ('7250', 'Hejnsvig');
INSERT INTO CITY (zipCode, NAME) VALUES ('7260', 'Sønder Omme');
INSERT INTO CITY (zipCode, NAME) VALUES ('7270', 'Stakroge');
INSERT INTO CITY (zipCode, NAME) VALUES ('7280', 'Sønder Felding');
INSERT INTO CITY (zipCode, NAME) VALUES ('7300', 'Jelling');
INSERT INTO CITY (zipCode, NAME) VALUES ('7321', 'Gadbjerg');
INSERT INTO CITY (zipCode, NAME) VALUES ('7323', 'Give');
INSERT INTO CITY (zipCode, NAME) VALUES ('7330', 'Brande');
INSERT INTO CITY (zipCode, NAME) VALUES ('7361', 'Ejstrupholm');
INSERT INTO CITY (zipCode, NAME) VALUES ('7362', 'Hampen');
INSERT INTO CITY (zipCode, NAME) VALUES ('7400', 'Herning');
INSERT INTO CITY (zipCode, NAME) VALUES ('7429', 'Herning');
INSERT INTO CITY (zipCode, NAME) VALUES ('7430', 'Ikast');
INSERT INTO CITY (zipCode, NAME) VALUES ('7441', 'Bording');
INSERT INTO CITY (zipCode, NAME) VALUES ('7442', 'Engesvang');
INSERT INTO CITY (zipCode, NAME) VALUES ('7451', 'Sunds');
INSERT INTO CITY (zipCode, NAME) VALUES ('7470', 'Karup J');
INSERT INTO CITY (zipCode, NAME) VALUES ('7480', 'Vildbjerg');
INSERT INTO CITY (zipCode, NAME) VALUES ('7490', 'Aulum');
INSERT INTO CITY (zipCode, NAME) VALUES ('7500', 'Holstebro');
INSERT INTO CITY (zipCode, NAME) VALUES ('7540', 'Haderup');
INSERT INTO CITY (zipCode, NAME) VALUES ('7550', 'Sørvad');
INSERT INTO CITY (zipCode, NAME) VALUES ('7560', 'Hjerm');
INSERT INTO CITY (zipCode, NAME) VALUES ('7570', 'Vemb');
INSERT INTO CITY (zipCode, NAME) VALUES ('7600', 'Struer');
INSERT INTO CITY (zipCode, NAME) VALUES ('7620', 'Lemvig');
INSERT INTO CITY (zipCode, NAME) VALUES ('7650', 'Bøvlingbjerg');
INSERT INTO CITY (zipCode, NAME) VALUES ('7660', 'Bækmarksbro');
INSERT INTO CITY (zipCode, NAME) VALUES ('7673', 'Harboøre');
INSERT INTO CITY (zipCode, NAME) VALUES ('7680', 'Thyborøn');
INSERT INTO CITY (zipCode, NAME) VALUES ('7700', 'Thisted');
INSERT INTO CITY (zipCode, NAME) VALUES ('7730', 'Hanstholm');
INSERT INTO CITY (zipCode, NAME) VALUES ('7741', 'Frøstrup');
INSERT INTO CITY (zipCode, NAME) VALUES ('7742', 'Vesløs');
INSERT INTO CITY (zipCode, NAME) VALUES ('7752', 'Snedsted');
INSERT INTO CITY (zipCode, NAME) VALUES ('7755', 'Bedsted Thy');
INSERT INTO CITY (zipCode, NAME) VALUES ('7760', 'Hurup Thy');
INSERT INTO CITY (zipCode, NAME) VALUES ('7770', 'Vestervig');
INSERT INTO CITY (zipCode, NAME) VALUES ('7790', 'Thyholm');
INSERT INTO CITY (zipCode, NAME) VALUES ('7800', 'Skive');
INSERT INTO CITY (zipCode, NAME) VALUES ('7830', 'Vinderup');
INSERT INTO CITY (zipCode, NAME) VALUES ('7840', 'Højslev');
INSERT INTO CITY (zipCode, NAME) VALUES ('7850', 'Stoholm Jyll');
INSERT INTO CITY (zipCode, NAME) VALUES ('7860', 'Spøttrup');
INSERT INTO CITY (zipCode, NAME) VALUES ('7870', 'Roslev');
INSERT INTO CITY (zipCode, NAME) VALUES ('7884', 'Fur');
INSERT INTO CITY (zipCode, NAME) VALUES ('7900', 'Nykøbing M');
INSERT INTO CITY (zipCode, NAME) VALUES ('7950', 'Erslev');
INSERT INTO CITY (zipCode, NAME) VALUES ('7960', 'Karby');
INSERT INTO CITY (zipCode, NAME) VALUES ('7970', 'Redsted M');
INSERT INTO CITY (zipCode, NAME) VALUES ('7980', 'Vils');
INSERT INTO CITY (zipCode, NAME) VALUES ('7990', 'Øster Assels');
INSERT INTO CITY (zipCode, NAME) VALUES ('7992', 'Sydjylland/Fyn USF P');
INSERT INTO CITY (zipCode, NAME) VALUES ('7993', 'Sydjylland/Fyn USF B');
INSERT INTO CITY (zipCode, NAME) VALUES ('7996', 'Fakturaservice');
INSERT INTO CITY (zipCode, NAME) VALUES ('7997', 'Fakturascanning');
INSERT INTO CITY (zipCode, NAME) VALUES ('7998', 'Statsservice');
INSERT INTO CITY (zipCode, NAME) VALUES ('7999', 'Kommunepost');
INSERT INTO CITY (zipCode, NAME) VALUES ('8000', 'Aarhus C');
INSERT INTO CITY (zipCode, NAME) VALUES ('8100', 'Aarhus C');
INSERT INTO CITY (zipCode, NAME) VALUES ('8200', 'Aarhus N');
INSERT INTO CITY (zipCode, NAME) VALUES ('8210', 'Aarhus V');
INSERT INTO CITY (zipCode, NAME) VALUES ('8220', 'Brabrand');
INSERT INTO CITY (zipCode, NAME) VALUES ('8229', 'Risskov Ø');
INSERT INTO CITY (zipCode, NAME) VALUES ('8230', 'Åbyhøj');
INSERT INTO CITY (zipCode, NAME) VALUES ('8240', 'Risskov');
INSERT INTO CITY (zipCode, NAME) VALUES ('8245', 'Risskov Ø');
INSERT INTO CITY (zipCode, NAME) VALUES ('8250', 'Egå');
INSERT INTO CITY (zipCode, NAME) VALUES ('8260', 'Viby J');
INSERT INTO CITY (zipCode, NAME) VALUES ('8270', 'Højbjerg');
INSERT INTO CITY (zipCode, NAME) VALUES ('8300', 'Odder');
INSERT INTO CITY (zipCode, NAME) VALUES ('8305', 'Samsø');
INSERT INTO CITY (zipCode, NAME) VALUES ('8310', 'Tranbjerg J');
INSERT INTO CITY (zipCode, NAME) VALUES ('8320', 'Mårslet');
INSERT INTO CITY (zipCode, NAME) VALUES ('8330', 'Beder');
INSERT INTO CITY (zipCode, NAME) VALUES ('8340', 'Malling');
INSERT INTO CITY (zipCode, NAME) VALUES ('8350', 'Hundslund');
INSERT INTO CITY (zipCode, NAME) VALUES ('8355', 'Solbjerg');
INSERT INTO CITY (zipCode, NAME) VALUES ('8361', 'Hasselager');
INSERT INTO CITY (zipCode, NAME) VALUES ('8362', 'Hørning');
INSERT INTO CITY (zipCode, NAME) VALUES ('8370', 'Hadsten');
INSERT INTO CITY (zipCode, NAME) VALUES ('8380', 'Trige');
INSERT INTO CITY (zipCode, NAME) VALUES ('8381', 'Tilst');
INSERT INTO CITY (zipCode, NAME) VALUES ('8382', 'Hinnerup');
INSERT INTO CITY (zipCode, NAME) VALUES ('8400', 'Ebeltoft');
INSERT INTO CITY (zipCode, NAME) VALUES ('8410', 'Rønde');
INSERT INTO CITY (zipCode, NAME) VALUES ('8420', 'Knebel');
INSERT INTO CITY (zipCode, NAME) VALUES ('8444', 'Balle');
INSERT INTO CITY (zipCode, NAME) VALUES ('8450', 'Hammel');
INSERT INTO CITY (zipCode, NAME) VALUES ('8462', 'Harlev J');
INSERT INTO CITY (zipCode, NAME) VALUES ('8464', 'Galten');
INSERT INTO CITY (zipCode, NAME) VALUES ('8471', 'Sabro');
INSERT INTO CITY (zipCode, NAME) VALUES ('8472', 'Sporup');
INSERT INTO CITY (zipCode, NAME) VALUES ('8500', 'Grenaa');
INSERT INTO CITY (zipCode, NAME) VALUES ('8520', 'Lystrup');
INSERT INTO CITY (zipCode, NAME) VALUES ('8530', 'Hjortshøj');
INSERT INTO CITY (zipCode, NAME) VALUES ('8541', 'Skødstrup');
INSERT INTO CITY (zipCode, NAME) VALUES ('8543', 'Hornslet');
INSERT INTO CITY (zipCode, NAME) VALUES ('8544', 'Mørke');
INSERT INTO CITY (zipCode, NAME) VALUES ('8550', 'Ryomgård');
INSERT INTO CITY (zipCode, NAME) VALUES ('8560', 'Kolind');
INSERT INTO CITY (zipCode, NAME) VALUES ('8570', 'Trustrup');
INSERT INTO CITY (zipCode, NAME) VALUES ('8581', 'Nimtofte');
INSERT INTO CITY (zipCode, NAME) VALUES ('8585', 'Glesborg');
INSERT INTO CITY (zipCode, NAME) VALUES ('8586', 'Ørum Djurs');
INSERT INTO CITY (zipCode, NAME) VALUES ('8592', 'Anholt');
INSERT INTO CITY (zipCode, NAME) VALUES ('8600', 'Silkeborg');
INSERT INTO CITY (zipCode, NAME) VALUES ('8620', 'Kjellerup');
INSERT INTO CITY (zipCode, NAME) VALUES ('8632', 'Lemming');
INSERT INTO CITY (zipCode, NAME) VALUES ('8641', 'Sorring');
INSERT INTO CITY (zipCode, NAME) VALUES ('8643', 'Ans By');
INSERT INTO CITY (zipCode, NAME) VALUES ('8653', 'Them');
INSERT INTO CITY (zipCode, NAME) VALUES ('8654', 'Bryrup');
INSERT INTO CITY (zipCode, NAME) VALUES ('8660', 'Skanderborg');
INSERT INTO CITY (zipCode, NAME) VALUES ('8670', 'Låsby');
INSERT INTO CITY (zipCode, NAME) VALUES ('8680', 'Ry');
INSERT INTO CITY (zipCode, NAME) VALUES ('8700', 'Horsens');
INSERT INTO CITY (zipCode, NAME) VALUES ('8721', 'Daugård');
INSERT INTO CITY (zipCode, NAME) VALUES ('8722', 'Hedensted');
INSERT INTO CITY (zipCode, NAME) VALUES ('8723', 'Løsning');
INSERT INTO CITY (zipCode, NAME) VALUES ('8732', 'Hovedgård');
INSERT INTO CITY (zipCode, NAME) VALUES ('8740', 'Brædstrup');
INSERT INTO CITY (zipCode, NAME) VALUES ('8751', 'Gedved');
INSERT INTO CITY (zipCode, NAME) VALUES ('8752', 'Østbirk');
INSERT INTO CITY (zipCode, NAME) VALUES ('8762', 'Flemming');
INSERT INTO CITY (zipCode, NAME) VALUES ('8763', 'Rask Mølle');
INSERT INTO CITY (zipCode, NAME) VALUES ('8765', 'Klovborg');
INSERT INTO CITY (zipCode, NAME) VALUES ('8766', 'Nørre Snede');
INSERT INTO CITY (zipCode, NAME) VALUES ('8781', 'Stenderup');
INSERT INTO CITY (zipCode, NAME) VALUES ('8783', 'Hornsyld');
INSERT INTO CITY (zipCode, NAME) VALUES ('8800', 'Viborg');
INSERT INTO CITY (zipCode, NAME) VALUES ('8830', 'Tjele');
INSERT INTO CITY (zipCode, NAME) VALUES ('8831', 'Løgstrup');
INSERT INTO CITY (zipCode, NAME) VALUES ('8832', 'Skals');
INSERT INTO CITY (zipCode, NAME) VALUES ('8840', 'Rødkærsbro');
INSERT INTO CITY (zipCode, NAME) VALUES ('8850', 'Bjerringbro');
INSERT INTO CITY (zipCode, NAME) VALUES ('8860', 'Ulstrup');
INSERT INTO CITY (zipCode, NAME) VALUES ('8870', 'Langå');
INSERT INTO CITY (zipCode, NAME) VALUES ('8881', 'Thorsø');
INSERT INTO CITY (zipCode, NAME) VALUES ('8882', 'Fårvang');
INSERT INTO CITY (zipCode, NAME) VALUES ('8883', 'Gjern');
INSERT INTO CITY (zipCode, NAME) VALUES ('8900', 'Randers C');
INSERT INTO CITY (zipCode, NAME) VALUES ('8920', 'Randers NV');
INSERT INTO CITY (zipCode, NAME) VALUES ('8930', 'Randers NØ');
INSERT INTO CITY (zipCode, NAME) VALUES ('8940', 'Randers SV');
INSERT INTO CITY (zipCode, NAME) VALUES ('8950', 'Ørsted');
INSERT INTO CITY (zipCode, NAME) VALUES ('8960', 'Randers SØ');
INSERT INTO CITY (zipCode, NAME) VALUES ('8961', 'Allingåbro');
INSERT INTO CITY (zipCode, NAME) VALUES ('8963', 'Auning');
INSERT INTO CITY (zipCode, NAME) VALUES ('8970', 'Havndal');
INSERT INTO CITY (zipCode, NAME) VALUES ('8981', 'Spentrup');
INSERT INTO CITY (zipCode, NAME) VALUES ('8983', 'Gjerlev J');
INSERT INTO CITY (zipCode, NAME) VALUES ('8990', 'Fårup');
INSERT INTO CITY (zipCode, NAME) VALUES ('9000', 'Aalborg');
INSERT INTO CITY (zipCode, NAME) VALUES ('9029', 'Aalborg');
INSERT INTO CITY (zipCode, NAME) VALUES ('9100', 'Aalborg');
INSERT INTO CITY (zipCode, NAME) VALUES ('9200', 'Aalborg SV');
INSERT INTO CITY (zipCode, NAME) VALUES ('9210', 'Aalborg SØ');
INSERT INTO CITY (zipCode, NAME) VALUES ('9220', 'Aalborg Øst');
INSERT INTO CITY (zipCode, NAME) VALUES ('9230', 'Svenstrup J');
INSERT INTO CITY (zipCode, NAME) VALUES ('9240', 'Nibe');
INSERT INTO CITY (zipCode, NAME) VALUES ('9260', 'Gistrup');
INSERT INTO CITY (zipCode, NAME) VALUES ('9270', 'Klarup');
INSERT INTO CITY (zipCode, NAME) VALUES ('9280', 'Storvorde');
INSERT INTO CITY (zipCode, NAME) VALUES ('9293', 'Kongerslev');
INSERT INTO CITY (zipCode, NAME) VALUES ('9300', 'Sæby');
INSERT INTO CITY (zipCode, NAME) VALUES ('9310', 'Vodskov');
INSERT INTO CITY (zipCode, NAME) VALUES ('9320', 'Hjallerup');
INSERT INTO CITY (zipCode, NAME) VALUES ('9330', 'Dronninglund');
INSERT INTO CITY (zipCode, NAME) VALUES ('9340', 'Asaa');
INSERT INTO CITY (zipCode, NAME) VALUES ('9352', 'Dybvad');
INSERT INTO CITY (zipCode, NAME) VALUES ('9362', 'Gandrup');
INSERT INTO CITY (zipCode, NAME) VALUES ('9370', 'Hals');
INSERT INTO CITY (zipCode, NAME) VALUES ('9380', 'Vestbjerg');
INSERT INTO CITY (zipCode, NAME) VALUES ('9381', 'Sulsted');
INSERT INTO CITY (zipCode, NAME) VALUES ('9382', 'Tylstrup');
INSERT INTO CITY (zipCode, NAME) VALUES ('9400', 'Nørresundby');
INSERT INTO CITY (zipCode, NAME) VALUES ('9430', 'Vadum');
INSERT INTO CITY (zipCode, NAME) VALUES ('9440', 'Aabybro');
INSERT INTO CITY (zipCode, NAME) VALUES ('9460', 'Brovst');
INSERT INTO CITY (zipCode, NAME) VALUES ('9480', 'Løkken');
INSERT INTO CITY (zipCode, NAME) VALUES ('9490', 'Pandrup');
INSERT INTO CITY (zipCode, NAME) VALUES ('9492', 'Blokhus');
INSERT INTO CITY (zipCode, NAME) VALUES ('9493', 'Saltum');
INSERT INTO CITY (zipCode, NAME) VALUES ('9500', 'Hobro');
INSERT INTO CITY (zipCode, NAME) VALUES ('9510', 'Arden');
INSERT INTO CITY (zipCode, NAME) VALUES ('9520', 'Skørping');
INSERT INTO CITY (zipCode, NAME) VALUES ('9530', 'Støvring');
INSERT INTO CITY (zipCode, NAME) VALUES ('9541', 'Suldrup');
INSERT INTO CITY (zipCode, NAME) VALUES ('9550', 'Mariager');
INSERT INTO CITY (zipCode, NAME) VALUES ('9560', 'Hadsund');
INSERT INTO CITY (zipCode, NAME) VALUES ('9574', 'Bælum');
INSERT INTO CITY (zipCode, NAME) VALUES ('9575', 'Terndrup');
INSERT INTO CITY (zipCode, NAME) VALUES ('9600', 'Aars');
INSERT INTO CITY (zipCode, NAME) VALUES ('9610', 'Nørager');
INSERT INTO CITY (zipCode, NAME) VALUES ('9620', 'Aalestrup');
INSERT INTO CITY (zipCode, NAME) VALUES ('9631', 'Gedsted');
INSERT INTO CITY (zipCode, NAME) VALUES ('9632', 'Møldrup');
INSERT INTO CITY (zipCode, NAME) VALUES ('9640', 'Farsø');
INSERT INTO CITY (zipCode, NAME) VALUES ('9670', 'Løgstør');
INSERT INTO CITY (zipCode, NAME) VALUES ('9681', 'Ranum');
INSERT INTO CITY (zipCode, NAME) VALUES ('9690', 'Fjerritslev');
INSERT INTO CITY (zipCode, NAME) VALUES ('9700', 'Brønderslev');
INSERT INTO CITY (zipCode, NAME) VALUES ('9740', 'Jerslev J');
INSERT INTO CITY (zipCode, NAME) VALUES ('9750', 'Østervrå');
INSERT INTO CITY (zipCode, NAME) VALUES ('9760', 'Vrå');
INSERT INTO CITY (zipCode, NAME) VALUES ('9800', 'Hjørring');
INSERT INTO CITY (zipCode, NAME) VALUES ('9830', 'Tårs');
INSERT INTO CITY (zipCode, NAME) VALUES ('9850', 'Hirtshals');
INSERT INTO CITY (zipCode, NAME) VALUES ('9870', 'Sindal');
INSERT INTO CITY (zipCode, NAME) VALUES ('9881', 'Bindslev');
INSERT INTO CITY (zipCode, NAME) VALUES ('9900', 'Frederikshavn');
INSERT INTO CITY (zipCode, NAME) VALUES ('9940', 'Læsø');
INSERT INTO CITY (zipCode, NAME) VALUES ('9970', 'Strandby');
INSERT INTO CITY (zipCode, NAME) VALUES ('9981', 'Jerup');
INSERT INTO CITY (zipCode, NAME) VALUES ('9982', 'Ålbæk');
INSERT INTO CITY (zipCode, NAME) VALUES ('9990', 'Skagen');
INSERT INTO CITY (zipCode, NAME) VALUES ('9992', 'Jylland USF P');
INSERT INTO CITY (zipCode, NAME) VALUES ('9993', 'Jylland USF B');
INSERT INTO CITY (zipCode, NAME) VALUES ('9996', 'Fakturaservice');
INSERT INTO CITY (zipCode, NAME) VALUES ('9997', 'Fakturascanning');
INSERT INTO CITY (zipCode, NAME) VALUES ('9998', 'Borgerservice');
INSERT INTO CITY (zipCode, NAME) VALUES ('2412', 'Santa Claus/Julemanden');
INSERT INTO CITY (zipCode, NAME) VALUES ('3900', 'Nuuk');
INSERT INTO CITY (zipCode, NAME) VALUES ('3905', 'Nuussuaq');
INSERT INTO CITY (zipCode, NAME) VALUES ('3910', 'Kangerlussuaq');
INSERT INTO CITY (zipCode, NAME) VALUES ('3911', 'Sisimiut');
INSERT INTO CITY (zipCode, NAME) VALUES ('3912', 'Maniitsoq');
INSERT INTO CITY (zipCode, NAME) VALUES ('3913', 'Tasiilaq');
INSERT INTO CITY (zipCode, NAME) VALUES ('3915', 'Kulusuk');
INSERT INTO CITY (zipCode, NAME) VALUES ('3919', 'Alluitsup Paa');
INSERT INTO CITY (zipCode, NAME) VALUES ('3920', 'Qaqortoq');
INSERT INTO CITY (zipCode, NAME) VALUES ('3921', 'Narsaq');
INSERT INTO CITY (zipCode, NAME) VALUES ('3922', 'Nanortalik');
INSERT INTO CITY (zipCode, NAME) VALUES ('3923', 'Narsarsuaq');
INSERT INTO CITY (zipCode, NAME) VALUES ('3924', 'Ikerasassuaq');
INSERT INTO CITY (zipCode, NAME) VALUES ('3930', 'Kangilinnguit');
INSERT INTO CITY (zipCode, NAME) VALUES ('3932', 'Arsuk');
INSERT INTO CITY (zipCode, NAME) VALUES ('3940', 'Paamiut');
INSERT INTO CITY (zipCode, NAME) VALUES ('3950', 'Aasiaat');
INSERT INTO CITY (zipCode, NAME) VALUES ('3951', 'Qasigiannguit');
INSERT INTO CITY (zipCode, NAME) VALUES ('3952', 'Ilulissat');
INSERT INTO CITY (zipCode, NAME) VALUES ('3953', 'Qeqertarsuaq');
INSERT INTO CITY (zipCode, NAME) VALUES ('3955', 'Kangaatsiaq');
INSERT INTO CITY (zipCode, NAME) VALUES ('3961', 'Uummannaq');
INSERT INTO CITY (zipCode, NAME) VALUES ('3962', 'Upernavik');
INSERT INTO CITY (zipCode, NAME) VALUES ('3964', 'Qaarsut');
INSERT INTO CITY (zipCode, NAME) VALUES ('3970', 'Pituffik');
INSERT INTO CITY (zipCode, NAME) VALUES ('3971', 'Qaanaaq');
INSERT INTO CITY (zipCode, NAME) VALUES ('3972', 'Station Nord');
INSERT INTO CITY (zipCode, NAME) VALUES ('3980', 'Ittoqqortoormiit');
INSERT INTO CITY (zipCode, NAME) VALUES ('3982', 'Mestersvig');
INSERT INTO CITY (zipCode, NAME) VALUES ('3984', 'Danmarkshavn');
INSERT INTO CITY (zipCode, NAME) VALUES ('3985', 'Constable Pynt');
INSERT INTO CITY (zipCode, NAME) VALUES ('3992', 'Slædepatrulje Sirius');
INSERT INTO CITY (zipCode, NAME) VALUES ('100', 'Tórshavn');
INSERT INTO CITY (zipCode, NAME) VALUES ('110', 'Tórshavn ');
INSERT INTO CITY (zipCode, NAME) VALUES ('160', 'Argir');
INSERT INTO CITY (zipCode, NAME) VALUES ('165', 'Argir ');
INSERT INTO CITY (zipCode, NAME) VALUES ('175', 'Kirkjubøur');
INSERT INTO CITY (zipCode, NAME) VALUES ('176', 'Velbastadur');
INSERT INTO CITY (zipCode, NAME) VALUES ('177', 'Sydradalur, Streymoy');
INSERT INTO CITY (zipCode, NAME) VALUES ('178', 'Nordradalur');
INSERT INTO CITY (zipCode, NAME) VALUES ('180', 'Kaldbak');
INSERT INTO CITY (zipCode, NAME) VALUES ('185', 'Kaldbaksbotnur');
INSERT INTO CITY (zipCode, NAME) VALUES ('186', 'Sund');
INSERT INTO CITY (zipCode, NAME) VALUES ('187', 'Hvitanes');
INSERT INTO CITY (zipCode, NAME) VALUES ('188', 'Hoyvík');
INSERT INTO CITY (zipCode, NAME) VALUES ('210', 'Sandur');
INSERT INTO CITY (zipCode, NAME) VALUES ('215', 'Sandur');
INSERT INTO CITY (zipCode, NAME) VALUES ('220', 'Skálavík');
INSERT INTO CITY (zipCode, NAME) VALUES ('230', 'Húsavík');
INSERT INTO CITY (zipCode, NAME) VALUES ('235', 'Dalur');
INSERT INTO CITY (zipCode, NAME) VALUES ('236', 'Skarvanes');
INSERT INTO CITY (zipCode, NAME) VALUES ('240', 'Skopun');
INSERT INTO CITY (zipCode, NAME) VALUES ('260', 'Skúvoy');
INSERT INTO CITY (zipCode, NAME) VALUES ('270', 'Nólsoy');
INSERT INTO CITY (zipCode, NAME) VALUES ('280', 'Hestur');
INSERT INTO CITY (zipCode, NAME) VALUES ('285', 'Koltur');
INSERT INTO CITY (zipCode, NAME) VALUES ('286', 'Stóra Dimun');
INSERT INTO CITY (zipCode, NAME) VALUES ('330', 'Stykkid');
INSERT INTO CITY (zipCode, NAME) VALUES ('335', 'Leynar');
INSERT INTO CITY (zipCode, NAME) VALUES ('336', 'Skællingur');
INSERT INTO CITY (zipCode, NAME) VALUES ('340', 'Kvívík');
INSERT INTO CITY (zipCode, NAME) VALUES ('350', 'Vestmanna');
INSERT INTO CITY (zipCode, NAME) VALUES ('355', 'Vestmanna');
INSERT INTO CITY (zipCode, NAME) VALUES ('358', 'Válur');
INSERT INTO CITY (zipCode, NAME) VALUES ('360', 'Sandavágur');
INSERT INTO CITY (zipCode, NAME) VALUES ('370', 'Midvágur');
INSERT INTO CITY (zipCode, NAME) VALUES ('375', 'Midvágur');
INSERT INTO CITY (zipCode, NAME) VALUES ('380', 'Sørvágur');
INSERT INTO CITY (zipCode, NAME) VALUES ('385', 'Vatnsoyrar');
INSERT INTO CITY (zipCode, NAME) VALUES ('386', 'Bøur');
INSERT INTO CITY (zipCode, NAME) VALUES ('387', 'Gásadalur');
INSERT INTO CITY (zipCode, NAME) VALUES ('388', 'Mykines');
INSERT INTO CITY (zipCode, NAME) VALUES ('400', 'Oyrarbakki');
INSERT INTO CITY (zipCode, NAME) VALUES ('405', 'Oyrarbakki');
INSERT INTO CITY (zipCode, NAME) VALUES ('410', 'Kollafjørdur');
INSERT INTO CITY (zipCode, NAME) VALUES ('415', 'Oyrareingir');
INSERT INTO CITY (zipCode, NAME) VALUES ('416', 'Signabøur');
INSERT INTO CITY (zipCode, NAME) VALUES ('420', 'Hósvík');
INSERT INTO CITY (zipCode, NAME) VALUES ('430', 'Hvalvík');
INSERT INTO CITY (zipCode, NAME) VALUES ('435', 'Streymnes');
INSERT INTO CITY (zipCode, NAME) VALUES ('436', 'Saksun');
INSERT INTO CITY (zipCode, NAME) VALUES ('437', 'Nesvík');
INSERT INTO CITY (zipCode, NAME) VALUES ('438', 'Langasandur');
INSERT INTO CITY (zipCode, NAME) VALUES ('440', 'Haldarsvík');
INSERT INTO CITY (zipCode, NAME) VALUES ('445', 'Tjørnuvík');
INSERT INTO CITY (zipCode, NAME) VALUES ('450', 'Oyri');
INSERT INTO CITY (zipCode, NAME) VALUES ('460', 'Nordskáli');
INSERT INTO CITY (zipCode, NAME) VALUES ('465', 'Svináir');
INSERT INTO CITY (zipCode, NAME) VALUES ('466', 'Ljósá');
INSERT INTO CITY (zipCode, NAME) VALUES ('470', 'Eidi');
INSERT INTO CITY (zipCode, NAME) VALUES ('475', 'Funningur');
INSERT INTO CITY (zipCode, NAME) VALUES ('476', 'Gjógv');
INSERT INTO CITY (zipCode, NAME) VALUES ('477', 'Funningsfjørdur');
INSERT INTO CITY (zipCode, NAME) VALUES ('478', 'Elduvík');
INSERT INTO CITY (zipCode, NAME) VALUES ('480', 'Skáli');
INSERT INTO CITY (zipCode, NAME) VALUES ('485', 'Skálafjørdur');
INSERT INTO CITY (zipCode, NAME) VALUES ('490', 'Strendur');
INSERT INTO CITY (zipCode, NAME) VALUES ('494', 'Innan Glyvur');
INSERT INTO CITY (zipCode, NAME) VALUES ('495', 'Kolbanargjógv');
INSERT INTO CITY (zipCode, NAME) VALUES ('496', 'Morskranes');
INSERT INTO CITY (zipCode, NAME) VALUES ('497', 'Selatrad');
INSERT INTO CITY (zipCode, NAME) VALUES ('510', 'Gøta');
INSERT INTO CITY (zipCode, NAME) VALUES ('511', 'Gøtugjógv');
INSERT INTO CITY (zipCode, NAME) VALUES ('512', 'Nordragøta');
INSERT INTO CITY (zipCode, NAME) VALUES ('513', 'Sydrugøta');
INSERT INTO CITY (zipCode, NAME) VALUES ('515', 'Gøta');
INSERT INTO CITY (zipCode, NAME) VALUES ('520', 'Leirvík');
INSERT INTO CITY (zipCode, NAME) VALUES ('530', 'Fuglafjørdur');
INSERT INTO CITY (zipCode, NAME) VALUES ('535', 'Fuglafjørdur');
INSERT INTO CITY (zipCode, NAME) VALUES ('600', 'Saltangará');
INSERT INTO CITY (zipCode, NAME) VALUES ('610', 'Saltangará');
INSERT INTO CITY (zipCode, NAME) VALUES ('620', 'Runavík');
INSERT INTO CITY (zipCode, NAME) VALUES ('625', 'Glyvrar');
INSERT INTO CITY (zipCode, NAME) VALUES ('626', 'Lambareidi');
INSERT INTO CITY (zipCode, NAME) VALUES ('627', 'Lambi');
INSERT INTO CITY (zipCode, NAME) VALUES ('640', 'Rituvík');
INSERT INTO CITY (zipCode, NAME) VALUES ('645', 'Æduvík');
INSERT INTO CITY (zipCode, NAME) VALUES ('650', 'Toftir');
INSERT INTO CITY (zipCode, NAME) VALUES ('655', 'Nes, Eysturoy');
INSERT INTO CITY (zipCode, NAME) VALUES ('656', 'Saltnes');
INSERT INTO CITY (zipCode, NAME) VALUES ('660', 'Søldarfjørdur');
INSERT INTO CITY (zipCode, NAME) VALUES ('665', 'Skipanes');
INSERT INTO CITY (zipCode, NAME) VALUES ('666', 'Gøtueidi');
INSERT INTO CITY (zipCode, NAME) VALUES ('690', 'Oyndarfjørdur');
INSERT INTO CITY (zipCode, NAME) VALUES ('695', 'Hellur');
INSERT INTO CITY (zipCode, NAME) VALUES ('700', 'Klaksvík');
INSERT INTO CITY (zipCode, NAME) VALUES ('710', 'Klaksvík');
INSERT INTO CITY (zipCode, NAME) VALUES ('725', 'Nordoyri');
INSERT INTO CITY (zipCode, NAME) VALUES ('726', 'Ánir');
INSERT INTO CITY (zipCode, NAME) VALUES ('727', 'Árnafjørdur');
INSERT INTO CITY (zipCode, NAME) VALUES ('730', 'Norddepil');
INSERT INTO CITY (zipCode, NAME) VALUES ('735', 'Depil');
INSERT INTO CITY (zipCode, NAME) VALUES ('736', 'Nordtoftir');
INSERT INTO CITY (zipCode, NAME) VALUES ('737', 'Múli');
INSERT INTO CITY (zipCode, NAME) VALUES ('740', 'Hvannasund');
INSERT INTO CITY (zipCode, NAME) VALUES ('750', 'Vidareidi');
INSERT INTO CITY (zipCode, NAME) VALUES ('765', 'Svinoy');
INSERT INTO CITY (zipCode, NAME) VALUES ('766', 'Kirkja');
INSERT INTO CITY (zipCode, NAME) VALUES ('767', 'Hattarvík');
INSERT INTO CITY (zipCode, NAME) VALUES ('780', 'Kunoy');
INSERT INTO CITY (zipCode, NAME) VALUES ('785', 'Haraldssund');
INSERT INTO CITY (zipCode, NAME) VALUES ('795', 'Sydradalur, Kalsoy');
INSERT INTO CITY (zipCode, NAME) VALUES ('796', 'Húsar');
INSERT INTO CITY (zipCode, NAME) VALUES ('797', 'Mikladalur');
INSERT INTO CITY (zipCode, NAME) VALUES ('798', 'Trøllanes');
INSERT INTO CITY (zipCode, NAME) VALUES ('800', 'Tvøroyri');
INSERT INTO CITY (zipCode, NAME) VALUES ('810', 'Tvøroyri');
INSERT INTO CITY (zipCode, NAME) VALUES ('825', 'Frodba');
INSERT INTO CITY (zipCode, NAME) VALUES ('826', 'Trongisvágur');
INSERT INTO CITY (zipCode, NAME) VALUES ('827', 'Øravík');
INSERT INTO CITY (zipCode, NAME) VALUES ('850', 'Hvalba');
INSERT INTO CITY (zipCode, NAME) VALUES ('860', 'Sandvík');
INSERT INTO CITY (zipCode, NAME) VALUES ('870', 'Fámjin');
INSERT INTO CITY (zipCode, NAME) VALUES ('900', 'Vágur');
INSERT INTO CITY (zipCode, NAME) VALUES ('910', 'Vágur');
INSERT INTO CITY (zipCode, NAME) VALUES ('925', 'Nes, Vágur');
INSERT INTO CITY (zipCode, NAME) VALUES ('926', 'Lopra');
INSERT INTO CITY (zipCode, NAME) VALUES ('927', 'Akrar');
INSERT INTO CITY (zipCode, NAME) VALUES ('928', 'Vikarbyrgi');
INSERT INTO CITY (zipCode, NAME) VALUES ('950', 'Porkeri');
INSERT INTO CITY (zipCode, NAME) VALUES ('960', 'Hov');
INSERT INTO CITY (zipCode, NAME) VALUES ('970', 'Sumba');
INSERT INTO hobby (id, name, description) VALUES (1, 'Soccer', 'Association football, more commonly known as football or soccer, is a team sport played between two teams of eleven players with a spherical ball. It is played by 250 million players in over 200 countries and dependencies, making it the worlds most popular sport.');
INSERT INTO hobby (id, name, description) VALUES (2, 'Handball', 'Handball (also known as team handball, fieldball, European handball or Olympic handball) is a team sport in which two teams of seven players each (six outfield players and a goalkeeper) pass a ball using their hands with the aim of throwing it into the goal of the other team.');
INSERT INTO hobby (id, name, description) VALUES (3, 'Esports', 'eSports (also known as electronic sports, esports, esports, or competitiveprofessional video gaming) are a form of competition using video games.');
INSERT INTO hobby (id, name, description) VALUES (4, 'Fishing', 'Fishing is the activity of trying to catch fish. Fish are normally caught in the wild. Techniques for catching fish include hand gathering, spearing, netting, angling and trapping. Fishing may include catching aquatic animals other than fish, such as molluscs, cephalopods, crustaceans, and echinoderms.');
INSERT INTO hobby (id, name, description) VALUES (5, 'Running', 'Running is a method of terrestrial locomotion allowing humans and other animals to move rapidly on foot. Running is a type of gait characterized by an aerial phase in which all feet are above the ground (though there are exceptions1). This is in contrast to walking, where one foot is always in contact with the ground, the legs are kept mostly straight and the center of gravity vaults over the stance leg or legs in an inverted pendulum fashion.');
INSERT INTO hobby (id, name, description) VALUES (6, 'Baking', 'Baking is a method of cooking food that uses prolonged dry heat, normally in an oven, but also in hot ashes, or on hot stones. The most common baked item is bread but many other types of foods are baked.');
INSERT INTO hobby (id, name, description) VALUES (7, 'Cooking', 'Cooking or cookery is the art, technology, science and craft of preparing food for consumption. Cooking techniques and ingredients vary widely across the world, from grilling food over an open fire to using electric stoves, to baking in various types of ovens, reflecting unique environmental, economic, and cultural traditions and trends.');
INSERT INTO hobby (id, name, description) VALUES (8, 'Ice skating', 'Ice skating is the act of motion by wearer of the ice skates to propel the participant across a sheet of ice. This can be done for a variety of reasons, including exercise, leisure, traveling, and various sports.');
INSERT INTO hobby (id, name, description) VALUES (9, 'Programming', 'Computer programming is the process of designing and building an executable computer program for accomplishing a specific computing task.');
INSERT INTO hobby (id, name, description) VALUES (10, 'Acting', 'Acting is an activity in which a story is told by means of its enactment by an actor or actress who adopts a characterin theatre, television, film, radio, or any other medium that makes use of the mimetic mode.');
INSERT INTO hobby (id, name, description) VALUES (11, 'Painting', 'Painting is the practice of applying paint, pigment, color or other medium to asolid surface (support base). The medium is commonly applied to the base with a brush, but other implements, such as knives, sponges, and airbrushes, can be used. The final work is also called a painting.');
INSERT INTO hobby (id, name, description) VALUES (12, 'Dance', 'Dance is a performing art form consisting of purposefully selected sequences of human movement. This movement has aesthetic and symbolic value, and is acknowledged as dance by performers and observers within a particular culture.');
INSERT INTO `address` (`id`, `information`, `street`, `city_id`) VALUES (1, '110', 'Ryllevej', 733);
INSERT INTO `person` (`ID`, `EMAIL`, `FIRSTNAME`, `LASTNAME`, `ADDRESS_ID`) VALUES (1, 'jonas-behrendt-1183@protonmail.dk', 'Jonas', 'Behrendt', 1);
INSERT INTO `phone` (`ID`, `DESCRIPTION`, `NUMBER`, `OWNER_ID`) VALUES (1, 'Mobil', '94944147', 1);
INSERT INTO `phone` (`ID`, `DESCRIPTION`, `NUMBER`, `OWNER_ID`) VALUES (2, 'Mobil', '39833016', 1);
INSERT INTO `phone` (`ID`, `DESCRIPTION`, `NUMBER`, `OWNER_ID`) VALUES (3, 'Arbejde', '64348625', 1);
INSERT INTO hobby_person (hobbies_id, persons_id) VALUES (1, 1);
INSERT INTO `address` (`id`, `information`, `street`, `city_id`) VALUES (2, '275', 'Baunebjergvej', 1126);
INSERT INTO `person` (`ID`, `EMAIL`, `FIRSTNAME`, `LASTNAME`, `ADDRESS_ID`) VALUES (2, 'maria-runesen-2206@protonmail.dk', 'Maria', 'Runesen', 2);
INSERT INTO `phone` (`ID`, `DESCRIPTION`, `NUMBER`, `OWNER_ID`) VALUES (4, 'Feriehjem', '83787232', 2);
INSERT INTO hobby_person (hobbies_id, persons_id) VALUES (9, 2);
INSERT INTO hobby_person (hobbies_id, persons_id) VALUES (12, 2);
INSERT INTO hobby_person (hobbies_id, persons_id) VALUES (3, 2);
INSERT INTO `address` (`id`, `information`, `street`, `city_id`) VALUES (3, '152', 'Østgaardsvej', 1174);
INSERT INTO `person` (`ID`, `EMAIL`, `FIRSTNAME`, `LASTNAME`, `ADDRESS_ID`) VALUES (3, 'marcus-eriksen-3317@hotmail.eu', 'Marcus', 'Eriksen', 3);
INSERT INTO `phone` (`ID`, `DESCRIPTION`, `NUMBER`, `OWNER_ID`) VALUES (5, 'Bil', '65229563', 3);
INSERT INTO `phone` (`ID`, `DESCRIPTION`, `NUMBER`, `OWNER_ID`) VALUES (6, 'Arbejde', '92152742', 3);
INSERT INTO `phone` (`ID`, `DESCRIPTION`, `NUMBER`, `OWNER_ID`) VALUES (7, 'Hjem', '80378511', 3);
INSERT INTO hobby_person (hobbies_id, persons_id) VALUES (4, 3);
INSERT INTO hobby_person (hobbies_id, persons_id) VALUES (6, 3);
INSERT INTO hobby_person (hobbies_id, persons_id) VALUES (12, 3);
INSERT INTO `address` (`id`, `information`, `street`, `city_id`) VALUES (4, '166', 'Hjortekærsvej', 1014);
INSERT INTO `person` (`ID`, `EMAIL`, `FIRSTNAME`, `LASTNAME`, `ADDRESS_ID`) VALUES (4, 'kirsten-kaspersen-469@outlook.eu', 'Kirsten', 'Kaspersen', 4);
INSERT INTO `phone` (`ID`, `DESCRIPTION`, `NUMBER`, `OWNER_ID`) VALUES (8, 'Bil', '70913753', 4);
INSERT INTO hobby_person (hobbies_id, persons_id) VALUES (9, 4);
INSERT INTO hobby_person (hobbies_id, persons_id) VALUES (3, 4);
INSERT INTO hobby_person (hobbies_id, persons_id) VALUES (12, 4);
INSERT INTO `address` (`id`, `information`, `street`, `city_id`) VALUES (5, '340', 'Kronhjortevej', 1031);
INSERT INTO `person` (`ID`, `EMAIL`, `FIRSTNAME`, `LASTNAME`, `ADDRESS_ID`) VALUES (5, 'maria-eriksen-5497@outlook.dk', 'Maria', 'Eriksen', 5);
INSERT INTO `phone` (`ID`, `DESCRIPTION`, `NUMBER`, `OWNER_ID`) VALUES (9, 'Feriehjem', '71676335', 5);
INSERT INTO `phone` (`ID`, `DESCRIPTION`, `NUMBER`, `OWNER_ID`) VALUES (10, 'Mobil', '9162234', 5);
INSERT INTO hobby_person (hobbies_id, persons_id) VALUES (5, 5);
INSERT INTO hobby_person (hobbies_id, persons_id) VALUES (7, 5);
INSERT INTO `address` (`id`, `information`, `street`, `city_id`) VALUES (6, '496', 'Milanovicvej', 465);
INSERT INTO `person` (`ID`, `EMAIL`, `FIRSTNAME`, `LASTNAME`, `ADDRESS_ID`) VALUES (6, 'rune-jensen-6198@hotmail.io', 'Rune', 'Jensen', 6);
INSERT INTO `phone` (`ID`, `DESCRIPTION`, `NUMBER`, `OWNER_ID`) VALUES (11, 'Arbejde', '97592347', 6);
INSERT INTO `phone` (`ID`, `DESCRIPTION`, `NUMBER`, `OWNER_ID`) VALUES (12, 'Hjem', '57381903', 6);
INSERT INTO `phone` (`ID`, `DESCRIPTION`, `NUMBER`, `OWNER_ID`) VALUES (13, 'Hjem', '15956639', 6);
INSERT INTO hobby_person (hobbies_id, persons_id) VALUES (7, 6);
INSERT INTO hobby_person (hobbies_id, persons_id) VALUES (8, 6);
INSERT INTO hobby_person (hobbies_id, persons_id) VALUES (3, 6);
INSERT INTO `address` (`id`, `information`, `street`, `city_id`) VALUES (7, '200', 'Ryllevej', 844);
INSERT INTO `person` (`ID`, `EMAIL`, `FIRSTNAME`, `LASTNAME`, `ADDRESS_ID`) VALUES (7, 'tobias-vestergaard-7203@gmail.io', 'Tobias', 'Vestergaard', 7);
INSERT INTO `phone` (`ID`, `DESCRIPTION`, `NUMBER`, `OWNER_ID`) VALUES (14, 'Hjem', '4284098', 7);
INSERT INTO `phone` (`ID`, `DESCRIPTION`, `NUMBER`, `OWNER_ID`) VALUES (15, 'Arbejde', '3569940', 7);
INSERT INTO `phone` (`ID`, `DESCRIPTION`, `NUMBER`, `OWNER_ID`) VALUES (16, 'Arbejde', '23497679', 7);
INSERT INTO hobby_person (hobbies_id, persons_id) VALUES (6, 7);
INSERT INTO hobby_person (hobbies_id, persons_id) VALUES (8, 7);
INSERT INTO `address` (`id`, `information`, `street`, `city_id`) VALUES (8, '16', 'Baunebjergvej', 459);
INSERT INTO `person` (`ID`, `EMAIL`, `FIRSTNAME`, `LASTNAME`, `ADDRESS_ID`) VALUES (8, 'louise-alexandersen-8201@outlook.dk', 'Louise', 'Alexandersen', 8);
INSERT INTO `phone` (`ID`, `DESCRIPTION`, `NUMBER`, `OWNER_ID`) VALUES (17, 'Arbejde', '63124918', 8);
INSERT INTO `phone` (`ID`, `DESCRIPTION`, `NUMBER`, `OWNER_ID`) VALUES (18, 'Feriehjem', '75586732', 8);
INSERT INTO hobby_person (hobbies_id, persons_id) VALUES (7, 8);
INSERT INTO hobby_person (hobbies_id, persons_id) VALUES (1, 8);
INSERT INTO hobby_person (hobbies_id, persons_id) VALUES (11, 8);
INSERT INTO `address` (`id`, `information`, `street`, `city_id`) VALUES (9, '206', 'Ryllevej', 836);
INSERT INTO `person` (`ID`, `EMAIL`, `FIRSTNAME`, `LASTNAME`, `ADDRESS_ID`) VALUES (9, 'julie-holm-9196@protonmail.com', 'Julie', 'Holm', 9);
INSERT INTO `phone` (`ID`, `DESCRIPTION`, `NUMBER`, `OWNER_ID`) VALUES (19, 'Mobil', '12371849', 9);
INSERT INTO hobby_person (hobbies_id, persons_id) VALUES (1, 9);
INSERT INTO hobby_person (hobbies_id, persons_id) VALUES (9, 9);
INSERT INTO hobby_person (hobbies_id, persons_id) VALUES (8, 9);
INSERT INTO `address` (`id`, `information`, `street`, `city_id`) VALUES (10, '363', 'Milanovicvej', 65);
INSERT INTO `person` (`ID`, `EMAIL`, `FIRSTNAME`, `LASTNAME`, `ADDRESS_ID`) VALUES (10, 'ida-pedersen-1029@hotmail.dk', 'Ida', 'Pedersen', 10);
INSERT INTO `phone` (`ID`, `DESCRIPTION`, `NUMBER`, `OWNER_ID`) VALUES (20, 'Bil', '46484613', 10);
INSERT INTO hobby_person (hobbies_id, persons_id) VALUES (9, 10);
INSERT INTO hobby_person (hobbies_id, persons_id) VALUES (8, 10);
INSERT INTO hobby_person (hobbies_id, persons_id) VALUES (3, 10);
INSERT INTO `address` (`id`, `information`, `street`, `city_id`) VALUES (11, '323', 'Baunebjergvej', 1315);
INSERT INTO `person` (`ID`, `EMAIL`, `FIRSTNAME`, `LASTNAME`, `ADDRESS_ID`) VALUES (11, 'julie-kristiansen-1124@protonmail.dk', 'Julie', 'Kristiansen', 11);
INSERT INTO `phone` (`ID`, `DESCRIPTION`, `NUMBER`, `OWNER_ID`) VALUES (21, 'Arbejde', '4824799', 11);
INSERT INTO hobby_person (hobbies_id, persons_id) VALUES (10, 11);
INSERT INTO hobby_person (hobbies_id, persons_id) VALUES (11, 11);
INSERT INTO `address` (`id`, `information`, `street`, `city_id`) VALUES (12, '214', 'Milanovicvej', 1043);
INSERT INTO `person` (`ID`, `EMAIL`, `FIRSTNAME`, `LASTNAME`, `ADDRESS_ID`) VALUES (12, 'camilla-poulsen-12376@hotmail.eu', 'Camilla', 'Poulsen', 12);
INSERT INTO `phone` (`ID`, `DESCRIPTION`, `NUMBER`, `OWNER_ID`) VALUES (22, 'Arbejde', '49839725', 12);
INSERT INTO `phone` (`ID`, `DESCRIPTION`, `NUMBER`, `OWNER_ID`) VALUES (23, 'Hjem', '41964281', 12);
INSERT INTO hobby_person (hobbies_id, persons_id) VALUES (7, 12);
INSERT INTO hobby_person (hobbies_id, persons_id) VALUES (1, 12);
INSERT INTO `address` (`id`, `information`, `street`, `city_id`) VALUES (13, '254', 'Kullevej', 1249);
INSERT INTO `person` (`ID`, `EMAIL`, `FIRSTNAME`, `LASTNAME`, `ADDRESS_ID`) VALUES (13, 'sebastian-jessen-13193@gmail.dk', 'Sebastian', 'Jessen', 13);
INSERT INTO `phone` (`ID`, `DESCRIPTION`, `NUMBER`, `OWNER_ID`) VALUES (24, 'Feriehjem', '47761758', 13);
INSERT INTO hobby_person (hobbies_id, persons_id) VALUES (4, 13);
INSERT INTO hobby_person (hobbies_id, persons_id) VALUES (12, 13);
INSERT INTO hobby_person (hobbies_id, persons_id) VALUES (3, 13);
INSERT INTO `address` (`id`, `information`, `street`, `city_id`) VALUES (14, '76', 'Ryllevej', 927);
INSERT INTO `person` (`ID`, `EMAIL`, `FIRSTNAME`, `LASTNAME`, `ADDRESS_ID`) VALUES (14, 'laura-poulsen-14412@yahoo.eu', 'Laura', 'Poulsen', 14);
INSERT INTO `phone` (`ID`, `DESCRIPTION`, `NUMBER`, `OWNER_ID`) VALUES (25, 'Mobil', '92456228', 14);
INSERT INTO hobby_person (hobbies_id, persons_id) VALUES (12, 14);
INSERT INTO hobby_person (hobbies_id, persons_id) VALUES (12, 14);
INSERT INTO `address` (`id`, `information`, `street`, `city_id`) VALUES (15, '393', 'Milanovicvej', 1087);
INSERT INTO `person` (`ID`, `EMAIL`, `FIRSTNAME`, `LASTNAME`, `ADDRESS_ID`) VALUES (15, 'oskar-stevensen-15247@yahoo.dk', 'Oskar', 'Stevensen', 15);
INSERT INTO `phone` (`ID`, `DESCRIPTION`, `NUMBER`, `OWNER_ID`) VALUES (26, 'Bil', '92332627', 15);
INSERT INTO hobby_person (hobbies_id, persons_id) VALUES (11, 15);
INSERT INTO hobby_person (hobbies_id, persons_id) VALUES (6, 15);
INSERT INTO `address` (`id`, `information`, `street`, `city_id`) VALUES (16, '404', 'Baunebjergvej', 190);
INSERT INTO `person` (`ID`, `EMAIL`, `FIRSTNAME`, `LASTNAME`, `ADDRESS_ID`) VALUES (16, 'rasmus-filipovic-16270@hotmail.com', 'Rasmus', 'Filipovic', 16);
INSERT INTO `phone` (`ID`, `DESCRIPTION`, `NUMBER`, `OWNER_ID`) VALUES (27, 'Hjem', '16959838', 16);
INSERT INTO `phone` (`ID`, `DESCRIPTION`, `NUMBER`, `OWNER_ID`) VALUES (28, 'Hjem', '44103482', 16);
INSERT INTO hobby_person (hobbies_id, persons_id) VALUES (2, 16);
INSERT INTO hobby_person (hobbies_id, persons_id) VALUES (12, 16);
INSERT INTO hobby_person (hobbies_id, persons_id) VALUES (8, 16);
INSERT INTO `address` (`id`, `information`, `street`, `city_id`) VALUES (17, '181', 'Kullevej', 674);
INSERT INTO `person` (`ID`, `EMAIL`, `FIRSTNAME`, `LASTNAME`, `ADDRESS_ID`) VALUES (17, 'christoffer-kristiansen-17380@gmail.com', 'Christoffer', 'Kristiansen', 17);
INSERT INTO `phone` (`ID`, `DESCRIPTION`, `NUMBER`, `OWNER_ID`) VALUES (29, 'Feriehjem', '46089236', 17);
INSERT INTO hobby_person (hobbies_id, persons_id) VALUES (8, 17);
INSERT INTO `address` (`id`, `information`, `street`, `city_id`) VALUES (18, '251', 'Kullevej', 1019);
INSERT INTO `person` (`ID`, `EMAIL`, `FIRSTNAME`, `LASTNAME`, `ADDRESS_ID`) VALUES (18, 'mia-hansen-18319@hotmail.com', 'Mia', 'Hansen', 18);
INSERT INTO `phone` (`ID`, `DESCRIPTION`, `NUMBER`, `OWNER_ID`) VALUES (30, 'Hjem', '49059808', 18);
INSERT INTO hobby_person (hobbies_id, persons_id) VALUES (8, 18);
INSERT INTO hobby_person (hobbies_id, persons_id) VALUES (6, 18);
INSERT INTO `address` (`id`, `information`, `street`, `city_id`) VALUES (19, '29', 'Østgaardsvej', 372);
INSERT INTO `person` (`ID`, `EMAIL`, `FIRSTNAME`, `LASTNAME`, `ADDRESS_ID`) VALUES (19, 'steven-jessen-1975@protonmail.io', 'Steven', 'Jessen', 19);
INSERT INTO `phone` (`ID`, `DESCRIPTION`, `NUMBER`, `OWNER_ID`) VALUES (31, 'Mobil', '21412401', 19);
INSERT INTO `phone` (`ID`, `DESCRIPTION`, `NUMBER`, `OWNER_ID`) VALUES (32, 'Feriehjem', '80969910', 19);
INSERT INTO hobby_person (hobbies_id, persons_id) VALUES (8, 19);
INSERT INTO hobby_person (hobbies_id, persons_id) VALUES (10, 19);
INSERT INTO `address` (`id`, `information`, `street`, `city_id`) VALUES (20, '94', 'Ryllevej', 130);
INSERT INTO `person` (`ID`, `EMAIL`, `FIRSTNAME`, `LASTNAME`, `ADDRESS_ID`) VALUES (20, 'jacob-jonassen-20269@yahoo.io', 'Jacob', 'Jonassen', 20);
INSERT INTO `phone` (`ID`, `DESCRIPTION`, `NUMBER`, `OWNER_ID`) VALUES (33, 'Mobil', '34400140', 20);
INSERT INTO hobby_person (hobbies_id, persons_id) VALUES (3, 20);
INSERT INTO hobby_person (hobbies_id, persons_id) VALUES (9, 20);
INSERT INTO hobby_person (hobbies_id, persons_id) VALUES (3, 20);
INSERT INTO `address` (`id`, `information`, `street`, `city_id`) VALUES (21, '477', 'Ryllevej', 370);
INSERT INTO `person` (`ID`, `EMAIL`, `FIRSTNAME`, `LASTNAME`, `ADDRESS_ID`) VALUES (21, 'oskar-alexandersen-21293@outlook.io', 'Oskar', 'Alexandersen', 21);
INSERT INTO `phone` (`ID`, `DESCRIPTION`, `NUMBER`, `OWNER_ID`) VALUES (34, 'Mobil', '73340414', 21);
INSERT INTO hobby_person (hobbies_id, persons_id) VALUES (9, 21);
INSERT INTO hobby_person (hobbies_id, persons_id) VALUES (12, 21);
INSERT INTO `address` (`id`, `information`, `street`, `city_id`) VALUES (22, '418', 'Møllevangen', 309);
INSERT INTO `person` (`ID`, `EMAIL`, `FIRSTNAME`, `LASTNAME`, `ADDRESS_ID`) VALUES (22, 'christoffer-kristiansen-22134@zoho.io', 'Christoffer', 'Kristiansen', 22);
INSERT INTO `phone` (`ID`, `DESCRIPTION`, `NUMBER`, `OWNER_ID`) VALUES (35, 'Hjem', '80433809', 22);
INSERT INTO `phone` (`ID`, `DESCRIPTION`, `NUMBER`, `OWNER_ID`) VALUES (36, 'Bil', '37793787', 22);
INSERT INTO `phone` (`ID`, `DESCRIPTION`, `NUMBER`, `OWNER_ID`) VALUES (37, 'Hjem', '48785927', 22);
INSERT INTO hobby_person (hobbies_id, persons_id) VALUES (12, 22);
INSERT INTO hobby_person (hobbies_id, persons_id) VALUES (1, 22);
INSERT INTO hobby_person (hobbies_id, persons_id) VALUES (3, 22);
INSERT INTO `address` (`id`, `information`, `street`, `city_id`) VALUES (23, '486', 'Milanovicvej', 1155);
INSERT INTO `person` (`ID`, `EMAIL`, `FIRSTNAME`, `LASTNAME`, `ADDRESS_ID`) VALUES (23, 'solveig-hansen-2321@hotmail.io', 'Solveig', 'Hansen', 23);
INSERT INTO `phone` (`ID`, `DESCRIPTION`, `NUMBER`, `OWNER_ID`) VALUES (38, 'Bil', '44759233', 23);
INSERT INTO hobby_person (hobbies_id, persons_id) VALUES (9, 23);
INSERT INTO hobby_person (hobbies_id, persons_id) VALUES (6, 23);
INSERT INTO `address` (`id`, `information`, `street`, `city_id`) VALUES (24, '11', 'Ryllevej', 1119);
INSERT INTO `person` (`ID`, `EMAIL`, `FIRSTNAME`, `LASTNAME`, `ADDRESS_ID`) VALUES (24, 'alexander-mikkelsen-2490@zoho.com', 'Alexander', 'Mikkelsen', 24);
INSERT INTO `phone` (`ID`, `DESCRIPTION`, `NUMBER`, `OWNER_ID`) VALUES (39, 'Arbejde', '65154323', 24);
INSERT INTO hobby_person (hobbies_id, persons_id) VALUES (3, 24);
INSERT INTO `address` (`id`, `information`, `street`, `city_id`) VALUES (25, '120', 'Ryllevej', 1341);
INSERT INTO `person` (`ID`, `EMAIL`, `FIRSTNAME`, `LASTNAME`, `ADDRESS_ID`) VALUES (25, 'frederik-jonassen-2572@outlook.io', 'Frederik', 'Jonassen', 25);
INSERT INTO `phone` (`ID`, `DESCRIPTION`, `NUMBER`, `OWNER_ID`) VALUES (40, 'Hjem', '67403635', 25);
INSERT INTO `phone` (`ID`, `DESCRIPTION`, `NUMBER`, `OWNER_ID`) VALUES (41, 'Mobil', '56733683', 25);
INSERT INTO hobby_person (hobbies_id, persons_id) VALUES (6, 25);
INSERT INTO hobby_person (hobbies_id, persons_id) VALUES (7, 25);
INSERT INTO hobby_person (hobbies_id, persons_id) VALUES (3, 25);
INSERT INTO `address` (`id`, `information`, `street`, `city_id`) VALUES (26, '311', 'Ryllevej', 361);
INSERT INTO `person` (`ID`, `EMAIL`, `FIRSTNAME`, `LASTNAME`, `ADDRESS_ID`) VALUES (26, 'maria-kristiansen-2634@gmail.dk', 'Maria', 'Kristiansen', 26);
INSERT INTO `phone` (`ID`, `DESCRIPTION`, `NUMBER`, `OWNER_ID`) VALUES (42, 'Hjem', '33358220', 26);
INSERT INTO hobby_person (hobbies_id, persons_id) VALUES (5, 26);
INSERT INTO `address` (`id`, `information`, `street`, `city_id`) VALUES (27, '453', 'Milanovicvej', 1149);
INSERT INTO `person` (`ID`, `EMAIL`, `FIRSTNAME`, `LASTNAME`, `ADDRESS_ID`) VALUES (27, 'alexa-vestergaard-27315@protonmail.io', 'Alexa', 'Vestergaard', 27);
INSERT INTO `phone` (`ID`, `DESCRIPTION`, `NUMBER`, `OWNER_ID`) VALUES (43, 'Mobil', '59472275', 27);
INSERT INTO `phone` (`ID`, `DESCRIPTION`, `NUMBER`, `OWNER_ID`) VALUES (44, 'Arbejde', '78509183', 27);
INSERT INTO hobby_person (hobbies_id, persons_id) VALUES (10, 27);
INSERT INTO hobby_person (hobbies_id, persons_id) VALUES (7, 27);
INSERT INTO `address` (`id`, `information`, `street`, `city_id`) VALUES (28, '347', 'Milanovicvej', 581);
INSERT INTO `person` (`ID`, `EMAIL`, `FIRSTNAME`, `LASTNAME`, `ADDRESS_ID`) VALUES (28, 'sigurd-olsen-2887@yahoo.com', 'Sigurd', 'Olsen', 28);
INSERT INTO `phone` (`ID`, `DESCRIPTION`, `NUMBER`, `OWNER_ID`) VALUES (45, 'Feriehjem', '2001705', 28);
INSERT INTO `phone` (`ID`, `DESCRIPTION`, `NUMBER`, `OWNER_ID`) VALUES (46, 'Hjem', '649599', 28);
INSERT INTO hobby_person (hobbies_id, persons_id) VALUES (9, 28);
INSERT INTO hobby_person (hobbies_id, persons_id) VALUES (9, 28);
INSERT INTO `address` (`id`, `information`, `street`, `city_id`) VALUES (29, '220', 'Kullevej', 1284);
INSERT INTO `person` (`ID`, `EMAIL`, `FIRSTNAME`, `LASTNAME`, `ADDRESS_ID`) VALUES (29, 'lukas-filipovic-2994@yahoo.io', 'Lukas', 'Filipovic', 29);
INSERT INTO `phone` (`ID`, `DESCRIPTION`, `NUMBER`, `OWNER_ID`) VALUES (47, 'Feriehjem', '37251588', 29);
INSERT INTO `phone` (`ID`, `DESCRIPTION`, `NUMBER`, `OWNER_ID`) VALUES (48, 'Hjem', '8509067', 29);
INSERT INTO hobby_person (hobbies_id, persons_id) VALUES (6, 29);
INSERT INTO hobby_person (hobbies_id, persons_id) VALUES (6, 29);
INSERT INTO `address` (`id`, `information`, `street`, `city_id`) VALUES (30, '3', 'Møllevangen', 482);
INSERT INTO `person` (`ID`, `EMAIL`, `FIRSTNAME`, `LASTNAME`, `ADDRESS_ID`) VALUES (30, 'sigurd-jessen-30390@outlook.eu', 'Sigurd', 'Jessen', 30);
INSERT INTO `phone` (`ID`, `DESCRIPTION`, `NUMBER`, `OWNER_ID`) VALUES (49, 'Arbejde', '16749237', 30);
INSERT INTO hobby_person (hobbies_id, persons_id) VALUES (8, 30);
INSERT INTO hobby_person (hobbies_id, persons_id) VALUES (2, 30);
INSERT INTO hobby_person (hobbies_id, persons_id) VALUES (9, 30);
INSERT INTO `address` (`id`, `information`, `street`, `city_id`) VALUES (31, '182', 'Kullevej', 1173);
INSERT INTO `person` (`ID`, `EMAIL`, `FIRSTNAME`, `LASTNAME`, `ADDRESS_ID`) VALUES (31, 'kirsten-poulsen-31452@outlook.eu', 'Kirsten', 'Poulsen', 31);
INSERT INTO `phone` (`ID`, `DESCRIPTION`, `NUMBER`, `OWNER_ID`) VALUES (50, 'Bil', '10545158', 31);
INSERT INTO hobby_person (hobbies_id, persons_id) VALUES (6, 31);
INSERT INTO hobby_person (hobbies_id, persons_id) VALUES (12, 31);
INSERT INTO `address` (`id`, `information`, `street`, `city_id`) VALUES (32, '120', 'Kullevej', 345);
INSERT INTO `person` (`ID`, `EMAIL`, `FIRSTNAME`, `LASTNAME`, `ADDRESS_ID`) VALUES (32, 'louise-filipovic-32378@yahoo.io', 'Louise', 'Filipovic', 32);
INSERT INTO `phone` (`ID`, `DESCRIPTION`, `NUMBER`, `OWNER_ID`) VALUES (51, 'Arbejde', '40149642', 32);
INSERT INTO hobby_person (hobbies_id, persons_id) VALUES (9, 32);
INSERT INTO `address` (`id`, `information`, `street`, `city_id`) VALUES (33, '55', 'Møllevangen', 800);
INSERT INTO `person` (`ID`, `EMAIL`, `FIRSTNAME`, `LASTNAME`, `ADDRESS_ID`) VALUES (33, 'sebastian-holm-3322@zoho.dk', 'Sebastian', 'Holm', 33);
INSERT INTO `phone` (`ID`, `DESCRIPTION`, `NUMBER`, `OWNER_ID`) VALUES (52, 'Bil', '58996326', 33);
INSERT INTO hobby_person (hobbies_id, persons_id) VALUES (1, 33);
INSERT INTO hobby_person (hobbies_id, persons_id) VALUES (9, 33);
INSERT INTO hobby_person (hobbies_id, persons_id) VALUES (4, 33);
INSERT INTO `address` (`id`, `information`, `street`, `city_id`) VALUES (34, '493', 'Baunebjergvej', 255);
INSERT INTO `person` (`ID`, `EMAIL`, `FIRSTNAME`, `LASTNAME`, `ADDRESS_ID`) VALUES (34, 'tobias-jonassen-34408@protonmail.io', 'Tobias', 'Jonassen', 34);
INSERT INTO `phone` (`ID`, `DESCRIPTION`, `NUMBER`, `OWNER_ID`) VALUES (53, 'Feriehjem', '23226418', 34);
INSERT INTO hobby_person (hobbies_id, persons_id) VALUES (7, 34);
INSERT INTO hobby_person (hobbies_id, persons_id) VALUES (8, 34);
INSERT INTO hobby_person (hobbies_id, persons_id) VALUES (6, 34);
INSERT INTO `address` (`id`, `information`, `street`, `city_id`) VALUES (35, '310', 'Milanovicvej', 730);
INSERT INTO `person` (`ID`, `EMAIL`, `FIRSTNAME`, `LASTNAME`, `ADDRESS_ID`) VALUES (35, 'kirsten-nielsen-35391@yahoo.com', 'Kirsten', 'Nielsen', 35);
INSERT INTO `phone` (`ID`, `DESCRIPTION`, `NUMBER`, `OWNER_ID`) VALUES (54, 'Bil', '71711902', 35);
INSERT INTO hobby_person (hobbies_id, persons_id) VALUES (3, 35);
INSERT INTO hobby_person (hobbies_id, persons_id) VALUES (5, 35);
INSERT INTO hobby_person (hobbies_id, persons_id) VALUES (3, 35);
INSERT INTO `address` (`id`, `information`, `street`, `city_id`) VALUES (36, '207', 'Møllevangen', 232);
INSERT INTO `person` (`ID`, `EMAIL`, `FIRSTNAME`, `LASTNAME`, `ADDRESS_ID`) VALUES (36, 'bertram-stevensen-36122@hotmail.com', 'Bertram', 'Stevensen', 36);
INSERT INTO `phone` (`ID`, `DESCRIPTION`, `NUMBER`, `OWNER_ID`) VALUES (55, 'Hjem', '12786294', 36);
INSERT INTO `phone` (`ID`, `DESCRIPTION`, `NUMBER`, `OWNER_ID`) VALUES (56, 'Mobil', '14275502', 36);
INSERT INTO `phone` (`ID`, `DESCRIPTION`, `NUMBER`, `OWNER_ID`) VALUES (57, 'Mobil', '37001307', 36);
INSERT INTO hobby_person (hobbies_id, persons_id) VALUES (5, 36);
INSERT INTO hobby_person (hobbies_id, persons_id) VALUES (4, 36);
INSERT INTO `address` (`id`, `information`, `street`, `city_id`) VALUES (37, '489', 'Baunebjergvej', 305);
INSERT INTO `person` (`ID`, `EMAIL`, `FIRSTNAME`, `LASTNAME`, `ADDRESS_ID`) VALUES (37, 'kasper-poulsen-37355@outlook.eu', 'Kasper', 'Poulsen', 37);
INSERT INTO `phone` (`ID`, `DESCRIPTION`, `NUMBER`, `OWNER_ID`) VALUES (58, 'Bil', '23788045', 37);
INSERT INTO hobby_person (hobbies_id, persons_id) VALUES (4, 37);
INSERT INTO hobby_person (hobbies_id, persons_id) VALUES (2, 37);
INSERT INTO hobby_person (hobbies_id, persons_id) VALUES (1, 37);
INSERT INTO `address` (`id`, `information`, `street`, `city_id`) VALUES (38, '296', 'Hjortekærsvej', 588);
INSERT INTO `person` (`ID`, `EMAIL`, `FIRSTNAME`, `LASTNAME`, `ADDRESS_ID`) VALUES (38, 'caroline-kristiansen-38416@zoho.com', 'Caroline', 'Kristiansen', 38);
INSERT INTO `phone` (`ID`, `DESCRIPTION`, `NUMBER`, `OWNER_ID`) VALUES (59, 'Arbejde', '79369084', 38);
INSERT INTO `phone` (`ID`, `DESCRIPTION`, `NUMBER`, `OWNER_ID`) VALUES (60, 'Mobil', '72871551', 38);
INSERT INTO hobby_person (hobbies_id, persons_id) VALUES (11, 38);
INSERT INTO hobby_person (hobbies_id, persons_id) VALUES (5, 38);
INSERT INTO `address` (`id`, `information`, `street`, `city_id`) VALUES (39, '95', 'Hjortekærsvej', 1159);
INSERT INTO `person` (`ID`, `EMAIL`, `FIRSTNAME`, `LASTNAME`, `ADDRESS_ID`) VALUES (39, 'emilie-behrendt-39368@outlook.dk', 'Emilie', 'Behrendt', 39);
INSERT INTO `phone` (`ID`, `DESCRIPTION`, `NUMBER`, `OWNER_ID`) VALUES (61, 'Feriehjem', '65307787', 39);
INSERT INTO `phone` (`ID`, `DESCRIPTION`, `NUMBER`, `OWNER_ID`) VALUES (62, 'Hjem', '78372626', 39);
INSERT INTO hobby_person (hobbies_id, persons_id) VALUES (8, 39);
INSERT INTO hobby_person (hobbies_id, persons_id) VALUES (9, 39);
INSERT INTO `address` (`id`, `information`, `street`, `city_id`) VALUES (40, '237', 'Milanovicvej', 1224);
INSERT INTO `person` (`ID`, `EMAIL`, `FIRSTNAME`, `LASTNAME`, `ADDRESS_ID`) VALUES (40, 'mathias-filipovic-40256@yahoo.com', 'Mathias', 'Filipovic', 40);
INSERT INTO `phone` (`ID`, `DESCRIPTION`, `NUMBER`, `OWNER_ID`) VALUES (63, 'Mobil', '47467597', 40);
INSERT INTO hobby_person (hobbies_id, persons_id) VALUES (6, 40);
INSERT INTO hobby_person (hobbies_id, persons_id) VALUES (6, 40);
INSERT INTO hobby_person (hobbies_id, persons_id) VALUES (1, 40);
INSERT INTO `address` (`id`, `information`, `street`, `city_id`) VALUES (41, '216', 'Baunebjergvej', 952);
INSERT INTO `person` (`ID`, `EMAIL`, `FIRSTNAME`, `LASTNAME`, `ADDRESS_ID`) VALUES (41, 'silas-jensen-41283@zoho.eu', 'Silas', 'Jensen', 41);
INSERT INTO `phone` (`ID`, `DESCRIPTION`, `NUMBER`, `OWNER_ID`) VALUES (64, 'Bil', '92000524', 41);
INSERT INTO `phone` (`ID`, `DESCRIPTION`, `NUMBER`, `OWNER_ID`) VALUES (65, 'Arbejde', '1406279', 41);
INSERT INTO `phone` (`ID`, `DESCRIPTION`, `NUMBER`, `OWNER_ID`) VALUES (66, 'Arbejde', '23020604', 41);
INSERT INTO hobby_person (hobbies_id, persons_id) VALUES (5, 41);
INSERT INTO hobby_person (hobbies_id, persons_id) VALUES (8, 41);
INSERT INTO hobby_person (hobbies_id, persons_id) VALUES (4, 41);
INSERT INTO `address` (`id`, `information`, `street`, `city_id`) VALUES (42, '14', 'Ryllevej', 529);
INSERT INTO `person` (`ID`, `EMAIL`, `FIRSTNAME`, `LASTNAME`, `ADDRESS_ID`) VALUES (42, 'kasper-stevensen-42271@hotmail.dk', 'Kasper', 'Stevensen', 42);
INSERT INTO `phone` (`ID`, `DESCRIPTION`, `NUMBER`, `OWNER_ID`) VALUES (67, 'Mobil', '97768742', 42);
INSERT INTO hobby_person (hobbies_id, persons_id) VALUES (11, 42);
INSERT INTO `address` (`id`, `information`, `street`, `city_id`) VALUES (43, '120', 'Hjortekærsvej', 557);
INSERT INTO `person` (`ID`, `EMAIL`, `FIRSTNAME`, `LASTNAME`, `ADDRESS_ID`) VALUES (43, 'jacob-kristiansen-43225@yahoo.com', 'Jacob', 'Kristiansen', 43);
INSERT INTO `phone` (`ID`, `DESCRIPTION`, `NUMBER`, `OWNER_ID`) VALUES (68, 'Bil', '46715980', 43);
INSERT INTO hobby_person (hobbies_id, persons_id) VALUES (7, 43);
INSERT INTO hobby_person (hobbies_id, persons_id) VALUES (8, 43);
INSERT INTO `address` (`id`, `information`, `street`, `city_id`) VALUES (44, '303', 'Baunebjergvej', 54);
INSERT INTO `person` (`ID`, `EMAIL`, `FIRSTNAME`, `LASTNAME`, `ADDRESS_ID`) VALUES (44, 'camilla-holm-44351@yahoo.dk', 'Camilla', 'Holm', 44);
INSERT INTO `phone` (`ID`, `DESCRIPTION`, `NUMBER`, `OWNER_ID`) VALUES (69, 'Hjem', '91373053', 44);
INSERT INTO `phone` (`ID`, `DESCRIPTION`, `NUMBER`, `OWNER_ID`) VALUES (70, 'Feriehjem', '50812264', 44);
INSERT INTO `phone` (`ID`, `DESCRIPTION`, `NUMBER`, `OWNER_ID`) VALUES (71, 'Mobil', '17806296', 44);
INSERT INTO hobby_person (hobbies_id, persons_id) VALUES (7, 44);
INSERT INTO hobby_person (hobbies_id, persons_id) VALUES (4, 44);
INSERT INTO `address` (`id`, `information`, `street`, `city_id`) VALUES (45, '400', 'Milanovicvej', 225);
INSERT INTO `person` (`ID`, `EMAIL`, `FIRSTNAME`, `LASTNAME`, `ADDRESS_ID`) VALUES (45, 'christoffer-jeppesen-4581@gmail.io', 'Christoffer', 'Jeppesen', 45);
INSERT INTO `phone` (`ID`, `DESCRIPTION`, `NUMBER`, `OWNER_ID`) VALUES (72, 'Feriehjem', '972447', 45);
INSERT INTO hobby_person (hobbies_id, persons_id) VALUES (5, 45);
INSERT INTO hobby_person (hobbies_id, persons_id) VALUES (7, 45);
INSERT INTO hobby_person (hobbies_id, persons_id) VALUES (7, 45);
INSERT INTO `address` (`id`, `information`, `street`, `city_id`) VALUES (46, '393', 'Milanovicvej', 353);
INSERT INTO `person` (`ID`, `EMAIL`, `FIRSTNAME`, `LASTNAME`, `ADDRESS_ID`) VALUES (46, 'silas-thomsen-4655@hotmail.com', 'Silas', 'Thomsen', 46);
INSERT INTO `phone` (`ID`, `DESCRIPTION`, `NUMBER`, `OWNER_ID`) VALUES (73, 'Hjem', '26581499', 46);
INSERT INTO `phone` (`ID`, `DESCRIPTION`, `NUMBER`, `OWNER_ID`) VALUES (74, 'Arbejde', '50735411', 46);
INSERT INTO hobby_person (hobbies_id, persons_id) VALUES (3, 46);
INSERT INTO `address` (`id`, `information`, `street`, `city_id`) VALUES (47, '400', 'Kronhjortevej', 953);
INSERT INTO `person` (`ID`, `EMAIL`, `FIRSTNAME`, `LASTNAME`, `ADDRESS_ID`) VALUES (47, 'emilie-jensen-47479@yahoo.io', 'Emilie', 'Jensen', 47);
INSERT INTO `phone` (`ID`, `DESCRIPTION`, `NUMBER`, `OWNER_ID`) VALUES (75, 'Bil', '53933650', 47);
INSERT INTO `phone` (`ID`, `DESCRIPTION`, `NUMBER`, `OWNER_ID`) VALUES (76, 'Mobil', '87590708', 47);
INSERT INTO `phone` (`ID`, `DESCRIPTION`, `NUMBER`, `OWNER_ID`) VALUES (77, 'Bil', '40852912', 47);
INSERT INTO hobby_person (hobbies_id, persons_id) VALUES (12, 47);
INSERT INTO `address` (`id`, `information`, `street`, `city_id`) VALUES (48, '284', 'Møllevangen', 713);
INSERT INTO `person` (`ID`, `EMAIL`, `FIRSTNAME`, `LASTNAME`, `ADDRESS_ID`) VALUES (48, 'mads-alexandersen-48364@yahoo.com', 'Mads', 'Alexandersen', 48);
INSERT INTO `phone` (`ID`, `DESCRIPTION`, `NUMBER`, `OWNER_ID`) VALUES (78, 'Bil', '70632525', 48);
INSERT INTO hobby_person (hobbies_id, persons_id) VALUES (7, 48);
INSERT INTO `address` (`id`, `information`, `street`, `city_id`) VALUES (49, '76', 'Kullevej', 1098);
INSERT INTO `person` (`ID`, `EMAIL`, `FIRSTNAME`, `LASTNAME`, `ADDRESS_ID`) VALUES (49, 'mia-thomassen-49111@hotmail.eu', 'Mia', 'Thomassen', 49);
INSERT INTO `phone` (`ID`, `DESCRIPTION`, `NUMBER`, `OWNER_ID`) VALUES (79, 'Feriehjem', '92317352', 49);
INSERT INTO hobby_person (hobbies_id, persons_id) VALUES (5, 49);
INSERT INTO hobby_person (hobbies_id, persons_id) VALUES (6, 49);
INSERT INTO `address` (`id`, `information`, `street`, `city_id`) VALUES (50, '460', 'Milanovicvej', 1334);
INSERT INTO `person` (`ID`, `EMAIL`, `FIRSTNAME`, `LASTNAME`, `ADDRESS_ID`) VALUES (50, 'sigurd-mikkelsen-50140@protonmail.eu', 'Sigurd', 'Mikkelsen', 50);
INSERT INTO `phone` (`ID`, `DESCRIPTION`, `NUMBER`, `OWNER_ID`) VALUES (80, 'Bil', '16405109', 50);
INSERT INTO `phone` (`ID`, `DESCRIPTION`, `NUMBER`, `OWNER_ID`) VALUES (81, 'Hjem', '81812590', 50);
INSERT INTO hobby_person (hobbies_id, persons_id) VALUES (3, 50);
INSERT INTO `address` (`id`, `information`, `street`, `city_id`) VALUES (51, '231', 'Baunebjergvej', 153);
INSERT INTO `person` (`ID`, `EMAIL`, `FIRSTNAME`, `LASTNAME`, `ADDRESS_ID`) VALUES (51, 'louise-poulsen-51279@gmail.dk', 'Louise', 'Poulsen', 51);
INSERT INTO `phone` (`ID`, `DESCRIPTION`, `NUMBER`, `OWNER_ID`) VALUES (82, 'Bil', '65001200', 51);
INSERT INTO hobby_person (hobbies_id, persons_id) VALUES (12, 51);
INSERT INTO hobby_person (hobbies_id, persons_id) VALUES (9, 51);
INSERT INTO `address` (`id`, `information`, `street`, `city_id`) VALUES (52, '211', 'Østgaardsvej', 1213);
INSERT INTO `person` (`ID`, `EMAIL`, `FIRSTNAME`, `LASTNAME`, `ADDRESS_ID`) VALUES (52, 'thomas-mikkelsen-52335@gmail.com', 'Thomas', 'Mikkelsen', 52);
INSERT INTO `phone` (`ID`, `DESCRIPTION`, `NUMBER`, `OWNER_ID`) VALUES (83, 'Mobil', '25288879', 52);
INSERT INTO hobby_person (hobbies_id, persons_id) VALUES (11, 52);
INSERT INTO hobby_person (hobbies_id, persons_id) VALUES (12, 52);
INSERT INTO `address` (`id`, `information`, `street`, `city_id`) VALUES (53, '335', 'Baunebjergvej', 391);
INSERT INTO `person` (`ID`, `EMAIL`, `FIRSTNAME`, `LASTNAME`, `ADDRESS_ID`) VALUES (53, 'jonas-filipovic-53375@zoho.dk', 'Jonas', 'Filipovic', 53);
INSERT INTO `phone` (`ID`, `DESCRIPTION`, `NUMBER`, `OWNER_ID`) VALUES (84, 'Feriehjem', '41040824', 53);
INSERT INTO hobby_person (hobbies_id, persons_id) VALUES (9, 53);
INSERT INTO hobby_person (hobbies_id, persons_id) VALUES (5, 53);
INSERT INTO `address` (`id`, `information`, `street`, `city_id`) VALUES (54, '210', 'Møllevangen', 601);
INSERT INTO `person` (`ID`, `EMAIL`, `FIRSTNAME`, `LASTNAME`, `ADDRESS_ID`) VALUES (54, 'jacob-thomsen-54204@protonmail.dk', 'Jacob', 'Thomsen', 54);
INSERT INTO `phone` (`ID`, `DESCRIPTION`, `NUMBER`, `OWNER_ID`) VALUES (85, 'Feriehjem', '53269371', 54);
INSERT INTO hobby_person (hobbies_id, persons_id) VALUES (1, 54);
INSERT INTO hobby_person (hobbies_id, persons_id) VALUES (1, 54);
INSERT INTO hobby_person (hobbies_id, persons_id) VALUES (7, 54);
INSERT INTO `address` (`id`, `information`, `street`, `city_id`) VALUES (55, '344', 'Kronhjortevej', 660);
INSERT INTO `person` (`ID`, `EMAIL`, `FIRSTNAME`, `LASTNAME`, `ADDRESS_ID`) VALUES (55, 'louise-poulsen-55127@zoho.com', 'Louise', 'Poulsen', 55);
INSERT INTO `phone` (`ID`, `DESCRIPTION`, `NUMBER`, `OWNER_ID`) VALUES (86, 'Arbejde', '92625788', 55);
INSERT INTO `phone` (`ID`, `DESCRIPTION`, `NUMBER`, `OWNER_ID`) VALUES (87, 'Mobil', '15124911', 55);
INSERT INTO hobby_person (hobbies_id, persons_id) VALUES (10, 55);
INSERT INTO `address` (`id`, `information`, `street`, `city_id`) VALUES (56, '124', 'Ryllevej', 126);
INSERT INTO `person` (`ID`, `EMAIL`, `FIRSTNAME`, `LASTNAME`, `ADDRESS_ID`) VALUES (56, 'anna-stevensen-56428@yahoo.io', 'Anna', 'Stevensen', 56);
INSERT INTO `phone` (`ID`, `DESCRIPTION`, `NUMBER`, `OWNER_ID`) VALUES (88, 'Hjem', '59319634', 56);
INSERT INTO hobby_person (hobbies_id, persons_id) VALUES (4, 56);
INSERT INTO hobby_person (hobbies_id, persons_id) VALUES (9, 56);
INSERT INTO `address` (`id`, `information`, `street`, `city_id`) VALUES (57, '146', 'Ryllevej', 1206);
INSERT INTO `person` (`ID`, `EMAIL`, `FIRSTNAME`, `LASTNAME`, `ADDRESS_ID`) VALUES (57, 'mikkel-kristiansen-57433@zoho.com', 'Mikkel', 'Kristiansen', 57);
INSERT INTO `phone` (`ID`, `DESCRIPTION`, `NUMBER`, `OWNER_ID`) VALUES (89, 'Feriehjem', '29647964', 57);
INSERT INTO hobby_person (hobbies_id, persons_id) VALUES (2, 57);
INSERT INTO hobby_person (hobbies_id, persons_id) VALUES (6, 57);
INSERT INTO hobby_person (hobbies_id, persons_id) VALUES (10, 57);
INSERT INTO `address` (`id`, `information`, `street`, `city_id`) VALUES (58, '377', 'Møllevangen', 70);
INSERT INTO `person` (`ID`, `EMAIL`, `FIRSTNAME`, `LASTNAME`, `ADDRESS_ID`) VALUES (58, 'jonas-stevensen-58385@yahoo.io', 'Jonas', 'Stevensen', 58);
INSERT INTO `phone` (`ID`, `DESCRIPTION`, `NUMBER`, `OWNER_ID`) VALUES (90, 'Mobil', '835464', 58);
INSERT INTO hobby_person (hobbies_id, persons_id) VALUES (1, 58);
INSERT INTO hobby_person (hobbies_id, persons_id) VALUES (10, 58);
INSERT INTO `address` (`id`, `information`, `street`, `city_id`) VALUES (59, '351', 'Milanovicvej', 1293);
INSERT INTO `person` (`ID`, `EMAIL`, `FIRSTNAME`, `LASTNAME`, `ADDRESS_ID`) VALUES (59, 'steven-kaspersen-59287@outlook.dk', 'Steven', 'Kaspersen', 59);
INSERT INTO `phone` (`ID`, `DESCRIPTION`, `NUMBER`, `OWNER_ID`) VALUES (91, 'Mobil', '73002797', 59);
INSERT INTO hobby_person (hobbies_id, persons_id) VALUES (1, 59);
INSERT INTO hobby_person (hobbies_id, persons_id) VALUES (10, 59);
INSERT INTO `address` (`id`, `information`, `street`, `city_id`) VALUES (60, '211', 'Kullevej', 534);
INSERT INTO `person` (`ID`, `EMAIL`, `FIRSTNAME`, `LASTNAME`, `ADDRESS_ID`) VALUES (60, 'jonas-poulsen-60384@protonmail.io', 'Jonas', 'Poulsen', 60);
INSERT INTO `phone` (`ID`, `DESCRIPTION`, `NUMBER`, `OWNER_ID`) VALUES (92, 'Feriehjem', '90983466', 60);
INSERT INTO `phone` (`ID`, `DESCRIPTION`, `NUMBER`, `OWNER_ID`) VALUES (93, 'Feriehjem', '92819658', 60);
INSERT INTO `phone` (`ID`, `DESCRIPTION`, `NUMBER`, `OWNER_ID`) VALUES (94, 'Mobil', '78270177', 60);
INSERT INTO hobby_person (hobbies_id, persons_id) VALUES (12, 60);
INSERT INTO hobby_person (hobbies_id, persons_id) VALUES (3, 60);
INSERT INTO hobby_person (hobbies_id, persons_id) VALUES (6, 60);
INSERT INTO `address` (`id`, `information`, `street`, `city_id`) VALUES (61, '258', 'Kronhjortevej', 312);
INSERT INTO `person` (`ID`, `EMAIL`, `FIRSTNAME`, `LASTNAME`, `ADDRESS_ID`) VALUES (61, 'filip-nielsen-61446@zoho.io', 'Filip', 'Nielsen', 61);
INSERT INTO `phone` (`ID`, `DESCRIPTION`, `NUMBER`, `OWNER_ID`) VALUES (95, 'Arbejde', '34914926', 61);
INSERT INTO `phone` (`ID`, `DESCRIPTION`, `NUMBER`, `OWNER_ID`) VALUES (96, 'Feriehjem', '11583377', 61);
INSERT INTO hobby_person (hobbies_id, persons_id) VALUES (6, 61);
INSERT INTO hobby_person (hobbies_id, persons_id) VALUES (10, 61);
INSERT INTO hobby_person (hobbies_id, persons_id) VALUES (1, 61);
INSERT INTO `address` (`id`, `information`, `street`, `city_id`) VALUES (62, '94', 'Kullevej', 902);
INSERT INTO `person` (`ID`, `EMAIL`, `FIRSTNAME`, `LASTNAME`, `ADDRESS_ID`) VALUES (62, 'alexander-runesen-62189@yahoo.eu', 'Alexander', 'Runesen', 62);
INSERT INTO `phone` (`ID`, `DESCRIPTION`, `NUMBER`, `OWNER_ID`) VALUES (97, 'Bil', '11397011', 62);
INSERT INTO `phone` (`ID`, `DESCRIPTION`, `NUMBER`, `OWNER_ID`) VALUES (98, 'Mobil', '89242586', 62);
INSERT INTO hobby_person (hobbies_id, persons_id) VALUES (10, 62);
INSERT INTO hobby_person (hobbies_id, persons_id) VALUES (5, 62);
INSERT INTO hobby_person (hobbies_id, persons_id) VALUES (12, 62);
INSERT INTO `address` (`id`, `information`, `street`, `city_id`) VALUES (63, '367', 'Baunebjergvej', 1221);
INSERT INTO `person` (`ID`, `EMAIL`, `FIRSTNAME`, `LASTNAME`, `ADDRESS_ID`) VALUES (63, 'camilla-kristiansen-63137@hotmail.io', 'Camilla', 'Kristiansen', 63);
INSERT INTO `phone` (`ID`, `DESCRIPTION`, `NUMBER`, `OWNER_ID`) VALUES (99, 'Bil', '84174741', 63);
INSERT INTO hobby_person (hobbies_id, persons_id) VALUES (12, 63);
INSERT INTO hobby_person (hobbies_id, persons_id) VALUES (1, 63);
INSERT INTO hobby_person (hobbies_id, persons_id) VALUES (6, 63);
INSERT INTO `address` (`id`, `information`, `street`, `city_id`) VALUES (64, '355', 'Ryllevej', 31);
INSERT INTO `person` (`ID`, `EMAIL`, `FIRSTNAME`, `LASTNAME`, `ADDRESS_ID`) VALUES (64, 'mathilde-holm-64400@yahoo.com', 'Mathilde', 'Holm', 64);
INSERT INTO `phone` (`ID`, `DESCRIPTION`, `NUMBER`, `OWNER_ID`) VALUES (100, 'Mobil', '66659869', 64);
INSERT INTO `phone` (`ID`, `DESCRIPTION`, `NUMBER`, `OWNER_ID`) VALUES (101, 'Hjem', '84577997', 64);
INSERT INTO hobby_person (hobbies_id, persons_id) VALUES (6, 64);
INSERT INTO hobby_person (hobbies_id, persons_id) VALUES (11, 64);
INSERT INTO hobby_person (hobbies_id, persons_id) VALUES (10, 64);
INSERT INTO `address` (`id`, `information`, `street`, `city_id`) VALUES (65, '295', 'Kullevej', 595);
INSERT INTO `person` (`ID`, `EMAIL`, `FIRSTNAME`, `LASTNAME`, `ADDRESS_ID`) VALUES (65, 'kristoffer-andersen-65108@outlook.eu', 'Kristoffer', 'Andersen', 65);
INSERT INTO `phone` (`ID`, `DESCRIPTION`, `NUMBER`, `OWNER_ID`) VALUES (102, 'Mobil', '3484857', 65);
INSERT INTO `phone` (`ID`, `DESCRIPTION`, `NUMBER`, `OWNER_ID`) VALUES (103, 'Hjem', '78840302', 65);
INSERT INTO hobby_person (hobbies_id, persons_id) VALUES (12, 65);
INSERT INTO `address` (`id`, `information`, `street`, `city_id`) VALUES (66, '424', 'Kullevej', 193);
INSERT INTO `person` (`ID`, `EMAIL`, `FIRSTNAME`, `LASTNAME`, `ADDRESS_ID`) VALUES (66, 'lærke-filipovic-66419@zoho.eu', 'Lærke', 'Filipovic', 66);
INSERT INTO `phone` (`ID`, `DESCRIPTION`, `NUMBER`, `OWNER_ID`) VALUES (104, 'Arbejde', '76380106', 66);
INSERT INTO `phone` (`ID`, `DESCRIPTION`, `NUMBER`, `OWNER_ID`) VALUES (105, 'Hjem', '96411934', 66);
INSERT INTO hobby_person (hobbies_id, persons_id) VALUES (11, 66);
INSERT INTO hobby_person (hobbies_id, persons_id) VALUES (8, 66);
INSERT INTO hobby_person (hobbies_id, persons_id) VALUES (8, 66);
INSERT INTO `address` (`id`, `information`, `street`, `city_id`) VALUES (67, '94', 'Kronhjortevej', 705);
INSERT INTO `person` (`ID`, `EMAIL`, `FIRSTNAME`, `LASTNAME`, `ADDRESS_ID`) VALUES (67, 'julie-thomassen-67365@yahoo.com', 'Julie', 'Thomassen', 67);
INSERT INTO `phone` (`ID`, `DESCRIPTION`, `NUMBER`, `OWNER_ID`) VALUES (106, 'Arbejde', '41778078', 67);
INSERT INTO hobby_person (hobbies_id, persons_id) VALUES (6, 67);
INSERT INTO hobby_person (hobbies_id, persons_id) VALUES (6, 67);
INSERT INTO `address` (`id`, `information`, `street`, `city_id`) VALUES (68, '445', 'Kronhjortevej', 1305);
INSERT INTO `person` (`ID`, `EMAIL`, `FIRSTNAME`, `LASTNAME`, `ADDRESS_ID`) VALUES (68, 'alexander-alexandersen-68367@yahoo.dk', 'Alexander', 'Alexandersen', 68);
INSERT INTO `phone` (`ID`, `DESCRIPTION`, `NUMBER`, `OWNER_ID`) VALUES (107, 'Hjem', '55021830', 68);
INSERT INTO hobby_person (hobbies_id, persons_id) VALUES (12, 68);
INSERT INTO hobby_person (hobbies_id, persons_id) VALUES (6, 68);
INSERT INTO `address` (`id`, `information`, `street`, `city_id`) VALUES (69, '32', 'Ryllevej', 5);
INSERT INTO `person` (`ID`, `EMAIL`, `FIRSTNAME`, `LASTNAME`, `ADDRESS_ID`) VALUES (69, 'sofie-pedersen-69444@hotmail.dk', 'Sofie', 'Pedersen', 69);
INSERT INTO `phone` (`ID`, `DESCRIPTION`, `NUMBER`, `OWNER_ID`) VALUES (108, 'Mobil', '65875309', 69);
INSERT INTO `phone` (`ID`, `DESCRIPTION`, `NUMBER`, `OWNER_ID`) VALUES (109, 'Bil', '21576573', 69);
INSERT INTO hobby_person (hobbies_id, persons_id) VALUES (3, 69);
INSERT INTO hobby_person (hobbies_id, persons_id) VALUES (4, 69);
INSERT INTO hobby_person (hobbies_id, persons_id) VALUES (9, 69);
INSERT INTO `address` (`id`, `information`, `street`, `city_id`) VALUES (70, '465', 'Ryllevej', 384);
INSERT INTO `person` (`ID`, `EMAIL`, `FIRSTNAME`, `LASTNAME`, `ADDRESS_ID`) VALUES (70, 'mathias-filipsen-7066@outlook.dk', 'Mathias', 'Filipsen', 70);
INSERT INTO `phone` (`ID`, `DESCRIPTION`, `NUMBER`, `OWNER_ID`) VALUES (110, 'Hjem', '40633361', 70);
INSERT INTO hobby_person (hobbies_id, persons_id) VALUES (10, 70);
INSERT INTO hobby_person (hobbies_id, persons_id) VALUES (10, 70);
INSERT INTO hobby_person (hobbies_id, persons_id) VALUES (5, 70);
INSERT INTO `address` (`id`, `information`, `street`, `city_id`) VALUES (71, '293', 'Møllevangen', 560);
INSERT INTO `person` (`ID`, `EMAIL`, `FIRSTNAME`, `LASTNAME`, `ADDRESS_ID`) VALUES (71, 'jonas-knudsen-71491@yahoo.io', 'Jonas', 'Knudsen', 71);
INSERT INTO `phone` (`ID`, `DESCRIPTION`, `NUMBER`, `OWNER_ID`) VALUES (111, 'Feriehjem', '6310569', 71);
INSERT INTO `phone` (`ID`, `DESCRIPTION`, `NUMBER`, `OWNER_ID`) VALUES (112, 'Hjem', '26073917', 71);
INSERT INTO hobby_person (hobbies_id, persons_id) VALUES (6, 71);
INSERT INTO `address` (`id`, `information`, `street`, `city_id`) VALUES (72, '1', 'Hjortekærsvej', 1213);
INSERT INTO `person` (`ID`, `EMAIL`, `FIRSTNAME`, `LASTNAME`, `ADDRESS_ID`) VALUES (72, 'rasmus-kristiansen-72413@yahoo.dk', 'Rasmus', 'Kristiansen', 72);
INSERT INTO `phone` (`ID`, `DESCRIPTION`, `NUMBER`, `OWNER_ID`) VALUES (113, 'Hjem', '90215589', 72);
INSERT INTO `phone` (`ID`, `DESCRIPTION`, `NUMBER`, `OWNER_ID`) VALUES (114, 'Hjem', '58307082', 72);
INSERT INTO `phone` (`ID`, `DESCRIPTION`, `NUMBER`, `OWNER_ID`) VALUES (115, 'Feriehjem', '69958592', 72);
INSERT INTO hobby_person (hobbies_id, persons_id) VALUES (5, 72);
INSERT INTO hobby_person (hobbies_id, persons_id) VALUES (8, 72);
INSERT INTO hobby_person (hobbies_id, persons_id) VALUES (7, 72);
INSERT INTO `address` (`id`, `information`, `street`, `city_id`) VALUES (73, '415', 'Kullevej', 945);
INSERT INTO `person` (`ID`, `EMAIL`, `FIRSTNAME`, `LASTNAME`, `ADDRESS_ID`) VALUES (73, 'julie-eriksen-73185@protonmail.io', 'Julie', 'Eriksen', 73);
INSERT INTO `phone` (`ID`, `DESCRIPTION`, `NUMBER`, `OWNER_ID`) VALUES (116, 'Feriehjem', '14169832', 73);
INSERT INTO `phone` (`ID`, `DESCRIPTION`, `NUMBER`, `OWNER_ID`) VALUES (117, 'Mobil', '50513752', 73);
INSERT INTO `phone` (`ID`, `DESCRIPTION`, `NUMBER`, `OWNER_ID`) VALUES (118, 'Arbejde', '48844574', 73);
INSERT INTO hobby_person (hobbies_id, persons_id) VALUES (7, 73);
INSERT INTO hobby_person (hobbies_id, persons_id) VALUES (9, 73);
INSERT INTO `address` (`id`, `information`, `street`, `city_id`) VALUES (74, '389', 'Kullevej', 1014);
INSERT INTO `person` (`ID`, `EMAIL`, `FIRSTNAME`, `LASTNAME`, `ADDRESS_ID`) VALUES (74, 'steven-eriksen-74438@protonmail.dk', 'Steven', 'Eriksen', 74);
INSERT INTO `phone` (`ID`, `DESCRIPTION`, `NUMBER`, `OWNER_ID`) VALUES (119, 'Hjem', '93467175', 74);
INSERT INTO `phone` (`ID`, `DESCRIPTION`, `NUMBER`, `OWNER_ID`) VALUES (120, 'Arbejde', '75547505', 74);
INSERT INTO hobby_person (hobbies_id, persons_id) VALUES (9, 74);
INSERT INTO hobby_person (hobbies_id, persons_id) VALUES (11, 74);
INSERT INTO `address` (`id`, `information`, `street`, `city_id`) VALUES (75, '224', 'Kullevej', 1255);
INSERT INTO `person` (`ID`, `EMAIL`, `FIRSTNAME`, `LASTNAME`, `ADDRESS_ID`) VALUES (75, 'louise-jonassen-7517@protonmail.io', 'Louise', 'Jonassen', 75);
INSERT INTO `phone` (`ID`, `DESCRIPTION`, `NUMBER`, `OWNER_ID`) VALUES (121, 'Hjem', '53234132', 75);
INSERT INTO `phone` (`ID`, `DESCRIPTION`, `NUMBER`, `OWNER_ID`) VALUES (122, 'Bil', '92180683', 75);
INSERT INTO hobby_person (hobbies_id, persons_id) VALUES (6, 75);
INSERT INTO hobby_person (hobbies_id, persons_id) VALUES (10, 75);
INSERT INTO `address` (`id`, `information`, `street`, `city_id`) VALUES (76, '251', 'Kullevej', 615);
INSERT INTO `person` (`ID`, `EMAIL`, `FIRSTNAME`, `LASTNAME`, `ADDRESS_ID`) VALUES (76, 'kristian-bobsen-7684@hotmail.io', 'Kristian', 'Bobsen', 76);
INSERT INTO `phone` (`ID`, `DESCRIPTION`, `NUMBER`, `OWNER_ID`) VALUES (123, 'Arbejde', '48058545', 76);
INSERT INTO `phone` (`ID`, `DESCRIPTION`, `NUMBER`, `OWNER_ID`) VALUES (124, 'Mobil', '20143870', 76);
INSERT INTO hobby_person (hobbies_id, persons_id) VALUES (5, 76);
INSERT INTO hobby_person (hobbies_id, persons_id) VALUES (7, 76);
INSERT INTO `address` (`id`, `information`, `street`, `city_id`) VALUES (77, '238', 'Baunebjergvej', 258);
INSERT INTO `person` (`ID`, `EMAIL`, `FIRSTNAME`, `LASTNAME`, `ADDRESS_ID`) VALUES (77, 'oskar-holm-77358@outlook.dk', 'Oskar', 'Holm', 77);
INSERT INTO `phone` (`ID`, `DESCRIPTION`, `NUMBER`, `OWNER_ID`) VALUES (125, 'Arbejde', '85580308', 77);
INSERT INTO `phone` (`ID`, `DESCRIPTION`, `NUMBER`, `OWNER_ID`) VALUES (126, 'Hjem', '8984458', 77);
INSERT INTO `phone` (`ID`, `DESCRIPTION`, `NUMBER`, `OWNER_ID`) VALUES (127, 'Arbejde', '20146854', 77);
INSERT INTO hobby_person (hobbies_id, persons_id) VALUES (3, 77);
INSERT INTO hobby_person (hobbies_id, persons_id) VALUES (3, 77);
INSERT INTO `address` (`id`, `information`, `street`, `city_id`) VALUES (78, '398', 'Ryllevej', 1219);
INSERT INTO `person` (`ID`, `EMAIL`, `FIRSTNAME`, `LASTNAME`, `ADDRESS_ID`) VALUES (78, 'katrine-behrendt-78389@gmail.eu', 'Katrine', 'Behrendt', 78);
INSERT INTO `phone` (`ID`, `DESCRIPTION`, `NUMBER`, `OWNER_ID`) VALUES (128, 'Arbejde', '37970377', 78);
INSERT INTO `phone` (`ID`, `DESCRIPTION`, `NUMBER`, `OWNER_ID`) VALUES (129, 'Bil', '71554113', 78);
INSERT INTO hobby_person (hobbies_id, persons_id) VALUES (11, 78);
INSERT INTO `address` (`id`, `information`, `street`, `city_id`) VALUES (79, '33', 'Østgaardsvej', 585);
INSERT INTO `person` (`ID`, `EMAIL`, `FIRSTNAME`, `LASTNAME`, `ADDRESS_ID`) VALUES (79, 'jacob-christoffersen-7932@gmail.io', 'Jacob', 'Christoffersen', 79);
INSERT INTO `phone` (`ID`, `DESCRIPTION`, `NUMBER`, `OWNER_ID`) VALUES (130, 'Feriehjem', '52026850', 79);
INSERT INTO hobby_person (hobbies_id, persons_id) VALUES (3, 79);
INSERT INTO hobby_person (hobbies_id, persons_id) VALUES (7, 79);
INSERT INTO `address` (`id`, `information`, `street`, `city_id`) VALUES (80, '423', 'Kullevej', 1284);
INSERT INTO `person` (`ID`, `EMAIL`, `FIRSTNAME`, `LASTNAME`, `ADDRESS_ID`) VALUES (80, 'lukas-jeppesen-80209@gmail.dk', 'Lukas', 'Jeppesen', 80);
INSERT INTO `phone` (`ID`, `DESCRIPTION`, `NUMBER`, `OWNER_ID`) VALUES (131, 'Feriehjem', '85861860', 80);
INSERT INTO `phone` (`ID`, `DESCRIPTION`, `NUMBER`, `OWNER_ID`) VALUES (132, 'Feriehjem', '9185478', 80);
INSERT INTO `phone` (`ID`, `DESCRIPTION`, `NUMBER`, `OWNER_ID`) VALUES (133, 'Arbejde', '70834540', 80);
INSERT INTO hobby_person (hobbies_id, persons_id) VALUES (1, 80);
INSERT INTO hobby_person (hobbies_id, persons_id) VALUES (7, 80);
INSERT INTO `address` (`id`, `information`, `street`, `city_id`) VALUES (81, '221', 'Kronhjortevej', 586);
INSERT INTO `person` (`ID`, `EMAIL`, `FIRSTNAME`, `LASTNAME`, `ADDRESS_ID`) VALUES (81, 'ida-thomsen-81414@gmail.com', 'Ida', 'Thomsen', 81);
INSERT INTO `phone` (`ID`, `DESCRIPTION`, `NUMBER`, `OWNER_ID`) VALUES (134, 'Feriehjem', '7962742', 81);
INSERT INTO hobby_person (hobbies_id, persons_id) VALUES (11, 81);
INSERT INTO hobby_person (hobbies_id, persons_id) VALUES (6, 81);
INSERT INTO hobby_person (hobbies_id, persons_id) VALUES (8, 81);
INSERT INTO `address` (`id`, `information`, `street`, `city_id`) VALUES (82, '342', 'Kronhjortevej', 237);
INSERT INTO `person` (`ID`, `EMAIL`, `FIRSTNAME`, `LASTNAME`, `ADDRESS_ID`) VALUES (82, 'ida-olsen-8293@hotmail.io', 'Ida', 'Olsen', 82);
INSERT INTO `phone` (`ID`, `DESCRIPTION`, `NUMBER`, `OWNER_ID`) VALUES (135, 'Mobil', '65717002', 82);
INSERT INTO hobby_person (hobbies_id, persons_id) VALUES (7, 82);
INSERT INTO hobby_person (hobbies_id, persons_id) VALUES (9, 82);
INSERT INTO `address` (`id`, `information`, `street`, `city_id`) VALUES (83, '182', 'Milanovicvej', 340);
INSERT INTO `person` (`ID`, `EMAIL`, `FIRSTNAME`, `LASTNAME`, `ADDRESS_ID`) VALUES (83, 'amanda-jonassen-83410@protonmail.com', 'Amanda', 'Jonassen', 83);
INSERT INTO `phone` (`ID`, `DESCRIPTION`, `NUMBER`, `OWNER_ID`) VALUES (136, 'Arbejde', '12172137', 83);
INSERT INTO hobby_person (hobbies_id, persons_id) VALUES (6, 83);
INSERT INTO `address` (`id`, `information`, `street`, `city_id`) VALUES (84, '31', 'Baunebjergvej', 216);
INSERT INTO `person` (`ID`, `EMAIL`, `FIRSTNAME`, `LASTNAME`, `ADDRESS_ID`) VALUES (84, 'lea-jeppesen-8448@yahoo.eu', 'Lea', 'Jeppesen', 84);
INSERT INTO `phone` (`ID`, `DESCRIPTION`, `NUMBER`, `OWNER_ID`) VALUES (137, 'Mobil', '71635168', 84);
INSERT INTO `phone` (`ID`, `DESCRIPTION`, `NUMBER`, `OWNER_ID`) VALUES (138, 'Hjem', '65822371', 84);
INSERT INTO hobby_person (hobbies_id, persons_id) VALUES (12, 84);
INSERT INTO hobby_person (hobbies_id, persons_id) VALUES (11, 84);
INSERT INTO `address` (`id`, `information`, `street`, `city_id`) VALUES (85, '458', 'Ryllevej', 1179);
INSERT INTO `person` (`ID`, `EMAIL`, `FIRSTNAME`, `LASTNAME`, `ADDRESS_ID`) VALUES (85, 'lucas-jeppesen-85235@protonmail.eu', 'Lucas', 'Jeppesen', 85);
INSERT INTO `phone` (`ID`, `DESCRIPTION`, `NUMBER`, `OWNER_ID`) VALUES (139, 'Arbejde', '92655514', 85);
INSERT INTO hobby_person (hobbies_id, persons_id) VALUES (1, 85);
INSERT INTO hobby_person (hobbies_id, persons_id) VALUES (9, 85);
INSERT INTO hobby_person (hobbies_id, persons_id) VALUES (7, 85);
INSERT INTO `address` (`id`, `information`, `street`, `city_id`) VALUES (86, '249', 'Baunebjergvej', 13);
INSERT INTO `person` (`ID`, `EMAIL`, `FIRSTNAME`, `LASTNAME`, `ADDRESS_ID`) VALUES (86, 'kristian-knudsen-86352@yahoo.dk', 'Kristian', 'Knudsen', 86);
INSERT INTO `phone` (`ID`, `DESCRIPTION`, `NUMBER`, `OWNER_ID`) VALUES (140, 'Hjem', '92091576', 86);
INSERT INTO `phone` (`ID`, `DESCRIPTION`, `NUMBER`, `OWNER_ID`) VALUES (141, 'Bil', '53463036', 86);
INSERT INTO hobby_person (hobbies_id, persons_id) VALUES (3, 86);
INSERT INTO hobby_person (hobbies_id, persons_id) VALUES (6, 86);
INSERT INTO hobby_person (hobbies_id, persons_id) VALUES (11, 86);
INSERT INTO `address` (`id`, `information`, `street`, `city_id`) VALUES (87, '256', 'Kullevej', 1205);
INSERT INTO `person` (`ID`, `EMAIL`, `FIRSTNAME`, `LASTNAME`, `ADDRESS_ID`) VALUES (87, 'alexander-thomsen-87234@yahoo.eu', 'Alexander', 'Thomsen', 87);
INSERT INTO `phone` (`ID`, `DESCRIPTION`, `NUMBER`, `OWNER_ID`) VALUES (142, 'Arbejde', '9626243', 87);
INSERT INTO hobby_person (hobbies_id, persons_id) VALUES (7, 87);
INSERT INTO `address` (`id`, `information`, `street`, `city_id`) VALUES (88, '324', 'Baunebjergvej', 506);
INSERT INTO `person` (`ID`, `EMAIL`, `FIRSTNAME`, `LASTNAME`, `ADDRESS_ID`) VALUES (88, 'henrik-holm-88373@outlook.eu', 'Henrik', 'Holm', 88);
INSERT INTO `phone` (`ID`, `DESCRIPTION`, `NUMBER`, `OWNER_ID`) VALUES (143, 'Hjem', '82411465', 88);
INSERT INTO `phone` (`ID`, `DESCRIPTION`, `NUMBER`, `OWNER_ID`) VALUES (144, 'Mobil', '37108428', 88);
INSERT INTO `phone` (`ID`, `DESCRIPTION`, `NUMBER`, `OWNER_ID`) VALUES (145, 'Bil', '11422964', 88);
INSERT INTO hobby_person (hobbies_id, persons_id) VALUES (8, 88);
INSERT INTO hobby_person (hobbies_id, persons_id) VALUES (5, 88);
INSERT INTO `address` (`id`, `information`, `street`, `city_id`) VALUES (89, '298', 'Milanovicvej', 179);
INSERT INTO `person` (`ID`, `EMAIL`, `FIRSTNAME`, `LASTNAME`, `ADDRESS_ID`) VALUES (89, 'lærke-olsen-89428@zoho.eu', 'Lærke', 'Olsen', 89);
INSERT INTO `phone` (`ID`, `DESCRIPTION`, `NUMBER`, `OWNER_ID`) VALUES (146, 'Hjem', '64835496', 89);
INSERT INTO hobby_person (hobbies_id, persons_id) VALUES (5, 89);
INSERT INTO hobby_person (hobbies_id, persons_id) VALUES (9, 89);
INSERT INTO `address` (`id`, `information`, `street`, `city_id`) VALUES (90, '433', 'Hjortekærsvej', 39);
INSERT INTO `person` (`ID`, `EMAIL`, `FIRSTNAME`, `LASTNAME`, `ADDRESS_ID`) VALUES (90, 'poul-behrendt-90179@yahoo.com', 'Poul', 'Behrendt', 90);
INSERT INTO `phone` (`ID`, `DESCRIPTION`, `NUMBER`, `OWNER_ID`) VALUES (147, 'Hjem', '17294933', 90);
INSERT INTO `phone` (`ID`, `DESCRIPTION`, `NUMBER`, `OWNER_ID`) VALUES (148, 'Arbejde', '95578901', 90);
INSERT INTO hobby_person (hobbies_id, persons_id) VALUES (12, 90);
INSERT INTO hobby_person (hobbies_id, persons_id) VALUES (1, 90);
INSERT INTO hobby_person (hobbies_id, persons_id) VALUES (4, 90);
INSERT INTO `address` (`id`, `information`, `street`, `city_id`) VALUES (91, '469', 'Baunebjergvej', 1175);
INSERT INTO `person` (`ID`, `EMAIL`, `FIRSTNAME`, `LASTNAME`, `ADDRESS_ID`) VALUES (91, 'filip-poulsen-91223@zoho.io', 'Filip', 'Poulsen', 91);
INSERT INTO `phone` (`ID`, `DESCRIPTION`, `NUMBER`, `OWNER_ID`) VALUES (149, 'Hjem', '61382698', 91);
INSERT INTO hobby_person (hobbies_id, persons_id) VALUES (1, 91);
INSERT INTO hobby_person (hobbies_id, persons_id) VALUES (7, 91);
INSERT INTO hobby_person (hobbies_id, persons_id) VALUES (2, 91);
INSERT INTO `address` (`id`, `information`, `street`, `city_id`) VALUES (92, '128', 'Kullevej', 973);
INSERT INTO `person` (`ID`, `EMAIL`, `FIRSTNAME`, `LASTNAME`, `ADDRESS_ID`) VALUES (92, 'maria-poulsen-9253@yahoo.dk', 'Maria', 'Poulsen', 92);
INSERT INTO `phone` (`ID`, `DESCRIPTION`, `NUMBER`, `OWNER_ID`) VALUES (150, 'Bil', '38249876', 92);
INSERT INTO hobby_person (hobbies_id, persons_id) VALUES (10, 92);
INSERT INTO hobby_person (hobbies_id, persons_id) VALUES (3, 92);
INSERT INTO hobby_person (hobbies_id, persons_id) VALUES (1, 92);
INSERT INTO `address` (`id`, `information`, `street`, `city_id`) VALUES (93, '439', 'Baunebjergvej', 753);
INSERT INTO `person` (`ID`, `EMAIL`, `FIRSTNAME`, `LASTNAME`, `ADDRESS_ID`) VALUES (93, 'frederik-larsen-93250@zoho.com', 'Frederik', 'Larsen', 93);
INSERT INTO `phone` (`ID`, `DESCRIPTION`, `NUMBER`, `OWNER_ID`) VALUES (151, 'Mobil', '12920217', 93);
INSERT INTO hobby_person (hobbies_id, persons_id) VALUES (6, 93);
INSERT INTO `address` (`id`, `information`, `street`, `city_id`) VALUES (94, '177', 'Ryllevej', 1017);
INSERT INTO `person` (`ID`, `EMAIL`, `FIRSTNAME`, `LASTNAME`, `ADDRESS_ID`) VALUES (94, 'bob-bobsen-94214@gmail.dk', 'Bob', 'Bobsen', 94);
INSERT INTO `phone` (`ID`, `DESCRIPTION`, `NUMBER`, `OWNER_ID`) VALUES (152, 'Feriehjem', '60933570', 94);
INSERT INTO `phone` (`ID`, `DESCRIPTION`, `NUMBER`, `OWNER_ID`) VALUES (153, 'Mobil', '76205730', 94);
INSERT INTO hobby_person (hobbies_id, persons_id) VALUES (8, 94);
INSERT INTO hobby_person (hobbies_id, persons_id) VALUES (2, 94);
INSERT INTO `address` (`id`, `information`, `street`, `city_id`) VALUES (95, '414', 'Hjortekærsvej', 804);
INSERT INTO `person` (`ID`, `EMAIL`, `FIRSTNAME`, `LASTNAME`, `ADDRESS_ID`) VALUES (95, 'sofie-thomsen-95425@protonmail.eu', 'Sofie', 'Thomsen', 95);
INSERT INTO `phone` (`ID`, `DESCRIPTION`, `NUMBER`, `OWNER_ID`) VALUES (154, 'Arbejde', '60989535', 95);
INSERT INTO `phone` (`ID`, `DESCRIPTION`, `NUMBER`, `OWNER_ID`) VALUES (155, 'Bil', '25665063', 95);
INSERT INTO `phone` (`ID`, `DESCRIPTION`, `NUMBER`, `OWNER_ID`) VALUES (156, 'Bil', '82831713', 95);
INSERT INTO hobby_person (hobbies_id, persons_id) VALUES (9, 95);
INSERT INTO hobby_person (hobbies_id, persons_id) VALUES (1, 95);
INSERT INTO hobby_person (hobbies_id, persons_id) VALUES (10, 95);
INSERT INTO `address` (`id`, `information`, `street`, `city_id`) VALUES (96, '241', 'Ryllevej', 602);
INSERT INTO `person` (`ID`, `EMAIL`, `FIRSTNAME`, `LASTNAME`, `ADDRESS_ID`) VALUES (96, 'laura-poulsen-96292@hotmail.dk', 'Laura', 'Poulsen', 96);
INSERT INTO `phone` (`ID`, `DESCRIPTION`, `NUMBER`, `OWNER_ID`) VALUES (157, 'Arbejde', '17762461', 96);
INSERT INTO `phone` (`ID`, `DESCRIPTION`, `NUMBER`, `OWNER_ID`) VALUES (158, 'Bil', '23559267', 96);
INSERT INTO `phone` (`ID`, `DESCRIPTION`, `NUMBER`, `OWNER_ID`) VALUES (159, 'Feriehjem', '20869992', 96);
INSERT INTO hobby_person (hobbies_id, persons_id) VALUES (9, 96);
INSERT INTO hobby_person (hobbies_id, persons_id) VALUES (8, 96);
INSERT INTO hobby_person (hobbies_id, persons_id) VALUES (3, 96);
INSERT INTO `address` (`id`, `information`, `street`, `city_id`) VALUES (97, '113', 'Møllevangen', 278);
INSERT INTO `person` (`ID`, `EMAIL`, `FIRSTNAME`, `LASTNAME`, `ADDRESS_ID`) VALUES (97, 'mia-eriksen-97382@outlook.eu', 'Mia', 'Eriksen', 97);
INSERT INTO `phone` (`ID`, `DESCRIPTION`, `NUMBER`, `OWNER_ID`) VALUES (160, 'Hjem', '66673334', 97);
INSERT INTO `phone` (`ID`, `DESCRIPTION`, `NUMBER`, `OWNER_ID`) VALUES (161, 'Bil', '98763019', 97);
INSERT INTO hobby_person (hobbies_id, persons_id) VALUES (10, 97);
INSERT INTO hobby_person (hobbies_id, persons_id) VALUES (6, 97);
INSERT INTO `address` (`id`, `information`, `street`, `city_id`) VALUES (98, '455', 'Østgaardsvej', 935);
INSERT INTO `person` (`ID`, `EMAIL`, `FIRSTNAME`, `LASTNAME`, `ADDRESS_ID`) VALUES (98, 'emilie-mikkelsen-987@gmail.eu', 'Emilie', 'Mikkelsen', 98);
INSERT INTO `phone` (`ID`, `DESCRIPTION`, `NUMBER`, `OWNER_ID`) VALUES (162, 'Bil', '15357673', 98);
INSERT INTO hobby_person (hobbies_id, persons_id) VALUES (8, 98);
INSERT INTO hobby_person (hobbies_id, persons_id) VALUES (1, 98);
INSERT INTO hobby_person (hobbies_id, persons_id) VALUES (11, 98);
INSERT INTO `address` (`id`, `information`, `street`, `city_id`) VALUES (99, '107', 'Møllevangen', 208);
INSERT INTO `person` (`ID`, `EMAIL`, `FIRSTNAME`, `LASTNAME`, `ADDRESS_ID`) VALUES (99, 'filip-andersen-99123@yahoo.dk', 'Filip', 'Andersen', 99);
INSERT INTO `phone` (`ID`, `DESCRIPTION`, `NUMBER`, `OWNER_ID`) VALUES (163, 'Hjem', '76938011', 99);
INSERT INTO `phone` (`ID`, `DESCRIPTION`, `NUMBER`, `OWNER_ID`) VALUES (164, 'Bil', '93425211', 99);
INSERT INTO hobby_person (hobbies_id, persons_id) VALUES (7, 99);
INSERT INTO hobby_person (hobbies_id, persons_id) VALUES (11, 99);
INSERT INTO `address` (`id`, `information`, `street`, `city_id`) VALUES (100, '429', 'Møllevangen', 61);
INSERT INTO `person` (`ID`, `EMAIL`, `FIRSTNAME`, `LASTNAME`, `ADDRESS_ID`) VALUES (100, 'amanda-poulsen-100412@zoho.io', 'Amanda', 'Poulsen', 100);
INSERT INTO `phone` (`ID`, `DESCRIPTION`, `NUMBER`, `OWNER_ID`) VALUES (165, 'Arbejde', '85833509', 100);
INSERT INTO hobby_person (hobbies_id, persons_id) VALUES (10, 100);
INSERT INTO hobby_person (hobbies_id, persons_id) VALUES (3, 100);
INSERT INTO hobby_person (hobbies_id, persons_id) VALUES (3, 100);
INSERT INTO `address` (`id`, `information`, `street`, `city_id`) VALUES (101, '211', 'Hjortekærsvej', 1032);
INSERT INTO `person` (`ID`, `EMAIL`, `FIRSTNAME`, `LASTNAME`, `ADDRESS_ID`) VALUES (101, 'jonas-larsen-101104@gmail.com', 'Jonas', 'Larsen', 101);
INSERT INTO `phone` (`ID`, `DESCRIPTION`, `NUMBER`, `OWNER_ID`) VALUES (166, 'Bil', '67301944', 101);
INSERT INTO `phone` (`ID`, `DESCRIPTION`, `NUMBER`, `OWNER_ID`) VALUES (167, 'Feriehjem', '45246239', 101);
INSERT INTO hobby_person (hobbies_id, persons_id) VALUES (7, 101);
INSERT INTO hobby_person (hobbies_id, persons_id) VALUES (2, 101);
INSERT INTO hobby_person (hobbies_id, persons_id) VALUES (6, 101);
INSERT INTO `address` (`id`, `information`, `street`, `city_id`) VALUES (102, '46', 'Østgaardsvej', 171);
INSERT INTO `person` (`ID`, `EMAIL`, `FIRSTNAME`, `LASTNAME`, `ADDRESS_ID`) VALUES (102, 'frederik-runesen-102105@outlook.dk', 'Frederik', 'Runesen', 102);
INSERT INTO `phone` (`ID`, `DESCRIPTION`, `NUMBER`, `OWNER_ID`) VALUES (168, 'Mobil', '10672017', 102);
INSERT INTO hobby_person (hobbies_id, persons_id) VALUES (2, 102);
INSERT INTO hobby_person (hobbies_id, persons_id) VALUES (6, 102);
INSERT INTO `address` (`id`, `information`, `street`, `city_id`) VALUES (103, '48', 'Baunebjergvej', 860);
INSERT INTO `person` (`ID`, `EMAIL`, `FIRSTNAME`, `LASTNAME`, `ADDRESS_ID`) VALUES (103, 'laura-filipsen-103308@hotmail.com', 'Laura', 'Filipsen', 103);
INSERT INTO `phone` (`ID`, `DESCRIPTION`, `NUMBER`, `OWNER_ID`) VALUES (169, 'Arbejde', '28178688', 103);
INSERT INTO `phone` (`ID`, `DESCRIPTION`, `NUMBER`, `OWNER_ID`) VALUES (170, 'Mobil', '20323197', 103);
INSERT INTO `phone` (`ID`, `DESCRIPTION`, `NUMBER`, `OWNER_ID`) VALUES (171, 'Mobil', '10553222', 103);
INSERT INTO hobby_person (hobbies_id, persons_id) VALUES (3, 103);
INSERT INTO `address` (`id`, `information`, `street`, `city_id`) VALUES (104, '57', 'Kronhjortevej', 266);
INSERT INTO `person` (`ID`, `EMAIL`, `FIRSTNAME`, `LASTNAME`, `ADDRESS_ID`) VALUES (104, 'mille-thomassen-104177@zoho.dk', 'Mille', 'Thomassen', 104);
INSERT INTO `phone` (`ID`, `DESCRIPTION`, `NUMBER`, `OWNER_ID`) VALUES (172, 'Mobil', '94797292', 104);
INSERT INTO hobby_person (hobbies_id, persons_id) VALUES (2, 104);
INSERT INTO hobby_person (hobbies_id, persons_id) VALUES (8, 104);
INSERT INTO `address` (`id`, `information`, `street`, `city_id`) VALUES (105, '129', 'Ryllevej', 1091);
INSERT INTO `person` (`ID`, `EMAIL`, `FIRSTNAME`, `LASTNAME`, `ADDRESS_ID`) VALUES (105, 'alexander-knudsen-105133@outlook.dk', 'Alexander', 'Knudsen', 105);
INSERT INTO `phone` (`ID`, `DESCRIPTION`, `NUMBER`, `OWNER_ID`) VALUES (173, 'Mobil', '48917216', 105);
INSERT INTO `phone` (`ID`, `DESCRIPTION`, `NUMBER`, `OWNER_ID`) VALUES (174, 'Hjem', '27399162', 105);
INSERT INTO hobby_person (hobbies_id, persons_id) VALUES (5, 105);
INSERT INTO hobby_person (hobbies_id, persons_id) VALUES (4, 105);
INSERT INTO `address` (`id`, `information`, `street`, `city_id`) VALUES (106, '253', 'Møllevangen', 1281);
INSERT INTO `person` (`ID`, `EMAIL`, `FIRSTNAME`, `LASTNAME`, `ADDRESS_ID`) VALUES (106, 'kristoffer-jensen-106133@outlook.dk', 'Kristoffer', 'Jensen', 106);
INSERT INTO `phone` (`ID`, `DESCRIPTION`, `NUMBER`, `OWNER_ID`) VALUES (175, 'Mobil', '79474504', 106);
INSERT INTO `phone` (`ID`, `DESCRIPTION`, `NUMBER`, `OWNER_ID`) VALUES (176, 'Mobil', '53878692', 106);
INSERT INTO hobby_person (hobbies_id, persons_id) VALUES (9, 106);
INSERT INTO `address` (`id`, `information`, `street`, `city_id`) VALUES (107, '429', 'Kullevej', 554);
INSERT INTO `person` (`ID`, `EMAIL`, `FIRSTNAME`, `LASTNAME`, `ADDRESS_ID`) VALUES (107, 'laura-iversen-107155@zoho.dk', 'Laura', 'Iversen', 107);
INSERT INTO `phone` (`ID`, `DESCRIPTION`, `NUMBER`, `OWNER_ID`) VALUES (177, 'Mobil', '57098576', 107);
INSERT INTO hobby_person (hobbies_id, persons_id) VALUES (9, 107);
INSERT INTO hobby_person (hobbies_id, persons_id) VALUES (4, 107);
INSERT INTO hobby_person (hobbies_id, persons_id) VALUES (6, 107);
INSERT INTO `address` (`id`, `information`, `street`, `city_id`) VALUES (108, '301', 'Ryllevej', 768);
INSERT INTO `person` (`ID`, `EMAIL`, `FIRSTNAME`, `LASTNAME`, `ADDRESS_ID`) VALUES (108, 'tobias-hansen-108394@yahoo.com', 'Tobias', 'Hansen', 108);
INSERT INTO `phone` (`ID`, `DESCRIPTION`, `NUMBER`, `OWNER_ID`) VALUES (178, 'Mobil', '42510160', 108);
INSERT INTO hobby_person (hobbies_id, persons_id) VALUES (3, 108);
INSERT INTO hobby_person (hobbies_id, persons_id) VALUES (2, 108);
INSERT INTO hobby_person (hobbies_id, persons_id) VALUES (6, 108);
INSERT INTO `address` (`id`, `information`, `street`, `city_id`) VALUES (109, '469', 'Kronhjortevej', 773);
INSERT INTO `person` (`ID`, `EMAIL`, `FIRSTNAME`, `LASTNAME`, `ADDRESS_ID`) VALUES (109, 'mia-pedersen-109463@yahoo.dk', 'Mia', 'Pedersen', 109);
INSERT INTO `phone` (`ID`, `DESCRIPTION`, `NUMBER`, `OWNER_ID`) VALUES (179, 'Hjem', '40130819', 109);
INSERT INTO hobby_person (hobbies_id, persons_id) VALUES (8, 109);
INSERT INTO hobby_person (hobbies_id, persons_id) VALUES (12, 109);
INSERT INTO `address` (`id`, `information`, `street`, `city_id`) VALUES (110, '170', 'Møllevangen', 1216);
INSERT INTO `person` (`ID`, `EMAIL`, `FIRSTNAME`, `LASTNAME`, `ADDRESS_ID`) VALUES (110, 'lucas-andersen-110190@protonmail.com', 'Lucas', 'Andersen', 110);
INSERT INTO `phone` (`ID`, `DESCRIPTION`, `NUMBER`, `OWNER_ID`) VALUES (180, 'Mobil', '82161299', 110);
INSERT INTO `phone` (`ID`, `DESCRIPTION`, `NUMBER`, `OWNER_ID`) VALUES (181, 'Arbejde', '4606371', 110);
INSERT INTO hobby_person (hobbies_id, persons_id) VALUES (11, 110);
INSERT INTO hobby_person (hobbies_id, persons_id) VALUES (7, 110);
INSERT INTO `address` (`id`, `information`, `street`, `city_id`) VALUES (111, '481', 'Østgaardsvej', 1254);
INSERT INTO `person` (`ID`, `EMAIL`, `FIRSTNAME`, `LASTNAME`, `ADDRESS_ID`) VALUES (111, 'daniel-eriksen-111337@outlook.eu', 'Daniel', 'Eriksen', 111);
INSERT INTO `phone` (`ID`, `DESCRIPTION`, `NUMBER`, `OWNER_ID`) VALUES (182, 'Hjem', '63265883', 111);
INSERT INTO hobby_person (hobbies_id, persons_id) VALUES (5, 111);
INSERT INTO hobby_person (hobbies_id, persons_id) VALUES (5, 111);
INSERT INTO hobby_person (hobbies_id, persons_id) VALUES (1, 111);
INSERT INTO `address` (`id`, `information`, `street`, `city_id`) VALUES (112, '113', 'Milanovicvej', 1027);
INSERT INTO `person` (`ID`, `EMAIL`, `FIRSTNAME`, `LASTNAME`, `ADDRESS_ID`) VALUES (112, 'poul-thomassen-112158@zoho.io', 'Poul', 'Thomassen', 112);
INSERT INTO `phone` (`ID`, `DESCRIPTION`, `NUMBER`, `OWNER_ID`) VALUES (183, 'Mobil', '39094770', 112);
INSERT INTO hobby_person (hobbies_id, persons_id) VALUES (12, 112);
INSERT INTO hobby_person (hobbies_id, persons_id) VALUES (7, 112);
INSERT INTO hobby_person (hobbies_id, persons_id) VALUES (10, 112);
INSERT INTO `address` (`id`, `information`, `street`, `city_id`) VALUES (113, '68', 'Baunebjergvej', 894);
INSERT INTO `person` (`ID`, `EMAIL`, `FIRSTNAME`, `LASTNAME`, `ADDRESS_ID`) VALUES (113, 'sofie-thomsen-113283@protonmail.io', 'Sofie', 'Thomsen', 113);
INSERT INTO `phone` (`ID`, `DESCRIPTION`, `NUMBER`, `OWNER_ID`) VALUES (184, 'Feriehjem', '36795956', 113);
INSERT INTO `phone` (`ID`, `DESCRIPTION`, `NUMBER`, `OWNER_ID`) VALUES (185, 'Hjem', '53467632', 113);
INSERT INTO `phone` (`ID`, `DESCRIPTION`, `NUMBER`, `OWNER_ID`) VALUES (186, 'Bil', '53314480', 113);
INSERT INTO hobby_person (hobbies_id, persons_id) VALUES (4, 113);
INSERT INTO `address` (`id`, `information`, `street`, `city_id`) VALUES (114, '358', 'Ryllevej', 618);
INSERT INTO `person` (`ID`, `EMAIL`, `FIRSTNAME`, `LASTNAME`, `ADDRESS_ID`) VALUES (114, 'mathias-iversen-114279@gmail.eu', 'Mathias', 'Iversen', 114);
INSERT INTO `phone` (`ID`, `DESCRIPTION`, `NUMBER`, `OWNER_ID`) VALUES (187, 'Bil', '51951829', 114);
INSERT INTO `phone` (`ID`, `DESCRIPTION`, `NUMBER`, `OWNER_ID`) VALUES (188, 'Arbejde', '9653053', 114);
INSERT INTO hobby_person (hobbies_id, persons_id) VALUES (9, 114);
INSERT INTO hobby_person (hobbies_id, persons_id) VALUES (3, 114);
INSERT INTO hobby_person (hobbies_id, persons_id) VALUES (8, 114);
INSERT INTO `address` (`id`, `information`, `street`, `city_id`) VALUES (115, '364', 'Kullevej', 5);
INSERT INTO `person` (`ID`, `EMAIL`, `FIRSTNAME`, `LASTNAME`, `ADDRESS_ID`) VALUES (115, 'rasmus-jeppesen-115105@yahoo.dk', 'Rasmus', 'Jeppesen', 115);
INSERT INTO `phone` (`ID`, `DESCRIPTION`, `NUMBER`, `OWNER_ID`) VALUES (189, 'Bil', '27856567', 115);
INSERT INTO `phone` (`ID`, `DESCRIPTION`, `NUMBER`, `OWNER_ID`) VALUES (190, 'Hjem', '67294551', 115);
INSERT INTO hobby_person (hobbies_id, persons_id) VALUES (1, 115);
INSERT INTO hobby_person (hobbies_id, persons_id) VALUES (7, 115);
INSERT INTO `address` (`id`, `information`, `street`, `city_id`) VALUES (116, '9', 'Hjortekærsvej', 648);
INSERT INTO `person` (`ID`, `EMAIL`, `FIRSTNAME`, `LASTNAME`, `ADDRESS_ID`) VALUES (116, 'silas-behrendt-116163@protonmail.com', 'Silas', 'Behrendt', 116);
INSERT INTO `phone` (`ID`, `DESCRIPTION`, `NUMBER`, `OWNER_ID`) VALUES (191, 'Mobil', '79465986', 116);
INSERT INTO hobby_person (hobbies_id, persons_id) VALUES (1, 116);
INSERT INTO hobby_person (hobbies_id, persons_id) VALUES (6, 116);
INSERT INTO `address` (`id`, `information`, `street`, `city_id`) VALUES (117, '109', 'Kronhjortevej', 663);
INSERT INTO `person` (`ID`, `EMAIL`, `FIRSTNAME`, `LASTNAME`, `ADDRESS_ID`) VALUES (117, 'nicolai-simonsen-1175@hotmail.eu', 'Nicolai', 'Simonsen', 117);
INSERT INTO `phone` (`ID`, `DESCRIPTION`, `NUMBER`, `OWNER_ID`) VALUES (192, 'Feriehjem', '16098856', 117);
INSERT INTO hobby_person (hobbies_id, persons_id) VALUES (9, 117);
INSERT INTO hobby_person (hobbies_id, persons_id) VALUES (6, 117);
INSERT INTO hobby_person (hobbies_id, persons_id) VALUES (3, 117);
INSERT INTO `address` (`id`, `information`, `street`, `city_id`) VALUES (118, '325', 'Hjortekærsvej', 1005);
INSERT INTO `person` (`ID`, `EMAIL`, `FIRSTNAME`, `LASTNAME`, `ADDRESS_ID`) VALUES (118, 'jacob-filipovic-118344@hotmail.dk', 'Jacob', 'Filipovic', 118);
INSERT INTO `phone` (`ID`, `DESCRIPTION`, `NUMBER`, `OWNER_ID`) VALUES (193, 'Feriehjem', '83578178', 118);
INSERT INTO hobby_person (hobbies_id, persons_id) VALUES (12, 118);
INSERT INTO hobby_person (hobbies_id, persons_id) VALUES (10, 118);
INSERT INTO hobby_person (hobbies_id, persons_id) VALUES (8, 118);
INSERT INTO `address` (`id`, `information`, `street`, `city_id`) VALUES (119, '41', 'Kullevej', 1048);
INSERT INTO `person` (`ID`, `EMAIL`, `FIRSTNAME`, `LASTNAME`, `ADDRESS_ID`) VALUES (119, 'amanda-larsen-119342@protonmail.com', 'Amanda', 'Larsen', 119);
INSERT INTO `phone` (`ID`, `DESCRIPTION`, `NUMBER`, `OWNER_ID`) VALUES (194, 'Mobil', '1653000', 119);
INSERT INTO hobby_person (hobbies_id, persons_id) VALUES (10, 119);
INSERT INTO `address` (`id`, `information`, `street`, `city_id`) VALUES (120, '418', 'Baunebjergvej', 416);
INSERT INTO `person` (`ID`, `EMAIL`, `FIRSTNAME`, `LASTNAME`, `ADDRESS_ID`) VALUES (120, 'nicolai-behrendt-12040@zoho.eu', 'Nicolai', 'Behrendt', 120);
INSERT INTO `phone` (`ID`, `DESCRIPTION`, `NUMBER`, `OWNER_ID`) VALUES (195, 'Mobil', '4252269', 120);
INSERT INTO hobby_person (hobbies_id, persons_id) VALUES (6, 120);
INSERT INTO hobby_person (hobbies_id, persons_id) VALUES (5, 120);
INSERT INTO hobby_person (hobbies_id, persons_id) VALUES (7, 120);
INSERT INTO `address` (`id`, `information`, `street`, `city_id`) VALUES (121, '284', 'Kullevej', 920);
INSERT INTO `person` (`ID`, `EMAIL`, `FIRSTNAME`, `LASTNAME`, `ADDRESS_ID`) VALUES (121, 'mille-larsen-121227@zoho.com', 'Mille', 'Larsen', 121);
INSERT INTO `phone` (`ID`, `DESCRIPTION`, `NUMBER`, `OWNER_ID`) VALUES (196, 'Bil', '43876511', 121);
INSERT INTO hobby_person (hobbies_id, persons_id) VALUES (4, 121);
INSERT INTO hobby_person (hobbies_id, persons_id) VALUES (4, 121);
INSERT INTO `address` (`id`, `information`, `street`, `city_id`) VALUES (122, '5', 'Ryllevej', 912);
INSERT INTO `person` (`ID`, `EMAIL`, `FIRSTNAME`, `LASTNAME`, `ADDRESS_ID`) VALUES (122, 'lærke-eriksen-122216@protonmail.com', 'Lærke', 'Eriksen', 122);
INSERT INTO `phone` (`ID`, `DESCRIPTION`, `NUMBER`, `OWNER_ID`) VALUES (197, 'Arbejde', '46852756', 122);
INSERT INTO hobby_person (hobbies_id, persons_id) VALUES (2, 122);
INSERT INTO hobby_person (hobbies_id, persons_id) VALUES (4, 122);
INSERT INTO `address` (`id`, `information`, `street`, `city_id`) VALUES (123, '175', 'Østgaardsvej', 710);
INSERT INTO `person` (`ID`, `EMAIL`, `FIRSTNAME`, `LASTNAME`, `ADDRESS_ID`) VALUES (123, 'kristoffer-runesen-123388@gmail.dk', 'Kristoffer', 'Runesen', 123);
INSERT INTO `phone` (`ID`, `DESCRIPTION`, `NUMBER`, `OWNER_ID`) VALUES (198, 'Bil', '63151038', 123);
INSERT INTO `phone` (`ID`, `DESCRIPTION`, `NUMBER`, `OWNER_ID`) VALUES (199, 'Hjem', '97840585', 123);
INSERT INTO `phone` (`ID`, `DESCRIPTION`, `NUMBER`, `OWNER_ID`) VALUES (200, 'Hjem', '18423553', 123);
INSERT INTO hobby_person (hobbies_id, persons_id) VALUES (12, 123);
INSERT INTO hobby_person (hobbies_id, persons_id) VALUES (11, 123);
INSERT INTO hobby_person (hobbies_id, persons_id) VALUES (9, 123);
INSERT INTO `address` (`id`, `information`, `street`, `city_id`) VALUES (124, '239', 'Møllevangen', 1002);
INSERT INTO `person` (`ID`, `EMAIL`, `FIRSTNAME`, `LASTNAME`, `ADDRESS_ID`) VALUES (124, 'kristoffer-filipovic-124457@zoho.com', 'Kristoffer', 'Filipovic', 124);
INSERT INTO `phone` (`ID`, `DESCRIPTION`, `NUMBER`, `OWNER_ID`) VALUES (201, 'Hjem', '32910554', 124);
INSERT INTO hobby_person (hobbies_id, persons_id) VALUES (10, 124);
INSERT INTO hobby_person (hobbies_id, persons_id) VALUES (2, 124);
INSERT INTO `address` (`id`, `information`, `street`, `city_id`) VALUES (125, '401', 'Hjortekærsvej', 15);
INSERT INTO `person` (`ID`, `EMAIL`, `FIRSTNAME`, `LASTNAME`, `ADDRESS_ID`) VALUES (125, 'camilla-jensen-125393@yahoo.dk', 'Camilla', 'Jensen', 125);
INSERT INTO `phone` (`ID`, `DESCRIPTION`, `NUMBER`, `OWNER_ID`) VALUES (202, 'Mobil', '74921087', 125);
INSERT INTO `phone` (`ID`, `DESCRIPTION`, `NUMBER`, `OWNER_ID`) VALUES (203, 'Hjem', '45405782', 125);
INSERT INTO `phone` (`ID`, `DESCRIPTION`, `NUMBER`, `OWNER_ID`) VALUES (204, 'Arbejde', '54820888', 125);
INSERT INTO hobby_person (hobbies_id, persons_id) VALUES (4, 125);
INSERT INTO hobby_person (hobbies_id, persons_id) VALUES (12, 125);
INSERT INTO `address` (`id`, `information`, `street`, `city_id`) VALUES (126, '419', 'Ryllevej', 627);
INSERT INTO `person` (`ID`, `EMAIL`, `FIRSTNAME`, `LASTNAME`, `ADDRESS_ID`) VALUES (126, 'christoffer-andersen-12626@hotmail.dk', 'Christoffer', 'Andersen', 126);
INSERT INTO `phone` (`ID`, `DESCRIPTION`, `NUMBER`, `OWNER_ID`) VALUES (205, 'Bil', '98255541', 126);
INSERT INTO hobby_person (hobbies_id, persons_id) VALUES (7, 126);
INSERT INTO hobby_person (hobbies_id, persons_id) VALUES (11, 126);
INSERT INTO `address` (`id`, `information`, `street`, `city_id`) VALUES (127, '410', 'Kullevej', 879);
INSERT INTO `person` (`ID`, `EMAIL`, `FIRSTNAME`, `LASTNAME`, `ADDRESS_ID`) VALUES (127, 'christoffer-poulsen-127167@outlook.com', 'Christoffer', 'Poulsen', 127);
INSERT INTO `phone` (`ID`, `DESCRIPTION`, `NUMBER`, `OWNER_ID`) VALUES (206, 'Mobil', '78905505', 127);
INSERT INTO hobby_person (hobbies_id, persons_id) VALUES (9, 127);
INSERT INTO hobby_person (hobbies_id, persons_id) VALUES (7, 127);
INSERT INTO hobby_person (hobbies_id, persons_id) VALUES (6, 127);
INSERT INTO `address` (`id`, `information`, `street`, `city_id`) VALUES (128, '267', 'Kronhjortevej', 1236);
INSERT INTO `person` (`ID`, `EMAIL`, `FIRSTNAME`, `LASTNAME`, `ADDRESS_ID`) VALUES (128, 'steven-jessen-128303@hotmail.io', 'Steven', 'Jessen', 128);
INSERT INTO `phone` (`ID`, `DESCRIPTION`, `NUMBER`, `OWNER_ID`) VALUES (207, 'Arbejde', '7762782', 128);
INSERT INTO `phone` (`ID`, `DESCRIPTION`, `NUMBER`, `OWNER_ID`) VALUES (208, 'Arbejde', '76405985', 128);
INSERT INTO hobby_person (hobbies_id, persons_id) VALUES (12, 128);
INSERT INTO hobby_person (hobbies_id, persons_id) VALUES (8, 128);
INSERT INTO hobby_person (hobbies_id, persons_id) VALUES (2, 128);
INSERT INTO `address` (`id`, `information`, `street`, `city_id`) VALUES (129, '486', 'Baunebjergvej', 1285);
INSERT INTO `person` (`ID`, `EMAIL`, `FIRSTNAME`, `LASTNAME`, `ADDRESS_ID`) VALUES (129, 'rasmus-holm-129445@protonmail.eu', 'Rasmus', 'Holm', 129);
INSERT INTO `phone` (`ID`, `DESCRIPTION`, `NUMBER`, `OWNER_ID`) VALUES (209, 'Bil', '62674217', 129);
INSERT INTO `phone` (`ID`, `DESCRIPTION`, `NUMBER`, `OWNER_ID`) VALUES (210, 'Arbejde', '41067800', 129);
INSERT INTO `phone` (`ID`, `DESCRIPTION`, `NUMBER`, `OWNER_ID`) VALUES (211, 'Mobil', '56994434', 129);
INSERT INTO hobby_person (hobbies_id, persons_id) VALUES (1, 129);
INSERT INTO hobby_person (hobbies_id, persons_id) VALUES (6, 129);
INSERT INTO hobby_person (hobbies_id, persons_id) VALUES (11, 129);
INSERT INTO `address` (`id`, `information`, `street`, `city_id`) VALUES (130, '202', 'Kullevej', 1023);
INSERT INTO `person` (`ID`, `EMAIL`, `FIRSTNAME`, `LASTNAME`, `ADDRESS_ID`) VALUES (130, 'jacob-vestergaard-130450@zoho.dk', 'Jacob', 'Vestergaard', 130);
INSERT INTO `phone` (`ID`, `DESCRIPTION`, `NUMBER`, `OWNER_ID`) VALUES (212, 'Bil', '56431342', 130);
INSERT INTO `phone` (`ID`, `DESCRIPTION`, `NUMBER`, `OWNER_ID`) VALUES (213, 'Arbejde', '17383932', 130);
INSERT INTO hobby_person (hobbies_id, persons_id) VALUES (1, 130);
INSERT INTO `address` (`id`, `information`, `street`, `city_id`) VALUES (131, '33', 'Baunebjergvej', 1197);
INSERT INTO `person` (`ID`, `EMAIL`, `FIRSTNAME`, `LASTNAME`, `ADDRESS_ID`) VALUES (131, 'mathias-pedersen-13147@yahoo.eu', 'Mathias', 'Pedersen', 131);
INSERT INTO `phone` (`ID`, `DESCRIPTION`, `NUMBER`, `OWNER_ID`) VALUES (214, 'Arbejde', '55832053', 131);
INSERT INTO `phone` (`ID`, `DESCRIPTION`, `NUMBER`, `OWNER_ID`) VALUES (215, 'Feriehjem', '10977429', 131);
INSERT INTO hobby_person (hobbies_id, persons_id) VALUES (11, 131);
INSERT INTO hobby_person (hobbies_id, persons_id) VALUES (11, 131);
INSERT INTO `address` (`id`, `information`, `street`, `city_id`) VALUES (132, '422', 'Ryllevej', 835);
INSERT INTO `person` (`ID`, `EMAIL`, `FIRSTNAME`, `LASTNAME`, `ADDRESS_ID`) VALUES (132, 'filip-alexandersen-132168@yahoo.dk', 'Filip', 'Alexandersen', 132);
INSERT INTO `phone` (`ID`, `DESCRIPTION`, `NUMBER`, `OWNER_ID`) VALUES (216, 'Hjem', '41913978', 132);
INSERT INTO hobby_person (hobbies_id, persons_id) VALUES (8, 132);
INSERT INTO `address` (`id`, `information`, `street`, `city_id`) VALUES (133, '407', 'Hjortekærsvej', 919);
INSERT INTO `person` (`ID`, `EMAIL`, `FIRSTNAME`, `LASTNAME`, `ADDRESS_ID`) VALUES (133, 'frederik-andersen-133250@zoho.io', 'Frederik', 'Andersen', 133);
INSERT INTO `phone` (`ID`, `DESCRIPTION`, `NUMBER`, `OWNER_ID`) VALUES (217, 'Arbejde', '74484780', 133);
INSERT INTO hobby_person (hobbies_id, persons_id) VALUES (5, 133);
INSERT INTO hobby_person (hobbies_id, persons_id) VALUES (3, 133);
INSERT INTO hobby_person (hobbies_id, persons_id) VALUES (1, 133);
INSERT INTO `address` (`id`, `information`, `street`, `city_id`) VALUES (134, '221', 'Kronhjortevej', 791);
INSERT INTO `person` (`ID`, `EMAIL`, `FIRSTNAME`, `LASTNAME`, `ADDRESS_ID`) VALUES (134, 'mads-behrendt-13469@hotmail.eu', 'Mads', 'Behrendt', 134);
INSERT INTO `phone` (`ID`, `DESCRIPTION`, `NUMBER`, `OWNER_ID`) VALUES (218, 'Arbejde', '53227071', 134);
INSERT INTO `phone` (`ID`, `DESCRIPTION`, `NUMBER`, `OWNER_ID`) VALUES (219, 'Bil', '88577136', 134);
INSERT INTO hobby_person (hobbies_id, persons_id) VALUES (6, 134);
INSERT INTO hobby_person (hobbies_id, persons_id) VALUES (11, 134);
INSERT INTO `address` (`id`, `information`, `street`, `city_id`) VALUES (135, '53', 'Ryllevej', 845);
INSERT INTO `person` (`ID`, `EMAIL`, `FIRSTNAME`, `LASTNAME`, `ADDRESS_ID`) VALUES (135, 'jacob-eriksen-135135@protonmail.com', 'Jacob', 'Eriksen', 135);
INSERT INTO `phone` (`ID`, `DESCRIPTION`, `NUMBER`, `OWNER_ID`) VALUES (220, 'Hjem', '35551325', 135);
INSERT INTO `phone` (`ID`, `DESCRIPTION`, `NUMBER`, `OWNER_ID`) VALUES (221, 'Arbejde', '61539565', 135);
INSERT INTO hobby_person (hobbies_id, persons_id) VALUES (5, 135);
INSERT INTO hobby_person (hobbies_id, persons_id) VALUES (1, 135);
INSERT INTO `address` (`id`, `information`, `street`, `city_id`) VALUES (136, '313', 'Milanovicvej', 232);
INSERT INTO `person` (`ID`, `EMAIL`, `FIRSTNAME`, `LASTNAME`, `ADDRESS_ID`) VALUES (136, 'maria-jonassen-136457@yahoo.eu', 'Maria', 'Jonassen', 136);
INSERT INTO `phone` (`ID`, `DESCRIPTION`, `NUMBER`, `OWNER_ID`) VALUES (222, 'Bil', '47488674', 136);
INSERT INTO `phone` (`ID`, `DESCRIPTION`, `NUMBER`, `OWNER_ID`) VALUES (223, 'Hjem', '88290371', 136);
INSERT INTO hobby_person (hobbies_id, persons_id) VALUES (9, 136);
INSERT INTO hobby_person (hobbies_id, persons_id) VALUES (12, 136);
INSERT INTO hobby_person (hobbies_id, persons_id) VALUES (8, 136);
INSERT INTO `address` (`id`, `information`, `street`, `city_id`) VALUES (137, '23', 'Kullevej', 1092);
INSERT INTO `person` (`ID`, `EMAIL`, `FIRSTNAME`, `LASTNAME`, `ADDRESS_ID`) VALUES (137, 'steven-simonsen-13743@zoho.com', 'Steven', 'Simonsen', 137);
INSERT INTO `phone` (`ID`, `DESCRIPTION`, `NUMBER`, `OWNER_ID`) VALUES (224, 'Mobil', '75622008', 137);
INSERT INTO hobby_person (hobbies_id, persons_id) VALUES (8, 137);
INSERT INTO hobby_person (hobbies_id, persons_id) VALUES (11, 137);
INSERT INTO hobby_person (hobbies_id, persons_id) VALUES (4, 137);
INSERT INTO `address` (`id`, `information`, `street`, `city_id`) VALUES (138, '45', 'Kullevej', 1313);
INSERT INTO `person` (`ID`, `EMAIL`, `FIRSTNAME`, `LASTNAME`, `ADDRESS_ID`) VALUES (138, 'mathilde-simonsen-138242@zoho.eu', 'Mathilde', 'Simonsen', 138);
INSERT INTO `phone` (`ID`, `DESCRIPTION`, `NUMBER`, `OWNER_ID`) VALUES (225, 'Mobil', '11834836', 138);
INSERT INTO hobby_person (hobbies_id, persons_id) VALUES (6, 138);
INSERT INTO hobby_person (hobbies_id, persons_id) VALUES (5, 138);
INSERT INTO `address` (`id`, `information`, `street`, `city_id`) VALUES (139, '251', 'Kronhjortevej', 239);
INSERT INTO `person` (`ID`, `EMAIL`, `FIRSTNAME`, `LASTNAME`, `ADDRESS_ID`) VALUES (139, 'maria-stevensen-139110@gmail.com', 'Maria', 'Stevensen', 139);
INSERT INTO `phone` (`ID`, `DESCRIPTION`, `NUMBER`, `OWNER_ID`) VALUES (226, 'Hjem', '27097820', 139);
INSERT INTO hobby_person (hobbies_id, persons_id) VALUES (9, 139);
INSERT INTO hobby_person (hobbies_id, persons_id) VALUES (7, 139);
INSERT INTO hobby_person (hobbies_id, persons_id) VALUES (9, 139);
INSERT INTO `address` (`id`, `information`, `street`, `city_id`) VALUES (140, '91', 'Østgaardsvej', 548);
INSERT INTO `person` (`ID`, `EMAIL`, `FIRSTNAME`, `LASTNAME`, `ADDRESS_ID`) VALUES (140, 'marcus-stevensen-140335@protonmail.eu', 'Marcus', 'Stevensen', 140);
INSERT INTO `phone` (`ID`, `DESCRIPTION`, `NUMBER`, `OWNER_ID`) VALUES (227, 'Bil', '70368157', 140);
INSERT INTO `phone` (`ID`, `DESCRIPTION`, `NUMBER`, `OWNER_ID`) VALUES (228, 'Arbejde', '22507377', 140);
INSERT INTO `phone` (`ID`, `DESCRIPTION`, `NUMBER`, `OWNER_ID`) VALUES (229, 'Mobil', '95668016', 140);
INSERT INTO hobby_person (hobbies_id, persons_id) VALUES (12, 140);
INSERT INTO `address` (`id`, `information`, `street`, `city_id`) VALUES (141, '493', 'Østgaardsvej', 321);
INSERT INTO `person` (`ID`, `EMAIL`, `FIRSTNAME`, `LASTNAME`, `ADDRESS_ID`) VALUES (141, 'anna-stevensen-14141@outlook.com', 'Anna', 'Stevensen', 141);
INSERT INTO `phone` (`ID`, `DESCRIPTION`, `NUMBER`, `OWNER_ID`) VALUES (230, 'Feriehjem', '75059581', 141);
INSERT INTO `phone` (`ID`, `DESCRIPTION`, `NUMBER`, `OWNER_ID`) VALUES (231, 'Hjem', '37179578', 141);
INSERT INTO `phone` (`ID`, `DESCRIPTION`, `NUMBER`, `OWNER_ID`) VALUES (232, 'Arbejde', '81080501', 141);
INSERT INTO hobby_person (hobbies_id, persons_id) VALUES (7, 141);
INSERT INTO `address` (`id`, `information`, `street`, `city_id`) VALUES (142, '369', 'Kullevej', 106);
INSERT INTO `person` (`ID`, `EMAIL`, `FIRSTNAME`, `LASTNAME`, `ADDRESS_ID`) VALUES (142, 'lea-knudsen-142362@protonmail.com', 'Lea', 'Knudsen', 142);
INSERT INTO `phone` (`ID`, `DESCRIPTION`, `NUMBER`, `OWNER_ID`) VALUES (233, 'Mobil', '68959706', 142);
INSERT INTO hobby_person (hobbies_id, persons_id) VALUES (11, 142);
INSERT INTO hobby_person (hobbies_id, persons_id) VALUES (1, 142);
INSERT INTO hobby_person (hobbies_id, persons_id) VALUES (8, 142);
INSERT INTO `address` (`id`, `information`, `street`, `city_id`) VALUES (143, '127', 'Møllevangen', 1275);
INSERT INTO `person` (`ID`, `EMAIL`, `FIRSTNAME`, `LASTNAME`, `ADDRESS_ID`) VALUES (143, 'simon-jessen-143416@zoho.eu', 'Simon', 'Jessen', 143);
INSERT INTO `phone` (`ID`, `DESCRIPTION`, `NUMBER`, `OWNER_ID`) VALUES (234, 'Arbejde', '15356292', 143);
INSERT INTO `phone` (`ID`, `DESCRIPTION`, `NUMBER`, `OWNER_ID`) VALUES (235, 'Arbejde', '2312043', 143);
INSERT INTO hobby_person (hobbies_id, persons_id) VALUES (1, 143);
INSERT INTO hobby_person (hobbies_id, persons_id) VALUES (8, 143);
INSERT INTO hobby_person (hobbies_id, persons_id) VALUES (4, 143);
INSERT INTO `address` (`id`, `information`, `street`, `city_id`) VALUES (144, '56', 'Milanovicvej', 1106);
INSERT INTO `person` (`ID`, `EMAIL`, `FIRSTNAME`, `LASTNAME`, `ADDRESS_ID`) VALUES (144, 'anna-holm-144295@outlook.eu', 'Anna', 'Holm', 144);
INSERT INTO `phone` (`ID`, `DESCRIPTION`, `NUMBER`, `OWNER_ID`) VALUES (236, 'Mobil', '7974588', 144);
INSERT INTO hobby_person (hobbies_id, persons_id) VALUES (2, 144);
INSERT INTO hobby_person (hobbies_id, persons_id) VALUES (2, 144);
INSERT INTO hobby_person (hobbies_id, persons_id) VALUES (7, 144);
INSERT INTO `address` (`id`, `information`, `street`, `city_id`) VALUES (145, '177', 'Møllevangen', 62);
INSERT INTO `person` (`ID`, `EMAIL`, `FIRSTNAME`, `LASTNAME`, `ADDRESS_ID`) VALUES (145, 'daniel-pedersen-14535@zoho.eu', 'Daniel', 'Pedersen', 145);
INSERT INTO `phone` (`ID`, `DESCRIPTION`, `NUMBER`, `OWNER_ID`) VALUES (237, 'Hjem', '72193357', 145);
INSERT INTO hobby_person (hobbies_id, persons_id) VALUES (2, 145);
INSERT INTO hobby_person (hobbies_id, persons_id) VALUES (9, 145);
INSERT INTO hobby_person (hobbies_id, persons_id) VALUES (7, 145);
INSERT INTO `address` (`id`, `information`, `street`, `city_id`) VALUES (146, '122', 'Møllevangen', 73);
INSERT INTO `person` (`ID`, `EMAIL`, `FIRSTNAME`, `LASTNAME`, `ADDRESS_ID`) VALUES (146, 'ida-larsen-146177@protonmail.io', 'Ida', 'Larsen', 146);
INSERT INTO `phone` (`ID`, `DESCRIPTION`, `NUMBER`, `OWNER_ID`) VALUES (238, 'Arbejde', '10140791', 146);
INSERT INTO hobby_person (hobbies_id, persons_id) VALUES (9, 146);
INSERT INTO hobby_person (hobbies_id, persons_id) VALUES (11, 146);
INSERT INTO hobby_person (hobbies_id, persons_id) VALUES (12, 146);
INSERT INTO `address` (`id`, `information`, `street`, `city_id`) VALUES (147, '322', 'Baunebjergvej', 760);
INSERT INTO `person` (`ID`, `EMAIL`, `FIRSTNAME`, `LASTNAME`, `ADDRESS_ID`) VALUES (147, 'jonas-iversen-147224@hotmail.dk', 'Jonas', 'Iversen', 147);
INSERT INTO `phone` (`ID`, `DESCRIPTION`, `NUMBER`, `OWNER_ID`) VALUES (239, 'Hjem', '50256871', 147);
INSERT INTO hobby_person (hobbies_id, persons_id) VALUES (1, 147);
INSERT INTO hobby_person (hobbies_id, persons_id) VALUES (11, 147);
INSERT INTO hobby_person (hobbies_id, persons_id) VALUES (6, 147);
INSERT INTO `address` (`id`, `information`, `street`, `city_id`) VALUES (148, '400', 'Østgaardsvej', 521);
INSERT INTO `person` (`ID`, `EMAIL`, `FIRSTNAME`, `LASTNAME`, `ADDRESS_ID`) VALUES (148, 'jonas-olsen-148211@outlook.eu', 'Jonas', 'Olsen', 148);
INSERT INTO `phone` (`ID`, `DESCRIPTION`, `NUMBER`, `OWNER_ID`) VALUES (240, 'Mobil', '74070840', 148);
INSERT INTO hobby_person (hobbies_id, persons_id) VALUES (4, 148);
INSERT INTO hobby_person (hobbies_id, persons_id) VALUES (9, 148);
INSERT INTO hobby_person (hobbies_id, persons_id) VALUES (10, 148);
INSERT INTO `address` (`id`, `information`, `street`, `city_id`) VALUES (149, '124', 'Østgaardsvej', 281);
INSERT INTO `person` (`ID`, `EMAIL`, `FIRSTNAME`, `LASTNAME`, `ADDRESS_ID`) VALUES (149, 'sigurd-vestergaard-14954@gmail.com', 'Sigurd', 'Vestergaard', 149);
INSERT INTO `phone` (`ID`, `DESCRIPTION`, `NUMBER`, `OWNER_ID`) VALUES (241, 'Mobil', '30361884', 149);
INSERT INTO hobby_person (hobbies_id, persons_id) VALUES (12, 149);
INSERT INTO hobby_person (hobbies_id, persons_id) VALUES (12, 149);
INSERT INTO hobby_person (hobbies_id, persons_id) VALUES (2, 149);
INSERT INTO `address` (`id`, `information`, `street`, `city_id`) VALUES (150, '226', 'Baunebjergvej', 161);
INSERT INTO `person` (`ID`, `EMAIL`, `FIRSTNAME`, `LASTNAME`, `ADDRESS_ID`) VALUES (150, 'mads-andersen-150384@yahoo.eu', 'Mads', 'Andersen', 150);
INSERT INTO `phone` (`ID`, `DESCRIPTION`, `NUMBER`, `OWNER_ID`) VALUES (242, 'Mobil', '66450045', 150);
INSERT INTO hobby_person (hobbies_id, persons_id) VALUES (8, 150);
INSERT INTO hobby_person (hobbies_id, persons_id) VALUES (5, 150);
INSERT INTO hobby_person (hobbies_id, persons_id) VALUES (6, 150);
INSERT INTO `address` (`id`, `information`, `street`, `city_id`) VALUES (151, '353', 'Ryllevej', 1076);
INSERT INTO `person` (`ID`, `EMAIL`, `FIRSTNAME`, `LASTNAME`, `ADDRESS_ID`) VALUES (151, 'jacob-knudsen-151214@outlook.dk', 'Jacob', 'Knudsen', 151);
INSERT INTO `phone` (`ID`, `DESCRIPTION`, `NUMBER`, `OWNER_ID`) VALUES (243, 'Bil', '92299032', 151);
INSERT INTO hobby_person (hobbies_id, persons_id) VALUES (8, 151);
INSERT INTO hobby_person (hobbies_id, persons_id) VALUES (9, 151);
INSERT INTO hobby_person (hobbies_id, persons_id) VALUES (11, 151);
INSERT INTO `address` (`id`, `information`, `street`, `city_id`) VALUES (152, '5', 'Østgaardsvej', 1050);
INSERT INTO `person` (`ID`, `EMAIL`, `FIRSTNAME`, `LASTNAME`, `ADDRESS_ID`) VALUES (152, 'bertram-andersen-15273@gmail.eu', 'Bertram', 'Andersen', 152);
INSERT INTO `phone` (`ID`, `DESCRIPTION`, `NUMBER`, `OWNER_ID`) VALUES (244, 'Mobil', '30704327', 152);
INSERT INTO `phone` (`ID`, `DESCRIPTION`, `NUMBER`, `OWNER_ID`) VALUES (245, 'Hjem', '86037850', 152);
INSERT INTO hobby_person (hobbies_id, persons_id) VALUES (6, 152);
INSERT INTO hobby_person (hobbies_id, persons_id) VALUES (8, 152);
INSERT INTO `address` (`id`, `information`, `street`, `city_id`) VALUES (153, '496', 'Baunebjergvej', 1006);
INSERT INTO `person` (`ID`, `EMAIL`, `FIRSTNAME`, `LASTNAME`, `ADDRESS_ID`) VALUES (153, 'maria-poulsen-153300@hotmail.com', 'Maria', 'Poulsen', 153);
INSERT INTO `phone` (`ID`, `DESCRIPTION`, `NUMBER`, `OWNER_ID`) VALUES (246, 'Bil', '18708904', 153);
INSERT INTO hobby_person (hobbies_id, persons_id) VALUES (3, 153);
INSERT INTO hobby_person (hobbies_id, persons_id) VALUES (12, 153);
INSERT INTO `address` (`id`, `information`, `street`, `city_id`) VALUES (154, '327', 'Møllevangen', 634);
INSERT INTO `person` (`ID`, `EMAIL`, `FIRSTNAME`, `LASTNAME`, `ADDRESS_ID`) VALUES (154, 'alexander-knudsen-154289@protonmail.io', 'Alexander', 'Knudsen', 154);
INSERT INTO `phone` (`ID`, `DESCRIPTION`, `NUMBER`, `OWNER_ID`) VALUES (247, 'Mobil', '92461041', 154);
INSERT INTO hobby_person (hobbies_id, persons_id) VALUES (3, 154);
INSERT INTO hobby_person (hobbies_id, persons_id) VALUES (2, 154);
INSERT INTO `address` (`id`, `information`, `street`, `city_id`) VALUES (155, '174', 'Møllevangen', 975);
INSERT INTO `person` (`ID`, `EMAIL`, `FIRSTNAME`, `LASTNAME`, `ADDRESS_ID`) VALUES (155, 'solveig-kristiansen-15594@zoho.dk', 'Solveig', 'Kristiansen', 155);
INSERT INTO `phone` (`ID`, `DESCRIPTION`, `NUMBER`, `OWNER_ID`) VALUES (248, 'Arbejde', '79200545', 155);
INSERT INTO `phone` (`ID`, `DESCRIPTION`, `NUMBER`, `OWNER_ID`) VALUES (249, 'Feriehjem', '52723302', 155);
INSERT INTO hobby_person (hobbies_id, persons_id) VALUES (9, 155);
INSERT INTO hobby_person (hobbies_id, persons_id) VALUES (11, 155);
INSERT INTO hobby_person (hobbies_id, persons_id) VALUES (1, 155);
INSERT INTO `address` (`id`, `information`, `street`, `city_id`) VALUES (156, '205', 'Østgaardsvej', 919);
INSERT INTO `person` (`ID`, `EMAIL`, `FIRSTNAME`, `LASTNAME`, `ADDRESS_ID`) VALUES (156, 'jonas-thomsen-156119@protonmail.com', 'Jonas', 'Thomsen', 156);
INSERT INTO `phone` (`ID`, `DESCRIPTION`, `NUMBER`, `OWNER_ID`) VALUES (250, 'Bil', '97545058', 156);
INSERT INTO hobby_person (hobbies_id, persons_id) VALUES (9, 156);
INSERT INTO `address` (`id`, `information`, `street`, `city_id`) VALUES (157, '413', 'Hjortekærsvej', 989);
INSERT INTO `person` (`ID`, `EMAIL`, `FIRSTNAME`, `LASTNAME`, `ADDRESS_ID`) VALUES (157, 'ida-knudsen-157135@outlook.io', 'Ida', 'Knudsen', 157);
INSERT INTO `phone` (`ID`, `DESCRIPTION`, `NUMBER`, `OWNER_ID`) VALUES (251, 'Mobil', '93829222', 157);
INSERT INTO hobby_person (hobbies_id, persons_id) VALUES (1, 157);
INSERT INTO `address` (`id`, `information`, `street`, `city_id`) VALUES (158, '425', 'Kullevej', 1232);
INSERT INTO `person` (`ID`, `EMAIL`, `FIRSTNAME`, `LASTNAME`, `ADDRESS_ID`) VALUES (158, 'bob-stevensen-158311@gmail.io', 'Bob', 'Stevensen', 158);
INSERT INTO `phone` (`ID`, `DESCRIPTION`, `NUMBER`, `OWNER_ID`) VALUES (252, 'Bil', '29610949', 158);
INSERT INTO hobby_person (hobbies_id, persons_id) VALUES (10, 158);
INSERT INTO hobby_person (hobbies_id, persons_id) VALUES (10, 158);
INSERT INTO hobby_person (hobbies_id, persons_id) VALUES (10, 158);
INSERT INTO `address` (`id`, `information`, `street`, `city_id`) VALUES (159, '229', 'Møllevangen', 445);
INSERT INTO `person` (`ID`, `EMAIL`, `FIRSTNAME`, `LASTNAME`, `ADDRESS_ID`) VALUES (159, 'rasmus-kristiansen-159268@hotmail.eu', 'Rasmus', 'Kristiansen', 159);
INSERT INTO `phone` (`ID`, `DESCRIPTION`, `NUMBER`, `OWNER_ID`) VALUES (253, 'Arbejde', '59715876', 159);
INSERT INTO `phone` (`ID`, `DESCRIPTION`, `NUMBER`, `OWNER_ID`) VALUES (254, 'Feriehjem', '72868461', 159);
INSERT INTO hobby_person (hobbies_id, persons_id) VALUES (7, 159);
INSERT INTO hobby_person (hobbies_id, persons_id) VALUES (10, 159);
INSERT INTO `address` (`id`, `information`, `street`, `city_id`) VALUES (160, '224', 'Hjortekærsvej', 1040);
INSERT INTO `person` (`ID`, `EMAIL`, `FIRSTNAME`, `LASTNAME`, `ADDRESS_ID`) VALUES (160, 'alexander-christoffersen-160196@protonmail.io', 'Alexander', 'Christoffersen', 160);
INSERT INTO `phone` (`ID`, `DESCRIPTION`, `NUMBER`, `OWNER_ID`) VALUES (255, 'Hjem', '42867146', 160);
INSERT INTO hobby_person (hobbies_id, persons_id) VALUES (10, 160);
INSERT INTO hobby_person (hobbies_id, persons_id) VALUES (3, 160);
INSERT INTO hobby_person (hobbies_id, persons_id) VALUES (1, 160);
INSERT INTO `address` (`id`, `information`, `street`, `city_id`) VALUES (161, '102', 'Møllevangen', 274);
INSERT INTO `person` (`ID`, `EMAIL`, `FIRSTNAME`, `LASTNAME`, `ADDRESS_ID`) VALUES (161, 'marcus-iversen-16158@yahoo.dk', 'Marcus', 'Iversen', 161);
INSERT INTO `phone` (`ID`, `DESCRIPTION`, `NUMBER`, `OWNER_ID`) VALUES (256, 'Bil', '45171299', 161);
INSERT INTO hobby_person (hobbies_id, persons_id) VALUES (1, 161);
INSERT INTO hobby_person (hobbies_id, persons_id) VALUES (3, 161);
INSERT INTO hobby_person (hobbies_id, persons_id) VALUES (8, 161);
INSERT INTO `address` (`id`, `information`, `street`, `city_id`) VALUES (162, '355', 'Baunebjergvej', 1080);
INSERT INTO `person` (`ID`, `EMAIL`, `FIRSTNAME`, `LASTNAME`, `ADDRESS_ID`) VALUES (162, 'emma-bobsen-162163@hotmail.dk', 'Emma', 'Bobsen', 162);
INSERT INTO `phone` (`ID`, `DESCRIPTION`, `NUMBER`, `OWNER_ID`) VALUES (257, 'Mobil', '17239883', 162);
INSERT INTO `phone` (`ID`, `DESCRIPTION`, `NUMBER`, `OWNER_ID`) VALUES (258, 'Arbejde', '7750279', 162);
INSERT INTO `phone` (`ID`, `DESCRIPTION`, `NUMBER`, `OWNER_ID`) VALUES (259, 'Mobil', '4112889', 162);
INSERT INTO hobby_person (hobbies_id, persons_id) VALUES (12, 162);
INSERT INTO hobby_person (hobbies_id, persons_id) VALUES (5, 162);
INSERT INTO `address` (`id`, `information`, `street`, `city_id`) VALUES (163, '340', 'Hjortekærsvej', 510);
INSERT INTO `person` (`ID`, `EMAIL`, `FIRSTNAME`, `LASTNAME`, `ADDRESS_ID`) VALUES (163, 'louise-kristiansen-163379@zoho.com', 'Louise', 'Kristiansen', 163);
INSERT INTO `phone` (`ID`, `DESCRIPTION`, `NUMBER`, `OWNER_ID`) VALUES (260, 'Mobil', '9653662', 163);
INSERT INTO hobby_person (hobbies_id, persons_id) VALUES (1, 163);
INSERT INTO `address` (`id`, `information`, `street`, `city_id`) VALUES (164, '287', 'Møllevangen', 523);
INSERT INTO `person` (`ID`, `EMAIL`, `FIRSTNAME`, `LASTNAME`, `ADDRESS_ID`) VALUES (164, 'tobias-eriksen-164221@yahoo.io', 'Tobias', 'Eriksen', 164);
INSERT INTO `phone` (`ID`, `DESCRIPTION`, `NUMBER`, `OWNER_ID`) VALUES (261, 'Hjem', '61495834', 164);
INSERT INTO hobby_person (hobbies_id, persons_id) VALUES (2, 164);
INSERT INTO hobby_person (hobbies_id, persons_id) VALUES (8, 164);
INSERT INTO `address` (`id`, `information`, `street`, `city_id`) VALUES (165, '456', 'Kullevej', 666);
INSERT INTO `person` (`ID`, `EMAIL`, `FIRSTNAME`, `LASTNAME`, `ADDRESS_ID`) VALUES (165, 'solveig-bobsen-16529@outlook.dk', 'Solveig', 'Bobsen', 165);
INSERT INTO `phone` (`ID`, `DESCRIPTION`, `NUMBER`, `OWNER_ID`) VALUES (262, 'Hjem', '48943686', 165);
INSERT INTO `phone` (`ID`, `DESCRIPTION`, `NUMBER`, `OWNER_ID`) VALUES (263, 'Bil', '8853701', 165);
INSERT INTO hobby_person (hobbies_id, persons_id) VALUES (1, 165);
INSERT INTO hobby_person (hobbies_id, persons_id) VALUES (6, 165);
INSERT INTO hobby_person (hobbies_id, persons_id) VALUES (10, 165);
INSERT INTO `address` (`id`, `information`, `street`, `city_id`) VALUES (166, '416', 'Østgaardsvej', 1350);
INSERT INTO `person` (`ID`, `EMAIL`, `FIRSTNAME`, `LASTNAME`, `ADDRESS_ID`) VALUES (166, 'oskar-nielsen-166211@yahoo.eu', 'Oskar', 'Nielsen', 166);
INSERT INTO `phone` (`ID`, `DESCRIPTION`, `NUMBER`, `OWNER_ID`) VALUES (264, 'Arbejde', '22364158', 166);
INSERT INTO `phone` (`ID`, `DESCRIPTION`, `NUMBER`, `OWNER_ID`) VALUES (265, 'Hjem', '14115927', 166);
INSERT INTO hobby_person (hobbies_id, persons_id) VALUES (2, 166);
INSERT INTO hobby_person (hobbies_id, persons_id) VALUES (7, 166);
INSERT INTO `address` (`id`, `information`, `street`, `city_id`) VALUES (167, '24', 'Østgaardsvej', 834);
INSERT INTO `person` (`ID`, `EMAIL`, `FIRSTNAME`, `LASTNAME`, `ADDRESS_ID`) VALUES (167, 'alexander-holm-16773@yahoo.io', 'Alexander', 'Holm', 167);
INSERT INTO `phone` (`ID`, `DESCRIPTION`, `NUMBER`, `OWNER_ID`) VALUES (266, 'Arbejde', '63011695', 167);
INSERT INTO `phone` (`ID`, `DESCRIPTION`, `NUMBER`, `OWNER_ID`) VALUES (267, 'Arbejde', '94654228', 167);
INSERT INTO hobby_person (hobbies_id, persons_id) VALUES (3, 167);
INSERT INTO hobby_person (hobbies_id, persons_id) VALUES (11, 167);
INSERT INTO hobby_person (hobbies_id, persons_id) VALUES (9, 167);
INSERT INTO `address` (`id`, `information`, `street`, `city_id`) VALUES (168, '377', 'Ryllevej', 1136);
INSERT INTO `person` (`ID`, `EMAIL`, `FIRSTNAME`, `LASTNAME`, `ADDRESS_ID`) VALUES (168, 'filip-jensen-16831@gmail.dk', 'Filip', 'Jensen', 168);
INSERT INTO `phone` (`ID`, `DESCRIPTION`, `NUMBER`, `OWNER_ID`) VALUES (268, 'Arbejde', '39527815', 168);
INSERT INTO hobby_person (hobbies_id, persons_id) VALUES (12, 168);
INSERT INTO hobby_person (hobbies_id, persons_id) VALUES (7, 168);
INSERT INTO `address` (`id`, `information`, `street`, `city_id`) VALUES (169, '199', 'Hjortekærsvej', 1328);
INSERT INTO `person` (`ID`, `EMAIL`, `FIRSTNAME`, `LASTNAME`, `ADDRESS_ID`) VALUES (169, 'lukas-jonassen-169379@zoho.com', 'Lukas', 'Jonassen', 169);
INSERT INTO `phone` (`ID`, `DESCRIPTION`, `NUMBER`, `OWNER_ID`) VALUES (269, 'Mobil', '91728972', 169);
INSERT INTO hobby_person (hobbies_id, persons_id) VALUES (8, 169);
INSERT INTO hobby_person (hobbies_id, persons_id) VALUES (4, 169);
INSERT INTO `address` (`id`, `information`, `street`, `city_id`) VALUES (170, '372', 'Ryllevej', 1081);
INSERT INTO `person` (`ID`, `EMAIL`, `FIRSTNAME`, `LASTNAME`, `ADDRESS_ID`) VALUES (170, 'sigurd-runesen-170203@protonmail.dk', 'Sigurd', 'Runesen', 170);
INSERT INTO `phone` (`ID`, `DESCRIPTION`, `NUMBER`, `OWNER_ID`) VALUES (270, 'Bil', '19966787', 170);
INSERT INTO `phone` (`ID`, `DESCRIPTION`, `NUMBER`, `OWNER_ID`) VALUES (271, 'Mobil', '41232526', 170);
INSERT INTO hobby_person (hobbies_id, persons_id) VALUES (8, 170);
INSERT INTO hobby_person (hobbies_id, persons_id) VALUES (2, 170);
INSERT INTO hobby_person (hobbies_id, persons_id) VALUES (9, 170);
INSERT INTO `address` (`id`, `information`, `street`, `city_id`) VALUES (171, '115', 'Milanovicvej', 651);
INSERT INTO `person` (`ID`, `EMAIL`, `FIRSTNAME`, `LASTNAME`, `ADDRESS_ID`) VALUES (171, 'rasmus-jessen-17142@zoho.eu', 'Rasmus', 'Jessen', 171);
INSERT INTO `phone` (`ID`, `DESCRIPTION`, `NUMBER`, `OWNER_ID`) VALUES (272, 'Arbejde', '19701028', 171);
INSERT INTO `phone` (`ID`, `DESCRIPTION`, `NUMBER`, `OWNER_ID`) VALUES (273, 'Mobil', '51999248', 171);
INSERT INTO hobby_person (hobbies_id, persons_id) VALUES (7, 171);
INSERT INTO hobby_person (hobbies_id, persons_id) VALUES (5, 171);
INSERT INTO hobby_person (hobbies_id, persons_id) VALUES (11, 171);
INSERT INTO `address` (`id`, `information`, `street`, `city_id`) VALUES (172, '132', 'Baunebjergvej', 1002);
INSERT INTO `person` (`ID`, `EMAIL`, `FIRSTNAME`, `LASTNAME`, `ADDRESS_ID`) VALUES (172, 'frederik-runesen-172445@gmail.eu', 'Frederik', 'Runesen', 172);
INSERT INTO `phone` (`ID`, `DESCRIPTION`, `NUMBER`, `OWNER_ID`) VALUES (274, 'Feriehjem', '45249185', 172);
INSERT INTO hobby_person (hobbies_id, persons_id) VALUES (3, 172);
INSERT INTO hobby_person (hobbies_id, persons_id) VALUES (8, 172);
INSERT INTO hobby_person (hobbies_id, persons_id) VALUES (2, 172);
INSERT INTO `address` (`id`, `information`, `street`, `city_id`) VALUES (173, '287', 'Østgaardsvej', 278);
INSERT INTO `person` (`ID`, `EMAIL`, `FIRSTNAME`, `LASTNAME`, `ADDRESS_ID`) VALUES (173, 'poul-kaspersen-173189@gmail.eu', 'Poul', 'Kaspersen', 173);
INSERT INTO `phone` (`ID`, `DESCRIPTION`, `NUMBER`, `OWNER_ID`) VALUES (275, 'Hjem', '29633908', 173);
INSERT INTO `phone` (`ID`, `DESCRIPTION`, `NUMBER`, `OWNER_ID`) VALUES (276, 'Mobil', '30742020', 173);
INSERT INTO hobby_person (hobbies_id, persons_id) VALUES (7, 173);
INSERT INTO `address` (`id`, `information`, `street`, `city_id`) VALUES (174, '361', 'Ryllevej', 1255);
INSERT INTO `person` (`ID`, `EMAIL`, `FIRSTNAME`, `LASTNAME`, `ADDRESS_ID`) VALUES (174, 'maria-jensen-174354@outlook.io', 'Maria', 'Jensen', 174);
INSERT INTO `phone` (`ID`, `DESCRIPTION`, `NUMBER`, `OWNER_ID`) VALUES (277, 'Arbejde', '62692646', 174);
INSERT INTO hobby_person (hobbies_id, persons_id) VALUES (1, 174);
INSERT INTO hobby_person (hobbies_id, persons_id) VALUES (7, 174);
INSERT INTO hobby_person (hobbies_id, persons_id) VALUES (11, 174);
INSERT INTO `address` (`id`, `information`, `street`, `city_id`) VALUES (175, '354', 'Kronhjortevej', 878);
INSERT INTO `person` (`ID`, `EMAIL`, `FIRSTNAME`, `LASTNAME`, `ADDRESS_ID`) VALUES (175, 'rasmus-thomassen-175133@outlook.eu', 'Rasmus', 'Thomassen', 175);
INSERT INTO `phone` (`ID`, `DESCRIPTION`, `NUMBER`, `OWNER_ID`) VALUES (278, 'Mobil', '14119593', 175);
INSERT INTO hobby_person (hobbies_id, persons_id) VALUES (6, 175);
INSERT INTO hobby_person (hobbies_id, persons_id) VALUES (5, 175);
INSERT INTO `address` (`id`, `information`, `street`, `city_id`) VALUES (176, '207', 'Baunebjergvej', 517);
INSERT INTO `person` (`ID`, `EMAIL`, `FIRSTNAME`, `LASTNAME`, `ADDRESS_ID`) VALUES (176, 'lærke-bobsen-176111@protonmail.io', 'Lærke', 'Bobsen', 176);
INSERT INTO `phone` (`ID`, `DESCRIPTION`, `NUMBER`, `OWNER_ID`) VALUES (279, 'Arbejde', '87316816', 176);
INSERT INTO hobby_person (hobbies_id, persons_id) VALUES (9, 176);
INSERT INTO hobby_person (hobbies_id, persons_id) VALUES (5, 176);
INSERT INTO hobby_person (hobbies_id, persons_id) VALUES (2, 176);
INSERT INTO `address` (`id`, `information`, `street`, `city_id`) VALUES (177, '62', 'Ryllevej', 454);
INSERT INTO `person` (`ID`, `EMAIL`, `FIRSTNAME`, `LASTNAME`, `ADDRESS_ID`) VALUES (177, 'mathias-bobsen-177215@hotmail.io', 'Mathias', 'Bobsen', 177);
INSERT INTO `phone` (`ID`, `DESCRIPTION`, `NUMBER`, `OWNER_ID`) VALUES (280, 'Mobil', '68087807', 177);
INSERT INTO hobby_person (hobbies_id, persons_id) VALUES (8, 177);
INSERT INTO hobby_person (hobbies_id, persons_id) VALUES (7, 177);
INSERT INTO hobby_person (hobbies_id, persons_id) VALUES (1, 177);
INSERT INTO `address` (`id`, `information`, `street`, `city_id`) VALUES (178, '6', 'Baunebjergvej', 1187);
INSERT INTO `person` (`ID`, `EMAIL`, `FIRSTNAME`, `LASTNAME`, `ADDRESS_ID`) VALUES (178, 'mads-thomsen-17844@yahoo.com', 'Mads', 'Thomsen', 178);
INSERT INTO `phone` (`ID`, `DESCRIPTION`, `NUMBER`, `OWNER_ID`) VALUES (281, 'Feriehjem', '92342314', 178);
INSERT INTO `phone` (`ID`, `DESCRIPTION`, `NUMBER`, `OWNER_ID`) VALUES (282, 'Bil', '67460417', 178);
INSERT INTO `phone` (`ID`, `DESCRIPTION`, `NUMBER`, `OWNER_ID`) VALUES (283, 'Bil', '27707355', 178);
INSERT INTO hobby_person (hobbies_id, persons_id) VALUES (9, 178);
INSERT INTO hobby_person (hobbies_id, persons_id) VALUES (9, 178);
INSERT INTO `address` (`id`, `information`, `street`, `city_id`) VALUES (179, '468', 'Kullevej', 701);
INSERT INTO `person` (`ID`, `EMAIL`, `FIRSTNAME`, `LASTNAME`, `ADDRESS_ID`) VALUES (179, 'oliver-jonassen-179200@yahoo.eu', 'Oliver', 'Jonassen', 179);
INSERT INTO `phone` (`ID`, `DESCRIPTION`, `NUMBER`, `OWNER_ID`) VALUES (284, 'Hjem', '45881844', 179);
INSERT INTO `phone` (`ID`, `DESCRIPTION`, `NUMBER`, `OWNER_ID`) VALUES (285, 'Bil', '43493420', 179);
INSERT INTO hobby_person (hobbies_id, persons_id) VALUES (6, 179);
INSERT INTO hobby_person (hobbies_id, persons_id) VALUES (5, 179);
INSERT INTO `address` (`id`, `information`, `street`, `city_id`) VALUES (180, '317', 'Kronhjortevej', 545);
INSERT INTO `person` (`ID`, `EMAIL`, `FIRSTNAME`, `LASTNAME`, `ADDRESS_ID`) VALUES (180, 'mia-olsen-180234@outlook.eu', 'Mia', 'Olsen', 180);
INSERT INTO `phone` (`ID`, `DESCRIPTION`, `NUMBER`, `OWNER_ID`) VALUES (286, 'Mobil', '43421355', 180);
INSERT INTO hobby_person (hobbies_id, persons_id) VALUES (9, 180);
INSERT INTO hobby_person (hobbies_id, persons_id) VALUES (9, 180);
INSERT INTO hobby_person (hobbies_id, persons_id) VALUES (5, 180);
INSERT INTO `address` (`id`, `information`, `street`, `city_id`) VALUES (181, '232', 'Kullevej', 775);
INSERT INTO `person` (`ID`, `EMAIL`, `FIRSTNAME`, `LASTNAME`, `ADDRESS_ID`) VALUES (181, 'jonas-holm-181480@hotmail.com', 'Jonas', 'Holm', 181);
INSERT INTO `phone` (`ID`, `DESCRIPTION`, `NUMBER`, `OWNER_ID`) VALUES (287, 'Arbejde', '78635329', 181);
INSERT INTO `phone` (`ID`, `DESCRIPTION`, `NUMBER`, `OWNER_ID`) VALUES (288, 'Arbejde', '38882021', 181);
INSERT INTO hobby_person (hobbies_id, persons_id) VALUES (12, 181);
INSERT INTO `address` (`id`, `information`, `street`, `city_id`) VALUES (182, '59', 'Kullevej', 360);
INSERT INTO `person` (`ID`, `EMAIL`, `FIRSTNAME`, `LASTNAME`, `ADDRESS_ID`) VALUES (182, 'emma-iversen-182149@gmail.eu', 'Emma', 'Iversen', 182);
INSERT INTO `phone` (`ID`, `DESCRIPTION`, `NUMBER`, `OWNER_ID`) VALUES (289, 'Mobil', '18798899', 182);
INSERT INTO `phone` (`ID`, `DESCRIPTION`, `NUMBER`, `OWNER_ID`) VALUES (290, 'Bil', '79006136', 182);
INSERT INTO hobby_person (hobbies_id, persons_id) VALUES (1, 182);
INSERT INTO hobby_person (hobbies_id, persons_id) VALUES (7, 182);
INSERT INTO hobby_person (hobbies_id, persons_id) VALUES (4, 182);
INSERT INTO `address` (`id`, `information`, `street`, `city_id`) VALUES (183, '274', 'Hjortekærsvej', 1108);
INSERT INTO `person` (`ID`, `EMAIL`, `FIRSTNAME`, `LASTNAME`, `ADDRESS_ID`) VALUES (183, 'marcus-olsen-183407@outlook.eu', 'Marcus', 'Olsen', 183);
INSERT INTO `phone` (`ID`, `DESCRIPTION`, `NUMBER`, `OWNER_ID`) VALUES (291, 'Arbejde', '8399758', 183);
INSERT INTO `phone` (`ID`, `DESCRIPTION`, `NUMBER`, `OWNER_ID`) VALUES (292, 'Hjem', '13807632', 183);
INSERT INTO `phone` (`ID`, `DESCRIPTION`, `NUMBER`, `OWNER_ID`) VALUES (293, 'Feriehjem', '50470074', 183);
INSERT INTO hobby_person (hobbies_id, persons_id) VALUES (4, 183);
INSERT INTO hobby_person (hobbies_id, persons_id) VALUES (8, 183);
INSERT INTO `address` (`id`, `information`, `street`, `city_id`) VALUES (184, '436', 'Hjortekærsvej', 1204);
INSERT INTO `person` (`ID`, `EMAIL`, `FIRSTNAME`, `LASTNAME`, `ADDRESS_ID`) VALUES (184, 'filip-simonsen-184119@gmail.com', 'Filip', 'Simonsen', 184);
INSERT INTO `phone` (`ID`, `DESCRIPTION`, `NUMBER`, `OWNER_ID`) VALUES (294, 'Bil', '35163236', 184);
INSERT INTO hobby_person (hobbies_id, persons_id) VALUES (1, 184);
INSERT INTO `address` (`id`, `information`, `street`, `city_id`) VALUES (185, '290', 'Hjortekærsvej', 1241);
INSERT INTO `person` (`ID`, `EMAIL`, `FIRSTNAME`, `LASTNAME`, `ADDRESS_ID`) VALUES (185, 'lukas-andersen-185103@gmail.dk', 'Lukas', 'Andersen', 185);
INSERT INTO `phone` (`ID`, `DESCRIPTION`, `NUMBER`, `OWNER_ID`) VALUES (295, 'Hjem', '9746254', 185);
INSERT INTO `phone` (`ID`, `DESCRIPTION`, `NUMBER`, `OWNER_ID`) VALUES (296, 'Arbejde', '41691445', 185);
INSERT INTO hobby_person (hobbies_id, persons_id) VALUES (8, 185);
INSERT INTO hobby_person (hobbies_id, persons_id) VALUES (4, 185);
INSERT INTO hobby_person (hobbies_id, persons_id) VALUES (5, 185);
INSERT INTO `address` (`id`, `information`, `street`, `city_id`) VALUES (186, '180', 'Møllevangen', 1351);
INSERT INTO `person` (`ID`, `EMAIL`, `FIRSTNAME`, `LASTNAME`, `ADDRESS_ID`) VALUES (186, 'louise-stevensen-18617@gmail.dk', 'Louise', 'Stevensen', 186);
INSERT INTO `phone` (`ID`, `DESCRIPTION`, `NUMBER`, `OWNER_ID`) VALUES (297, 'Arbejde', '66384401', 186);
INSERT INTO hobby_person (hobbies_id, persons_id) VALUES (5, 186);
INSERT INTO hobby_person (hobbies_id, persons_id) VALUES (5, 186);
INSERT INTO hobby_person (hobbies_id, persons_id) VALUES (11, 186);
INSERT INTO `address` (`id`, `information`, `street`, `city_id`) VALUES (187, '41', 'Kronhjortevej', 860);
INSERT INTO `person` (`ID`, `EMAIL`, `FIRSTNAME`, `LASTNAME`, `ADDRESS_ID`) VALUES (187, 'nicolai-jonassen-187424@gmail.com', 'Nicolai', 'Jonassen', 187);
INSERT INTO `phone` (`ID`, `DESCRIPTION`, `NUMBER`, `OWNER_ID`) VALUES (298, 'Mobil', '89881415', 187);
INSERT INTO `phone` (`ID`, `DESCRIPTION`, `NUMBER`, `OWNER_ID`) VALUES (299, 'Arbejde', '742143', 187);
INSERT INTO hobby_person (hobbies_id, persons_id) VALUES (3, 187);
INSERT INTO hobby_person (hobbies_id, persons_id) VALUES (11, 187);
INSERT INTO `address` (`id`, `information`, `street`, `city_id`) VALUES (188, '254', 'Milanovicvej', 825);
INSERT INTO `person` (`ID`, `EMAIL`, `FIRSTNAME`, `LASTNAME`, `ADDRESS_ID`) VALUES (188, 'marcus-kristiansen-188286@yahoo.com', 'Marcus', 'Kristiansen', 188);
INSERT INTO `phone` (`ID`, `DESCRIPTION`, `NUMBER`, `OWNER_ID`) VALUES (300, 'Mobil', '76839409', 188);
INSERT INTO `phone` (`ID`, `DESCRIPTION`, `NUMBER`, `OWNER_ID`) VALUES (301, 'Bil', '76097197', 188);
INSERT INTO hobby_person (hobbies_id, persons_id) VALUES (11, 188);
INSERT INTO hobby_person (hobbies_id, persons_id) VALUES (4, 188);
INSERT INTO hobby_person (hobbies_id, persons_id) VALUES (1, 188);
INSERT INTO `address` (`id`, `information`, `street`, `city_id`) VALUES (189, '162', 'Kullevej', 495);
INSERT INTO `person` (`ID`, `EMAIL`, `FIRSTNAME`, `LASTNAME`, `ADDRESS_ID`) VALUES (189, 'emma-alexandersen-189236@zoho.com', 'Emma', 'Alexandersen', 189);
INSERT INTO `phone` (`ID`, `DESCRIPTION`, `NUMBER`, `OWNER_ID`) VALUES (302, 'Bil', '95975806', 189);
INSERT INTO hobby_person (hobbies_id, persons_id) VALUES (1, 189);
INSERT INTO hobby_person (hobbies_id, persons_id) VALUES (8, 189);
INSERT INTO `address` (`id`, `information`, `street`, `city_id`) VALUES (190, '149', 'Baunebjergvej', 809);
INSERT INTO `person` (`ID`, `EMAIL`, `FIRSTNAME`, `LASTNAME`, `ADDRESS_ID`) VALUES (190, 'kasper-eriksen-190356@zoho.eu', 'Kasper', 'Eriksen', 190);
INSERT INTO `phone` (`ID`, `DESCRIPTION`, `NUMBER`, `OWNER_ID`) VALUES (303, 'Bil', '21094845', 190);
INSERT INTO `phone` (`ID`, `DESCRIPTION`, `NUMBER`, `OWNER_ID`) VALUES (304, 'Hjem', '60845090', 190);
INSERT INTO hobby_person (hobbies_id, persons_id) VALUES (3, 190);
INSERT INTO hobby_person (hobbies_id, persons_id) VALUES (3, 190);
INSERT INTO `address` (`id`, `information`, `street`, `city_id`) VALUES (191, '206', 'Østgaardsvej', 320);
INSERT INTO `person` (`ID`, `EMAIL`, `FIRSTNAME`, `LASTNAME`, `ADDRESS_ID`) VALUES (191, 'marcus-behrendt-191225@zoho.eu', 'Marcus', 'Behrendt', 191);
INSERT INTO `phone` (`ID`, `DESCRIPTION`, `NUMBER`, `OWNER_ID`) VALUES (305, 'Hjem', '85640074', 191);
INSERT INTO hobby_person (hobbies_id, persons_id) VALUES (9, 191);
INSERT INTO hobby_person (hobbies_id, persons_id) VALUES (6, 191);
INSERT INTO `address` (`id`, `information`, `street`, `city_id`) VALUES (192, '147', 'Hjortekærsvej', 1200);
INSERT INTO `person` (`ID`, `EMAIL`, `FIRSTNAME`, `LASTNAME`, `ADDRESS_ID`) VALUES (192, 'jacob-eriksen-192124@yahoo.io', 'Jacob', 'Eriksen', 192);
INSERT INTO `phone` (`ID`, `DESCRIPTION`, `NUMBER`, `OWNER_ID`) VALUES (306, 'Mobil', '84980898', 192);
INSERT INTO `phone` (`ID`, `DESCRIPTION`, `NUMBER`, `OWNER_ID`) VALUES (307, 'Bil', '56397633', 192);
INSERT INTO hobby_person (hobbies_id, persons_id) VALUES (6, 192);
INSERT INTO hobby_person (hobbies_id, persons_id) VALUES (3, 192);
INSERT INTO hobby_person (hobbies_id, persons_id) VALUES (5, 192);
INSERT INTO `address` (`id`, `information`, `street`, `city_id`) VALUES (193, '281', 'Ryllevej', 898);
INSERT INTO `person` (`ID`, `EMAIL`, `FIRSTNAME`, `LASTNAME`, `ADDRESS_ID`) VALUES (193, 'rune-poulsen-193406@yahoo.dk', 'Rune', 'Poulsen', 193);
INSERT INTO `phone` (`ID`, `DESCRIPTION`, `NUMBER`, `OWNER_ID`) VALUES (308, 'Mobil', '17258872', 193);
INSERT INTO `phone` (`ID`, `DESCRIPTION`, `NUMBER`, `OWNER_ID`) VALUES (309, 'Arbejde', '24733230', 193);
INSERT INTO hobby_person (hobbies_id, persons_id) VALUES (10, 193);
INSERT INTO hobby_person (hobbies_id, persons_id) VALUES (3, 193);
INSERT INTO hobby_person (hobbies_id, persons_id) VALUES (2, 193);
INSERT INTO `address` (`id`, `information`, `street`, `city_id`) VALUES (194, '442', 'Hjortekærsvej', 328);
INSERT INTO `person` (`ID`, `EMAIL`, `FIRSTNAME`, `LASTNAME`, `ADDRESS_ID`) VALUES (194, 'amanda-andersen-194115@protonmail.com', 'Amanda', 'Andersen', 194);
INSERT INTO `phone` (`ID`, `DESCRIPTION`, `NUMBER`, `OWNER_ID`) VALUES (310, 'Hjem', '88635118', 194);
INSERT INTO `phone` (`ID`, `DESCRIPTION`, `NUMBER`, `OWNER_ID`) VALUES (311, 'Mobil', '74870605', 194);
INSERT INTO hobby_person (hobbies_id, persons_id) VALUES (2, 194);
INSERT INTO hobby_person (hobbies_id, persons_id) VALUES (12, 194);
INSERT INTO `address` (`id`, `information`, `street`, `city_id`) VALUES (195, '223', 'Østgaardsvej', 119);
INSERT INTO `person` (`ID`, `EMAIL`, `FIRSTNAME`, `LASTNAME`, `ADDRESS_ID`) VALUES (195, 'jacob-olsen-195371@zoho.eu', 'Jacob', 'Olsen', 195);
INSERT INTO `phone` (`ID`, `DESCRIPTION`, `NUMBER`, `OWNER_ID`) VALUES (312, 'Mobil', '94489615', 195);
INSERT INTO `phone` (`ID`, `DESCRIPTION`, `NUMBER`, `OWNER_ID`) VALUES (313, 'Arbejde', '91981584', 195);
INSERT INTO hobby_person (hobbies_id, persons_id) VALUES (7, 195);
INSERT INTO hobby_person (hobbies_id, persons_id) VALUES (1, 195);
INSERT INTO `address` (`id`, `information`, `street`, `city_id`) VALUES (196, '405', 'Kronhjortevej', 955);
INSERT INTO `person` (`ID`, `EMAIL`, `FIRSTNAME`, `LASTNAME`, `ADDRESS_ID`) VALUES (196, 'sigurd-andersen-196154@hotmail.io', 'Sigurd', 'Andersen', 196);
INSERT INTO `phone` (`ID`, `DESCRIPTION`, `NUMBER`, `OWNER_ID`) VALUES (314, 'Arbejde', '99822960', 196);
INSERT INTO hobby_person (hobbies_id, persons_id) VALUES (5, 196);
INSERT INTO hobby_person (hobbies_id, persons_id) VALUES (3, 196);
INSERT INTO `address` (`id`, `information`, `street`, `city_id`) VALUES (197, '152', 'Milanovicvej', 279);
INSERT INTO `person` (`ID`, `EMAIL`, `FIRSTNAME`, `LASTNAME`, `ADDRESS_ID`) VALUES (197, 'christoffer-thomsen-19734@yahoo.io', 'Christoffer', 'Thomsen', 197);
INSERT INTO `phone` (`ID`, `DESCRIPTION`, `NUMBER`, `OWNER_ID`) VALUES (315, 'Hjem', '79684851', 197);
INSERT INTO `phone` (`ID`, `DESCRIPTION`, `NUMBER`, `OWNER_ID`) VALUES (316, 'Feriehjem', '43789329', 197);
INSERT INTO hobby_person (hobbies_id, persons_id) VALUES (2, 197);
INSERT INTO hobby_person (hobbies_id, persons_id) VALUES (9, 197);
INSERT INTO hobby_person (hobbies_id, persons_id) VALUES (7, 197);
INSERT INTO `address` (`id`, `information`, `street`, `city_id`) VALUES (198, '40', 'Hjortekærsvej', 1074);
INSERT INTO `person` (`ID`, `EMAIL`, `FIRSTNAME`, `LASTNAME`, `ADDRESS_ID`) VALUES (198, 'poul-filipsen-198367@outlook.eu', 'Poul', 'Filipsen', 198);
INSERT INTO `phone` (`ID`, `DESCRIPTION`, `NUMBER`, `OWNER_ID`) VALUES (317, 'Hjem', '70136825', 198);
INSERT INTO hobby_person (hobbies_id, persons_id) VALUES (12, 198);
INSERT INTO hobby_person (hobbies_id, persons_id) VALUES (8, 198);
INSERT INTO hobby_person (hobbies_id, persons_id) VALUES (11, 198);
INSERT INTO `address` (`id`, `information`, `street`, `city_id`) VALUES (199, '400', 'Møllevangen', 577);
INSERT INTO `person` (`ID`, `EMAIL`, `FIRSTNAME`, `LASTNAME`, `ADDRESS_ID`) VALUES (199, 'lærke-hansen-19954@zoho.eu', 'Lærke', 'Hansen', 199);
INSERT INTO `phone` (`ID`, `DESCRIPTION`, `NUMBER`, `OWNER_ID`) VALUES (318, 'Hjem', '69743914', 199);
INSERT INTO hobby_person (hobbies_id, persons_id) VALUES (3, 199);
INSERT INTO `address` (`id`, `information`, `street`, `city_id`) VALUES (200, '392', 'Hjortekærsvej', 232);
INSERT INTO `person` (`ID`, `EMAIL`, `FIRSTNAME`, `LASTNAME`, `ADDRESS_ID`) VALUES (200, 'kim-vestergaard-200351@gmail.com', 'Kim', 'Vestergaard', 200);
INSERT INTO `phone` (`ID`, `DESCRIPTION`, `NUMBER`, `OWNER_ID`) VALUES (319, 'Mobil', '37782741', 200);
INSERT INTO hobby_person (hobbies_id, persons_id) VALUES (5, 200);
INSERT INTO `address` (`id`, `information`, `street`, `city_id`) VALUES (201, '158', 'Baunebjergvej', 1177);
INSERT INTO `company` (`ID`, `name`, `email`, `ADDRESS_ID`, cvr, description, marketValue, numberOfEmployees) VALUES (201, 'Company #201', 'company-20137@gmail.eu', 201, '#34706001', 'Lorem ipsum dolor sit amet, consectetuer adipiscing elit. Nam quis nulla. Sed vel lectus. Donec odio tempus molestie, porttitor ut, iaculis quis, sem.', 99480863, 1504);
INSERT INTO `phone` (`ID`, `DESCRIPTION`, `NUMBER`, `OWNER_ID`) VALUES (320, 'Bil', '61432606', 201);
INSERT INTO `phone` (`ID`, `DESCRIPTION`, `NUMBER`, `OWNER_ID`) VALUES (321, 'Feriehjem', '46725257', 201);
INSERT INTO `phone` (`ID`, `DESCRIPTION`, `NUMBER`, `OWNER_ID`) VALUES (322, 'Mobil', '15875327', 201);
INSERT INTO `address` (`id`, `information`, `street`, `city_id`) VALUES (202, '131', 'Kullevej', 189);
INSERT INTO `company` (`ID`, `name`, `email`, `ADDRESS_ID`, cvr, description, marketValue, numberOfEmployees) VALUES (202, 'Company #202', 'company-202256@hotmail.com', 202, '#40841626', 'Lorem ipsum dolor sit amet, consectetuer adipiscing elit. Nam quis nulla. Sed vel lectus. Donec odio tempus molestie, porttitor ut, iaculis quis, sem.', 75501990, 3904);
INSERT INTO `phone` (`ID`, `DESCRIPTION`, `NUMBER`, `OWNER_ID`) VALUES (323, 'Hjem', '91380276', 202);
INSERT INTO `phone` (`ID`, `DESCRIPTION`, `NUMBER`, `OWNER_ID`) VALUES (324, 'Hjem', '34392125', 202);
INSERT INTO `address` (`id`, `information`, `street`, `city_id`) VALUES (203, '29', 'Møllevangen', 1226);
INSERT INTO `company` (`ID`, `name`, `email`, `ADDRESS_ID`, cvr, description, marketValue, numberOfEmployees) VALUES (203, 'Company #203', 'company-203166@hotmail.eu', 203, '#39240459', 'Lorem ipsum dolor sit amet, consectetuer adipiscing elit. Nam quis nulla. Sed vel lectus. Donec odio tempus molestie, porttitor ut, iaculis quis, sem.', 85576779, 396);
INSERT INTO `phone` (`ID`, `DESCRIPTION`, `NUMBER`, `OWNER_ID`) VALUES (325, 'Hjem', '4621348', 203);
INSERT INTO `phone` (`ID`, `DESCRIPTION`, `NUMBER`, `OWNER_ID`) VALUES (326, 'Arbejde', '12729814', 203);
INSERT INTO `phone` (`ID`, `DESCRIPTION`, `NUMBER`, `OWNER_ID`) VALUES (327, 'Bil', '40108399', 203);
INSERT INTO `address` (`id`, `information`, `street`, `city_id`) VALUES (204, '403', 'Østgaardsvej', 689);
INSERT INTO `company` (`ID`, `name`, `email`, `ADDRESS_ID`, cvr, description, marketValue, numberOfEmployees) VALUES (204, 'Company #204', 'company-20455@hotmail.eu', 204, '#57874451', 'Lorem ipsum dolor sit amet, consectetuer adipiscing elit. Nam quis nulla. Sed vel lectus. Donec odio tempus molestie, porttitor ut, iaculis quis, sem.', 85253473, 3641);
INSERT INTO `phone` (`ID`, `DESCRIPTION`, `NUMBER`, `OWNER_ID`) VALUES (328, 'Arbejde', '74839546', 204);
INSERT INTO `phone` (`ID`, `DESCRIPTION`, `NUMBER`, `OWNER_ID`) VALUES (329, 'Feriehjem', '14985633', 204);
INSERT INTO `address` (`id`, `information`, `street`, `city_id`) VALUES (205, '138', 'Milanovicvej', 1078);
INSERT INTO `company` (`ID`, `name`, `email`, `ADDRESS_ID`, cvr, description, marketValue, numberOfEmployees) VALUES (205, 'Company #205', 'company-20536@gmail.eu', 205, '#30242306', 'Lorem ipsum dolor sit amet, consectetuer adipiscing elit. Nam quis nulla. Sed vel lectus. Donec odio tempus molestie, porttitor ut, iaculis quis, sem.', 31572437, 3747);
INSERT INTO `phone` (`ID`, `DESCRIPTION`, `NUMBER`, `OWNER_ID`) VALUES (330, 'Bil', '51202675', 205);
INSERT INTO `phone` (`ID`, `DESCRIPTION`, `NUMBER`, `OWNER_ID`) VALUES (331, 'Arbejde', '88696783', 205);
INSERT INTO `phone` (`ID`, `DESCRIPTION`, `NUMBER`, `OWNER_ID`) VALUES (332, 'Hjem', '90445179', 205);
INSERT INTO `address` (`id`, `information`, `street`, `city_id`) VALUES (206, '217', 'Østgaardsvej', 713);
INSERT INTO `company` (`ID`, `name`, `email`, `ADDRESS_ID`, cvr, description, marketValue, numberOfEmployees) VALUES (206, 'Company #206', 'company-206199@zoho.eu', 206, '#86681014', 'Lorem ipsum dolor sit amet, consectetuer adipiscing elit. Nam quis nulla. Sed vel lectus. Donec odio tempus molestie, porttitor ut, iaculis quis, sem.', 67560156, 3526);
INSERT INTO `phone` (`ID`, `DESCRIPTION`, `NUMBER`, `OWNER_ID`) VALUES (333, 'Feriehjem', '2486611', 206);
INSERT INTO `phone` (`ID`, `DESCRIPTION`, `NUMBER`, `OWNER_ID`) VALUES (334, 'Bil', '31443269', 206);
INSERT INTO `phone` (`ID`, `DESCRIPTION`, `NUMBER`, `OWNER_ID`) VALUES (335, 'Bil', '16415581', 206);
INSERT INTO `address` (`id`, `information`, `street`, `city_id`) VALUES (207, '164', 'Ryllevej', 868);
INSERT INTO `company` (`ID`, `name`, `email`, `ADDRESS_ID`, cvr, description, marketValue, numberOfEmployees) VALUES (207, 'Company #207', 'company-207148@hotmail.dk', 207, '#76403627', 'Lorem ipsum dolor sit amet, consectetuer adipiscing elit. Nam quis nulla. Sed vel lectus. Donec odio tempus molestie, porttitor ut, iaculis quis, sem.', 93111333, 4218);
INSERT INTO `phone` (`ID`, `DESCRIPTION`, `NUMBER`, `OWNER_ID`) VALUES (336, 'Mobil', '77965141', 207);
INSERT INTO `phone` (`ID`, `DESCRIPTION`, `NUMBER`, `OWNER_ID`) VALUES (337, 'Feriehjem', '62217411', 207);
INSERT INTO `phone` (`ID`, `DESCRIPTION`, `NUMBER`, `OWNER_ID`) VALUES (338, 'Feriehjem', '67255924', 207);
INSERT INTO `address` (`id`, `information`, `street`, `city_id`) VALUES (208, '429', 'Ryllevej', 1011);
INSERT INTO `company` (`ID`, `name`, `email`, `ADDRESS_ID`, cvr, description, marketValue, numberOfEmployees) VALUES (208, 'Company #208', 'company-20856@zoho.io', 208, '#45691480', 'Lorem ipsum dolor sit amet, consectetuer adipiscing elit. Nam quis nulla. Sed vel lectus. Donec odio tempus molestie, porttitor ut, iaculis quis, sem.', 65773422, 2190);
INSERT INTO `phone` (`ID`, `DESCRIPTION`, `NUMBER`, `OWNER_ID`) VALUES (339, 'Bil', '3099603', 208);
INSERT INTO `phone` (`ID`, `DESCRIPTION`, `NUMBER`, `OWNER_ID`) VALUES (340, 'Mobil', '95083747', 208);
INSERT INTO `address` (`id`, `information`, `street`, `city_id`) VALUES (209, '471', 'Kullevej', 194);
INSERT INTO `company` (`ID`, `name`, `email`, `ADDRESS_ID`, cvr, description, marketValue, numberOfEmployees) VALUES (209, 'Company #209', 'company-209303@outlook.com', 209, '#35331755', 'Lorem ipsum dolor sit amet, consectetuer adipiscing elit. Nam quis nulla. Sed vel lectus. Donec odio tempus molestie, porttitor ut, iaculis quis, sem.', 41339323, 336);
INSERT INTO `phone` (`ID`, `DESCRIPTION`, `NUMBER`, `OWNER_ID`) VALUES (341, 'Arbejde', '95190044', 209);
INSERT INTO `phone` (`ID`, `DESCRIPTION`, `NUMBER`, `OWNER_ID`) VALUES (342, 'Mobil', '78665254', 209);
INSERT INTO `phone` (`ID`, `DESCRIPTION`, `NUMBER`, `OWNER_ID`) VALUES (343, 'Arbejde', '15515697', 209);
INSERT INTO `address` (`id`, `information`, `street`, `city_id`) VALUES (210, '76', 'Østgaardsvej', 537);
INSERT INTO `company` (`ID`, `name`, `email`, `ADDRESS_ID`, cvr, description, marketValue, numberOfEmployees) VALUES (210, 'Company #210', 'company-210331@zoho.com', 210, '#58259472', 'Lorem ipsum dolor sit amet, consectetuer adipiscing elit. Nam quis nulla. Sed vel lectus. Donec odio tempus molestie, porttitor ut, iaculis quis, sem.', 8852922, 4447);
INSERT INTO `phone` (`ID`, `DESCRIPTION`, `NUMBER`, `OWNER_ID`) VALUES (344, 'Feriehjem', '89226682', 210);
INSERT INTO `phone` (`ID`, `DESCRIPTION`, `NUMBER`, `OWNER_ID`) VALUES (345, 'Mobil', '67091591', 210);
INSERT INTO `phone` (`ID`, `DESCRIPTION`, `NUMBER`, `OWNER_ID`) VALUES (346, 'Bil', '15798831', 210);
INSERT INTO `address` (`id`, `information`, `street`, `city_id`) VALUES (211, '394', 'Baunebjergvej', 532);
INSERT INTO `company` (`ID`, `name`, `email`, `ADDRESS_ID`, cvr, description, marketValue, numberOfEmployees) VALUES (211, 'Company #211', 'company-211401@zoho.io', 211, '#49493138', 'Lorem ipsum dolor sit amet, consectetuer adipiscing elit. Nam quis nulla. Sed vel lectus. Donec odio tempus molestie, porttitor ut, iaculis quis, sem.', 37376806, 2254);
INSERT INTO `phone` (`ID`, `DESCRIPTION`, `NUMBER`, `OWNER_ID`) VALUES (347, 'Mobil', '93204641', 211);
INSERT INTO `address` (`id`, `information`, `street`, `city_id`) VALUES (212, '348', 'Ryllevej', 1312);
INSERT INTO `company` (`ID`, `name`, `email`, `ADDRESS_ID`, cvr, description, marketValue, numberOfEmployees) VALUES (212, 'Company #212', 'company-212337@hotmail.dk', 212, '#7677228', 'Lorem ipsum dolor sit amet, consectetuer adipiscing elit. Nam quis nulla. Sed vel lectus. Donec odio tempus molestie, porttitor ut, iaculis quis, sem.', 90230277, 646);
INSERT INTO `phone` (`ID`, `DESCRIPTION`, `NUMBER`, `OWNER_ID`) VALUES (348, 'Mobil', '43641774', 212);
INSERT INTO `phone` (`ID`, `DESCRIPTION`, `NUMBER`, `OWNER_ID`) VALUES (349, 'Feriehjem', '76151091', 212);
INSERT INTO `address` (`id`, `information`, `street`, `city_id`) VALUES (213, '172', 'Kullevej', 1297);
INSERT INTO `company` (`ID`, `name`, `email`, `ADDRESS_ID`, cvr, description, marketValue, numberOfEmployees) VALUES (213, 'Company #213', 'company-213288@zoho.eu', 213, '#92801375', 'Lorem ipsum dolor sit amet, consectetuer adipiscing elit. Nam quis nulla. Sed vel lectus. Donec odio tempus molestie, porttitor ut, iaculis quis, sem.', 4396506, 3069);
INSERT INTO `phone` (`ID`, `DESCRIPTION`, `NUMBER`, `OWNER_ID`) VALUES (350, 'Arbejde', '24612518', 213);
INSERT INTO `phone` (`ID`, `DESCRIPTION`, `NUMBER`, `OWNER_ID`) VALUES (351, 'Feriehjem', '45912337', 213);
INSERT INTO `phone` (`ID`, `DESCRIPTION`, `NUMBER`, `OWNER_ID`) VALUES (352, 'Hjem', '52304400', 213);
INSERT INTO `address` (`id`, `information`, `street`, `city_id`) VALUES (214, '475', 'Ryllevej', 487);
INSERT INTO `company` (`ID`, `name`, `email`, `ADDRESS_ID`, cvr, description, marketValue, numberOfEmployees) VALUES (214, 'Company #214', 'company-21411@gmail.eu', 214, '#49945855', 'Lorem ipsum dolor sit amet, consectetuer adipiscing elit. Nam quis nulla. Sed vel lectus. Donec odio tempus molestie, porttitor ut, iaculis quis, sem.', 93094974, 432);
INSERT INTO `phone` (`ID`, `DESCRIPTION`, `NUMBER`, `OWNER_ID`) VALUES (353, 'Arbejde', '81777535', 214);
INSERT INTO `phone` (`ID`, `DESCRIPTION`, `NUMBER`, `OWNER_ID`) VALUES (354, 'Arbejde', '28912409', 214);
INSERT INTO `address` (`id`, `information`, `street`, `city_id`) VALUES (215, '353', 'Kronhjortevej', 794);
INSERT INTO `company` (`ID`, `name`, `email`, `ADDRESS_ID`, cvr, description, marketValue, numberOfEmployees) VALUES (215, 'Company #215', 'company-215348@protonmail.eu', 215, '#96150167', 'Lorem ipsum dolor sit amet, consectetuer adipiscing elit. Nam quis nulla. Sed vel lectus. Donec odio tempus molestie, porttitor ut, iaculis quis, sem.', 40977711, 4099);
INSERT INTO `phone` (`ID`, `DESCRIPTION`, `NUMBER`, `OWNER_ID`) VALUES (355, 'Hjem', '1208193', 215);
INSERT INTO `phone` (`ID`, `DESCRIPTION`, `NUMBER`, `OWNER_ID`) VALUES (356, 'Bil', '32855676', 215);
INSERT INTO `phone` (`ID`, `DESCRIPTION`, `NUMBER`, `OWNER_ID`) VALUES (357, 'Mobil', '57894268', 215);
INSERT INTO `address` (`id`, `information`, `street`, `city_id`) VALUES (216, '407', 'Kullevej', 372);
INSERT INTO `company` (`ID`, `name`, `email`, `ADDRESS_ID`, cvr, description, marketValue, numberOfEmployees) VALUES (216, 'Company #216', 'company-216394@protonmail.com', 216, '#39535530', 'Lorem ipsum dolor sit amet, consectetuer adipiscing elit. Nam quis nulla. Sed vel lectus. Donec odio tempus molestie, porttitor ut, iaculis quis, sem.', 10436212, 2866);
INSERT INTO `phone` (`ID`, `DESCRIPTION`, `NUMBER`, `OWNER_ID`) VALUES (358, 'Arbejde', '84348199', 216);
INSERT INTO `phone` (`ID`, `DESCRIPTION`, `NUMBER`, `OWNER_ID`) VALUES (359, 'Mobil', '29575134', 216);
INSERT INTO `phone` (`ID`, `DESCRIPTION`, `NUMBER`, `OWNER_ID`) VALUES (360, 'Bil', '44550543', 216);
INSERT INTO `address` (`id`, `information`, `street`, `city_id`) VALUES (217, '480', 'Kullevej', 147);
INSERT INTO `company` (`ID`, `name`, `email`, `ADDRESS_ID`, cvr, description, marketValue, numberOfEmployees) VALUES (217, 'Company #217', 'company-217393@protonmail.com', 217, '#50043471', 'Lorem ipsum dolor sit amet, consectetuer adipiscing elit. Nam quis nulla. Sed vel lectus. Donec odio tempus molestie, porttitor ut, iaculis quis, sem.', 91379147, 4857);
INSERT INTO `phone` (`ID`, `DESCRIPTION`, `NUMBER`, `OWNER_ID`) VALUES (361, 'Hjem', '51191243', 217);
INSERT INTO `address` (`id`, `information`, `street`, `city_id`) VALUES (218, '309', 'Baunebjergvej', 139);
INSERT INTO `company` (`ID`, `name`, `email`, `ADDRESS_ID`, cvr, description, marketValue, numberOfEmployees) VALUES (218, 'Company #218', 'company-218481@gmail.dk', 218, '#8878774', 'Lorem ipsum dolor sit amet, consectetuer adipiscing elit. Nam quis nulla. Sed vel lectus. Donec odio tempus molestie, porttitor ut, iaculis quis, sem.', 22828085, 2339);
INSERT INTO `phone` (`ID`, `DESCRIPTION`, `NUMBER`, `OWNER_ID`) VALUES (362, 'Arbejde', '6140393', 218);
INSERT INTO `phone` (`ID`, `DESCRIPTION`, `NUMBER`, `OWNER_ID`) VALUES (363, 'Arbejde', '17522300', 218);
INSERT INTO `phone` (`ID`, `DESCRIPTION`, `NUMBER`, `OWNER_ID`) VALUES (364, 'Feriehjem', '96228452', 218);
INSERT INTO `address` (`id`, `information`, `street`, `city_id`) VALUES (219, '198', 'Ryllevej', 911);
INSERT INTO `company` (`ID`, `name`, `email`, `ADDRESS_ID`, cvr, description, marketValue, numberOfEmployees) VALUES (219, 'Company #219', 'company-219351@outlook.dk', 219, '#85122582', 'Lorem ipsum dolor sit amet, consectetuer adipiscing elit. Nam quis nulla. Sed vel lectus. Donec odio tempus molestie, porttitor ut, iaculis quis, sem.', 20264919, 2412);
INSERT INTO `phone` (`ID`, `DESCRIPTION`, `NUMBER`, `OWNER_ID`) VALUES (365, 'Hjem', '54928486', 219);
INSERT INTO `phone` (`ID`, `DESCRIPTION`, `NUMBER`, `OWNER_ID`) VALUES (366, 'Hjem', '24507158', 219);
INSERT INTO `phone` (`ID`, `DESCRIPTION`, `NUMBER`, `OWNER_ID`) VALUES (367, 'Arbejde', '7706933', 219);
INSERT INTO `address` (`id`, `information`, `street`, `city_id`) VALUES (220, '240', 'Hjortekærsvej', 1016);
INSERT INTO `company` (`ID`, `name`, `email`, `ADDRESS_ID`, cvr, description, marketValue, numberOfEmployees) VALUES (220, 'Company #220', 'company-220173@gmail.com', 220, '#97858339', 'Lorem ipsum dolor sit amet, consectetuer adipiscing elit. Nam quis nulla. Sed vel lectus. Donec odio tempus molestie, porttitor ut, iaculis quis, sem.', 68148237, 4581);
INSERT INTO `phone` (`ID`, `DESCRIPTION`, `NUMBER`, `OWNER_ID`) VALUES (368, 'Feriehjem', '97628617', 220);
INSERT INTO `phone` (`ID`, `DESCRIPTION`, `NUMBER`, `OWNER_ID`) VALUES (369, 'Hjem', '40876094', 220);
INSERT INTO `phone` (`ID`, `DESCRIPTION`, `NUMBER`, `OWNER_ID`) VALUES (370, 'Bil', '36812459', 220);
INSERT INTO `address` (`id`, `information`, `street`, `city_id`) VALUES (221, '20', 'Baunebjergvej', 409);
INSERT INTO `company` (`ID`, `name`, `email`, `ADDRESS_ID`, cvr, description, marketValue, numberOfEmployees) VALUES (221, 'Company #221', 'company-221298@gmail.io', 221, '#39818835', 'Lorem ipsum dolor sit amet, consectetuer adipiscing elit. Nam quis nulla. Sed vel lectus. Donec odio tempus molestie, porttitor ut, iaculis quis, sem.', 1475546, 3823);
INSERT INTO `phone` (`ID`, `DESCRIPTION`, `NUMBER`, `OWNER_ID`) VALUES (371, 'Hjem', '79261307', 221);
INSERT INTO `phone` (`ID`, `DESCRIPTION`, `NUMBER`, `OWNER_ID`) VALUES (372, 'Mobil', '29968839', 221);
INSERT INTO `address` (`id`, `information`, `street`, `city_id`) VALUES (222, '186', 'Baunebjergvej', 884);
INSERT INTO `company` (`ID`, `name`, `email`, `ADDRESS_ID`, cvr, description, marketValue, numberOfEmployees) VALUES (222, 'Company #222', 'company-222496@gmail.dk', 222, '#15947887', 'Lorem ipsum dolor sit amet, consectetuer adipiscing elit. Nam quis nulla. Sed vel lectus. Donec odio tempus molestie, porttitor ut, iaculis quis, sem.', 81453359, 440);
INSERT INTO `phone` (`ID`, `DESCRIPTION`, `NUMBER`, `OWNER_ID`) VALUES (373, 'Arbejde', '99151278', 222);
INSERT INTO `phone` (`ID`, `DESCRIPTION`, `NUMBER`, `OWNER_ID`) VALUES (374, 'Mobil', '96981920', 222);
INSERT INTO `phone` (`ID`, `DESCRIPTION`, `NUMBER`, `OWNER_ID`) VALUES (375, 'Bil', '73086050', 222);
INSERT INTO `address` (`id`, `information`, `street`, `city_id`) VALUES (223, '223', 'Milanovicvej', 514);
INSERT INTO `company` (`ID`, `name`, `email`, `ADDRESS_ID`, cvr, description, marketValue, numberOfEmployees) VALUES (223, 'Company #223', 'company-223390@yahoo.eu', 223, '#3222038', 'Lorem ipsum dolor sit amet, consectetuer adipiscing elit. Nam quis nulla. Sed vel lectus. Donec odio tempus molestie, porttitor ut, iaculis quis, sem.', 3580401, 789);
INSERT INTO `phone` (`ID`, `DESCRIPTION`, `NUMBER`, `OWNER_ID`) VALUES (376, 'Hjem', '97240943', 223);
INSERT INTO `phone` (`ID`, `DESCRIPTION`, `NUMBER`, `OWNER_ID`) VALUES (377, 'Feriehjem', '1736668', 223);
INSERT INTO `phone` (`ID`, `DESCRIPTION`, `NUMBER`, `OWNER_ID`) VALUES (378, 'Hjem', '7044884', 223);
INSERT INTO `address` (`id`, `information`, `street`, `city_id`) VALUES (224, '405', 'Hjortekærsvej', 432);
INSERT INTO `company` (`ID`, `name`, `email`, `ADDRESS_ID`, cvr, description, marketValue, numberOfEmployees) VALUES (224, 'Company #224', 'company-224237@zoho.eu', 224, '#27946951', 'Lorem ipsum dolor sit amet, consectetuer adipiscing elit. Nam quis nulla. Sed vel lectus. Donec odio tempus molestie, porttitor ut, iaculis quis, sem.', 37187513, 4842);
INSERT INTO `phone` (`ID`, `DESCRIPTION`, `NUMBER`, `OWNER_ID`) VALUES (379, 'Mobil', '71098547', 224);
INSERT INTO `phone` (`ID`, `DESCRIPTION`, `NUMBER`, `OWNER_ID`) VALUES (380, 'Feriehjem', '83232673', 224);
INSERT INTO `phone` (`ID`, `DESCRIPTION`, `NUMBER`, `OWNER_ID`) VALUES (381, 'Bil', '33552833', 224);
INSERT INTO `address` (`id`, `information`, `street`, `city_id`) VALUES (225, '169', 'Milanovicvej', 1083);
INSERT INTO `company` (`ID`, `name`, `email`, `ADDRESS_ID`, cvr, description, marketValue, numberOfEmployees) VALUES (225, 'Company #225', 'company-225235@protonmail.com', 225, '#77249999', 'Lorem ipsum dolor sit amet, consectetuer adipiscing elit. Nam quis nulla. Sed vel lectus. Donec odio tempus molestie, porttitor ut, iaculis quis, sem.', 24677212, 177);
INSERT INTO `phone` (`ID`, `DESCRIPTION`, `NUMBER`, `OWNER_ID`) VALUES (382, 'Feriehjem', '12552565', 225);
INSERT INTO `phone` (`ID`, `DESCRIPTION`, `NUMBER`, `OWNER_ID`) VALUES (383, 'Bil', '68406152', 225);
INSERT INTO `address` (`id`, `information`, `street`, `city_id`) VALUES (226, '401', 'Ryllevej', 356);
INSERT INTO `company` (`ID`, `name`, `email`, `ADDRESS_ID`, cvr, description, marketValue, numberOfEmployees) VALUES (226, 'Company #226', 'company-226337@protonmail.dk', 226, '#26458345', 'Lorem ipsum dolor sit amet, consectetuer adipiscing elit. Nam quis nulla. Sed vel lectus. Donec odio tempus molestie, porttitor ut, iaculis quis, sem.', 79735800, 3351);
INSERT INTO `phone` (`ID`, `DESCRIPTION`, `NUMBER`, `OWNER_ID`) VALUES (384, 'Feriehjem', '63147794', 226);
INSERT INTO `address` (`id`, `information`, `street`, `city_id`) VALUES (227, '490', 'Møllevangen', 637);
INSERT INTO `company` (`ID`, `name`, `email`, `ADDRESS_ID`, cvr, description, marketValue, numberOfEmployees) VALUES (227, 'Company #227', 'company-227136@yahoo.com', 227, '#54328113', 'Lorem ipsum dolor sit amet, consectetuer adipiscing elit. Nam quis nulla. Sed vel lectus. Donec odio tempus molestie, porttitor ut, iaculis quis, sem.', 32730342, 2365);
INSERT INTO `phone` (`ID`, `DESCRIPTION`, `NUMBER`, `OWNER_ID`) VALUES (385, 'Hjem', '80442221', 227);
INSERT INTO `phone` (`ID`, `DESCRIPTION`, `NUMBER`, `OWNER_ID`) VALUES (386, 'Hjem', '48684449', 227);
INSERT INTO `address` (`id`, `information`, `street`, `city_id`) VALUES (228, '33', 'Baunebjergvej', 191);
INSERT INTO `company` (`ID`, `name`, `email`, `ADDRESS_ID`, cvr, description, marketValue, numberOfEmployees) VALUES (228, 'Company #228', 'company-228128@gmail.eu', 228, '#14725783', 'Lorem ipsum dolor sit amet, consectetuer adipiscing elit. Nam quis nulla. Sed vel lectus. Donec odio tempus molestie, porttitor ut, iaculis quis, sem.', 89888421, 1819);
INSERT INTO `phone` (`ID`, `DESCRIPTION`, `NUMBER`, `OWNER_ID`) VALUES (387, 'Hjem', '40754444', 228);
INSERT INTO `phone` (`ID`, `DESCRIPTION`, `NUMBER`, `OWNER_ID`) VALUES (388, 'Arbejde', '7849660', 228);
INSERT INTO `address` (`id`, `information`, `street`, `city_id`) VALUES (229, '195', 'Østgaardsvej', 987);
INSERT INTO `company` (`ID`, `name`, `email`, `ADDRESS_ID`, cvr, description, marketValue, numberOfEmployees) VALUES (229, 'Company #229', 'company-229360@yahoo.eu', 229, '#35052877', 'Lorem ipsum dolor sit amet, consectetuer adipiscing elit. Nam quis nulla. Sed vel lectus. Donec odio tempus molestie, porttitor ut, iaculis quis, sem.', 36060974, 971);
INSERT INTO `phone` (`ID`, `DESCRIPTION`, `NUMBER`, `OWNER_ID`) VALUES (389, 'Mobil', '24564657', 229);
INSERT INTO `phone` (`ID`, `DESCRIPTION`, `NUMBER`, `OWNER_ID`) VALUES (390, 'Bil', '55326467', 229);
INSERT INTO `address` (`id`, `information`, `street`, `city_id`) VALUES (230, '216', 'Kronhjortevej', 615);
INSERT INTO `company` (`ID`, `name`, `email`, `ADDRESS_ID`, cvr, description, marketValue, numberOfEmployees) VALUES (230, 'Company #230', 'company-230285@outlook.eu', 230, '#16081261', 'Lorem ipsum dolor sit amet, consectetuer adipiscing elit. Nam quis nulla. Sed vel lectus. Donec odio tempus molestie, porttitor ut, iaculis quis, sem.', 16886047, 3928);
INSERT INTO `phone` (`ID`, `DESCRIPTION`, `NUMBER`, `OWNER_ID`) VALUES (391, 'Mobil', '40713535', 230);
INSERT INTO `phone` (`ID`, `DESCRIPTION`, `NUMBER`, `OWNER_ID`) VALUES (392, 'Feriehjem', '18693239', 230);
INSERT INTO `address` (`id`, `information`, `street`, `city_id`) VALUES (231, '206', 'Milanovicvej', 1134);
INSERT INTO `company` (`ID`, `name`, `email`, `ADDRESS_ID`, cvr, description, marketValue, numberOfEmployees) VALUES (231, 'Company #231', 'company-231442@yahoo.eu', 231, '#6784551', 'Lorem ipsum dolor sit amet, consectetuer adipiscing elit. Nam quis nulla. Sed vel lectus. Donec odio tempus molestie, porttitor ut, iaculis quis, sem.', 12952068, 2109);
INSERT INTO `phone` (`ID`, `DESCRIPTION`, `NUMBER`, `OWNER_ID`) VALUES (393, 'Feriehjem', '20421363', 231);
INSERT INTO `phone` (`ID`, `DESCRIPTION`, `NUMBER`, `OWNER_ID`) VALUES (394, 'Bil', '11083061', 231);
INSERT INTO `address` (`id`, `information`, `street`, `city_id`) VALUES (232, '57', 'Baunebjergvej', 216);
INSERT INTO `company` (`ID`, `name`, `email`, `ADDRESS_ID`, cvr, description, marketValue, numberOfEmployees) VALUES (232, 'Company #232', 'company-232317@yahoo.io', 232, '#45247259', 'Lorem ipsum dolor sit amet, consectetuer adipiscing elit. Nam quis nulla. Sed vel lectus. Donec odio tempus molestie, porttitor ut, iaculis quis, sem.', 70581299, 820);
INSERT INTO `phone` (`ID`, `DESCRIPTION`, `NUMBER`, `OWNER_ID`) VALUES (395, 'Feriehjem', '58683285', 232);
INSERT INTO `phone` (`ID`, `DESCRIPTION`, `NUMBER`, `OWNER_ID`) VALUES (396, 'Hjem', '32271003', 232);
INSERT INTO `phone` (`ID`, `DESCRIPTION`, `NUMBER`, `OWNER_ID`) VALUES (397, 'Bil', '96057791', 232);
INSERT INTO `address` (`id`, `information`, `street`, `city_id`) VALUES (233, '304', 'Østgaardsvej', 469);
INSERT INTO `company` (`ID`, `name`, `email`, `ADDRESS_ID`, cvr, description, marketValue, numberOfEmployees) VALUES (233, 'Company #233', 'company-23343@gmail.eu', 233, '#2456406', 'Lorem ipsum dolor sit amet, consectetuer adipiscing elit. Nam quis nulla. Sed vel lectus. Donec odio tempus molestie, porttitor ut, iaculis quis, sem.', 59852175, 3586);
INSERT INTO `phone` (`ID`, `DESCRIPTION`, `NUMBER`, `OWNER_ID`) VALUES (398, 'Hjem', '95869129', 233);
INSERT INTO `phone` (`ID`, `DESCRIPTION`, `NUMBER`, `OWNER_ID`) VALUES (399, 'Hjem', '64553897', 233);
INSERT INTO `phone` (`ID`, `DESCRIPTION`, `NUMBER`, `OWNER_ID`) VALUES (400, 'Hjem', '76052188', 233);
INSERT INTO `address` (`id`, `information`, `street`, `city_id`) VALUES (234, '469', 'Hjortekærsvej', 402);
INSERT INTO `company` (`ID`, `name`, `email`, `ADDRESS_ID`, cvr, description, marketValue, numberOfEmployees) VALUES (234, 'Company #234', 'company-234393@protonmail.com', 234, '#73982563', 'Lorem ipsum dolor sit amet, consectetuer adipiscing elit. Nam quis nulla. Sed vel lectus. Donec odio tempus molestie, porttitor ut, iaculis quis, sem.', 17232571, 550);
INSERT INTO `phone` (`ID`, `DESCRIPTION`, `NUMBER`, `OWNER_ID`) VALUES (401, 'Bil', '67056816', 234);
INSERT INTO `phone` (`ID`, `DESCRIPTION`, `NUMBER`, `OWNER_ID`) VALUES (402, 'Hjem', '89085860', 234);
INSERT INTO `address` (`id`, `information`, `street`, `city_id`) VALUES (235, '437', 'Hjortekærsvej', 50);
INSERT INTO `company` (`ID`, `name`, `email`, `ADDRESS_ID`, cvr, description, marketValue, numberOfEmployees) VALUES (235, 'Company #235', 'company-235207@yahoo.com', 235, '#93281157', 'Lorem ipsum dolor sit amet, consectetuer adipiscing elit. Nam quis nulla. Sed vel lectus. Donec odio tempus molestie, porttitor ut, iaculis quis, sem.', 74038359, 1859);
INSERT INTO `phone` (`ID`, `DESCRIPTION`, `NUMBER`, `OWNER_ID`) VALUES (403, 'Feriehjem', '17029763', 235);
INSERT INTO `phone` (`ID`, `DESCRIPTION`, `NUMBER`, `OWNER_ID`) VALUES (404, 'Mobil', '52078378', 235);
INSERT INTO `phone` (`ID`, `DESCRIPTION`, `NUMBER`, `OWNER_ID`) VALUES (405, 'Bil', '80220392', 235);
INSERT INTO `address` (`id`, `information`, `street`, `city_id`) VALUES (236, '217', 'Hjortekærsvej', 1248);
INSERT INTO `company` (`ID`, `name`, `email`, `ADDRESS_ID`, cvr, description, marketValue, numberOfEmployees) VALUES (236, 'Company #236', 'company-23612@protonmail.dk', 236, '#83087963', 'Lorem ipsum dolor sit amet, consectetuer adipiscing elit. Nam quis nulla. Sed vel lectus. Donec odio tempus molestie, porttitor ut, iaculis quis, sem.', 861313, 1310);
INSERT INTO `phone` (`ID`, `DESCRIPTION`, `NUMBER`, `OWNER_ID`) VALUES (406, 'Feriehjem', '48604418', 236);
INSERT INTO `phone` (`ID`, `DESCRIPTION`, `NUMBER`, `OWNER_ID`) VALUES (407, 'Feriehjem', '48899992', 236);
INSERT INTO `address` (`id`, `information`, `street`, `city_id`) VALUES (237, '311', 'Hjortekærsvej', 322);
INSERT INTO `company` (`ID`, `name`, `email`, `ADDRESS_ID`, cvr, description, marketValue, numberOfEmployees) VALUES (237, 'Company #237', 'company-237407@protonmail.io', 237, '#9895714', 'Lorem ipsum dolor sit amet, consectetuer adipiscing elit. Nam quis nulla. Sed vel lectus. Donec odio tempus molestie, porttitor ut, iaculis quis, sem.', 76012030, 2855);
INSERT INTO `phone` (`ID`, `DESCRIPTION`, `NUMBER`, `OWNER_ID`) VALUES (408, 'Arbejde', '61373761', 237);
INSERT INTO `phone` (`ID`, `DESCRIPTION`, `NUMBER`, `OWNER_ID`) VALUES (409, 'Mobil', '24499776', 237);
INSERT INTO `phone` (`ID`, `DESCRIPTION`, `NUMBER`, `OWNER_ID`) VALUES (410, 'Bil', '54168320', 237);
INSERT INTO `address` (`id`, `information`, `street`, `city_id`) VALUES (238, '339', 'Kullevej', 353);
INSERT INTO `company` (`ID`, `name`, `email`, `ADDRESS_ID`, cvr, description, marketValue, numberOfEmployees) VALUES (238, 'Company #238', 'company-238174@yahoo.io', 238, '#25764354', 'Lorem ipsum dolor sit amet, consectetuer adipiscing elit. Nam quis nulla. Sed vel lectus. Donec odio tempus molestie, porttitor ut, iaculis quis, sem.', 91564588, 4438);
INSERT INTO `phone` (`ID`, `DESCRIPTION`, `NUMBER`, `OWNER_ID`) VALUES (411, 'Hjem', '62288878', 238);
INSERT INTO `phone` (`ID`, `DESCRIPTION`, `NUMBER`, `OWNER_ID`) VALUES (412, 'Arbejde', '39789409', 238);
INSERT INTO `phone` (`ID`, `DESCRIPTION`, `NUMBER`, `OWNER_ID`) VALUES (413, 'Hjem', '80558019', 238);
INSERT INTO `address` (`id`, `information`, `street`, `city_id`) VALUES (239, '310', 'Kronhjortevej', 753);
INSERT INTO `company` (`ID`, `name`, `email`, `ADDRESS_ID`, cvr, description, marketValue, numberOfEmployees) VALUES (239, 'Company #239', 'company-239281@yahoo.dk', 239, '#48243388', 'Lorem ipsum dolor sit amet, consectetuer adipiscing elit. Nam quis nulla. Sed vel lectus. Donec odio tempus molestie, porttitor ut, iaculis quis, sem.', 73132698, 783);
INSERT INTO `phone` (`ID`, `DESCRIPTION`, `NUMBER`, `OWNER_ID`) VALUES (414, 'Bil', '6199692', 239);
INSERT INTO `phone` (`ID`, `DESCRIPTION`, `NUMBER`, `OWNER_ID`) VALUES (415, 'Feriehjem', '15706772', 239);
INSERT INTO `phone` (`ID`, `DESCRIPTION`, `NUMBER`, `OWNER_ID`) VALUES (416, 'Arbejde', '43848001', 239);
INSERT INTO `address` (`id`, `information`, `street`, `city_id`) VALUES (240, '166', 'Ryllevej', 277);
INSERT INTO `company` (`ID`, `name`, `email`, `ADDRESS_ID`, cvr, description, marketValue, numberOfEmployees) VALUES (240, 'Company #240', 'company-240435@gmail.eu', 240, '#90005352', 'Lorem ipsum dolor sit amet, consectetuer adipiscing elit. Nam quis nulla. Sed vel lectus. Donec odio tempus molestie, porttitor ut, iaculis quis, sem.', 99978101, 378);
INSERT INTO `phone` (`ID`, `DESCRIPTION`, `NUMBER`, `OWNER_ID`) VALUES (417, 'Arbejde', '92580309', 240);
INSERT INTO `phone` (`ID`, `DESCRIPTION`, `NUMBER`, `OWNER_ID`) VALUES (418, 'Bil', '1946703', 240);
INSERT INTO `phone` (`ID`, `DESCRIPTION`, `NUMBER`, `OWNER_ID`) VALUES (419, 'Bil', '29299540', 240);
INSERT INTO `address` (`id`, `information`, `street`, `city_id`) VALUES (241, '2', 'Møllevangen', 245);
INSERT INTO `company` (`ID`, `name`, `email`, `ADDRESS_ID`, cvr, description, marketValue, numberOfEmployees) VALUES (241, 'Company #241', 'company-241141@outlook.com', 241, '#21898964', 'Lorem ipsum dolor sit amet, consectetuer adipiscing elit. Nam quis nulla. Sed vel lectus. Donec odio tempus molestie, porttitor ut, iaculis quis, sem.', 39610215, 660);
INSERT INTO `phone` (`ID`, `DESCRIPTION`, `NUMBER`, `OWNER_ID`) VALUES (420, 'Arbejde', '95681861', 241);
INSERT INTO `phone` (`ID`, `DESCRIPTION`, `NUMBER`, `OWNER_ID`) VALUES (421, 'Mobil', '47416366', 241);
INSERT INTO `phone` (`ID`, `DESCRIPTION`, `NUMBER`, `OWNER_ID`) VALUES (422, 'Bil', '25430412', 241);
INSERT INTO `address` (`id`, `information`, `street`, `city_id`) VALUES (242, '491', 'Kullevej', 882);
INSERT INTO `company` (`ID`, `name`, `email`, `ADDRESS_ID`, cvr, description, marketValue, numberOfEmployees) VALUES (242, 'Company #242', 'company-242256@hotmail.com', 242, '#42065012', 'Lorem ipsum dolor sit amet, consectetuer adipiscing elit. Nam quis nulla. Sed vel lectus. Donec odio tempus molestie, porttitor ut, iaculis quis, sem.', 61280331, 3143);
INSERT INTO `phone` (`ID`, `DESCRIPTION`, `NUMBER`, `OWNER_ID`) VALUES (423, 'Arbejde', '61633485', 242);
INSERT INTO `phone` (`ID`, `DESCRIPTION`, `NUMBER`, `OWNER_ID`) VALUES (424, 'Mobil', '77450987', 242);
INSERT INTO `phone` (`ID`, `DESCRIPTION`, `NUMBER`, `OWNER_ID`) VALUES (425, 'Hjem', '7804112', 242);
INSERT INTO `address` (`id`, `information`, `street`, `city_id`) VALUES (243, '343', 'Baunebjergvej', 1262);
INSERT INTO `company` (`ID`, `name`, `email`, `ADDRESS_ID`, cvr, description, marketValue, numberOfEmployees) VALUES (243, 'Company #243', 'company-243471@zoho.io', 243, '#12759017', 'Lorem ipsum dolor sit amet, consectetuer adipiscing elit. Nam quis nulla. Sed vel lectus. Donec odio tempus molestie, porttitor ut, iaculis quis, sem.', 30470379, 2313);
INSERT INTO `phone` (`ID`, `DESCRIPTION`, `NUMBER`, `OWNER_ID`) VALUES (426, 'Mobil', '64906655', 243);
INSERT INTO `phone` (`ID`, `DESCRIPTION`, `NUMBER`, `OWNER_ID`) VALUES (427, 'Mobil', '94740387', 243);
INSERT INTO `phone` (`ID`, `DESCRIPTION`, `NUMBER`, `OWNER_ID`) VALUES (428, 'Hjem', '36414083', 243);
INSERT INTO `address` (`id`, `information`, `street`, `city_id`) VALUES (244, '284', 'Møllevangen', 914);
INSERT INTO `company` (`ID`, `name`, `email`, `ADDRESS_ID`, cvr, description, marketValue, numberOfEmployees) VALUES (244, 'Company #244', 'company-244218@hotmail.eu', 244, '#65747835', 'Lorem ipsum dolor sit amet, consectetuer adipiscing elit. Nam quis nulla. Sed vel lectus. Donec odio tempus molestie, porttitor ut, iaculis quis, sem.', 24794710, 2792);
INSERT INTO `phone` (`ID`, `DESCRIPTION`, `NUMBER`, `OWNER_ID`) VALUES (429, 'Feriehjem', '68106249', 244);
INSERT INTO `phone` (`ID`, `DESCRIPTION`, `NUMBER`, `OWNER_ID`) VALUES (430, 'Feriehjem', '12828130', 244);
INSERT INTO `address` (`id`, `information`, `street`, `city_id`) VALUES (245, '309', 'Kronhjortevej', 864);
INSERT INTO `company` (`ID`, `name`, `email`, `ADDRESS_ID`, cvr, description, marketValue, numberOfEmployees) VALUES (245, 'Company #245', 'company-2452@protonmail.dk', 245, '#12581020', 'Lorem ipsum dolor sit amet, consectetuer adipiscing elit. Nam quis nulla. Sed vel lectus. Donec odio tempus molestie, porttitor ut, iaculis quis, sem.', 40622797, 1513);
INSERT INTO `phone` (`ID`, `DESCRIPTION`, `NUMBER`, `OWNER_ID`) VALUES (431, 'Arbejde', '76896579', 245);
INSERT INTO `phone` (`ID`, `DESCRIPTION`, `NUMBER`, `OWNER_ID`) VALUES (432, 'Bil', '55825505', 245);
INSERT INTO `address` (`id`, `information`, `street`, `city_id`) VALUES (246, '21', 'Østgaardsvej', 71);
INSERT INTO `company` (`ID`, `name`, `email`, `ADDRESS_ID`, cvr, description, marketValue, numberOfEmployees) VALUES (246, 'Company #246', 'company-24675@yahoo.eu', 246, '#4539', 'Lorem ipsum dolor sit amet, consectetuer adipiscing elit. Nam quis nulla. Sed vel lectus. Donec odio tempus molestie, porttitor ut, iaculis quis, sem.', 67588255, 2770);
INSERT INTO `phone` (`ID`, `DESCRIPTION`, `NUMBER`, `OWNER_ID`) VALUES (433, 'Arbejde', '3637138', 246);
INSERT INTO `phone` (`ID`, `DESCRIPTION`, `NUMBER`, `OWNER_ID`) VALUES (434, 'Bil', '72624839', 246);
INSERT INTO `phone` (`ID`, `DESCRIPTION`, `NUMBER`, `OWNER_ID`) VALUES (435, 'Bil', '12100079', 246);
INSERT INTO `address` (`id`, `information`, `street`, `city_id`) VALUES (247, '139', 'Møllevangen', 273);
INSERT INTO `company` (`ID`, `name`, `email`, `ADDRESS_ID`, cvr, description, marketValue, numberOfEmployees) VALUES (247, 'Company #247', 'company-247266@hotmail.io', 247, '#82913652', 'Lorem ipsum dolor sit amet, consectetuer adipiscing elit. Nam quis nulla. Sed vel lectus. Donec odio tempus molestie, porttitor ut, iaculis quis, sem.', 67375561, 824);
INSERT INTO `phone` (`ID`, `DESCRIPTION`, `NUMBER`, `OWNER_ID`) VALUES (436, 'Hjem', '67264485', 247);
INSERT INTO `phone` (`ID`, `DESCRIPTION`, `NUMBER`, `OWNER_ID`) VALUES (437, 'Arbejde', '65054000', 247);
INSERT INTO `phone` (`ID`, `DESCRIPTION`, `NUMBER`, `OWNER_ID`) VALUES (438, 'Arbejde', '89843249', 247);
INSERT INTO `address` (`id`, `information`, `street`, `city_id`) VALUES (248, '298', 'Milanovicvej', 904);
INSERT INTO `company` (`ID`, `name`, `email`, `ADDRESS_ID`, cvr, description, marketValue, numberOfEmployees) VALUES (248, 'Company #248', 'company-248249@outlook.com', 248, '#23673355', 'Lorem ipsum dolor sit amet, consectetuer adipiscing elit. Nam quis nulla. Sed vel lectus. Donec odio tempus molestie, porttitor ut, iaculis quis, sem.', 90987228, 3112);
INSERT INTO `phone` (`ID`, `DESCRIPTION`, `NUMBER`, `OWNER_ID`) VALUES (439, 'Arbejde', '30791503', 248);
INSERT INTO `phone` (`ID`, `DESCRIPTION`, `NUMBER`, `OWNER_ID`) VALUES (440, 'Feriehjem', '90515063', 248);
INSERT INTO `phone` (`ID`, `DESCRIPTION`, `NUMBER`, `OWNER_ID`) VALUES (441, 'Arbejde', '62637491', 248);
INSERT INTO `address` (`id`, `information`, `street`, `city_id`) VALUES (249, '207', 'Møllevangen', 751);
INSERT INTO `company` (`ID`, `name`, `email`, `ADDRESS_ID`, cvr, description, marketValue, numberOfEmployees) VALUES (249, 'Company #249', 'company-2493@zoho.dk', 249, '#25615705', 'Lorem ipsum dolor sit amet, consectetuer adipiscing elit. Nam quis nulla. Sed vel lectus. Donec odio tempus molestie, porttitor ut, iaculis quis, sem.', 49598583, 1173);
INSERT INTO `phone` (`ID`, `DESCRIPTION`, `NUMBER`, `OWNER_ID`) VALUES (442, 'Hjem', '81694324', 249);
INSERT INTO `address` (`id`, `information`, `street`, `city_id`) VALUES (250, '320', 'Hjortekærsvej', 1122);
INSERT INTO `company` (`ID`, `name`, `email`, `ADDRESS_ID`, cvr, description, marketValue, numberOfEmployees) VALUES (250, 'Company #250', 'company-25067@gmail.dk', 250, '#1952013', 'Lorem ipsum dolor sit amet, consectetuer adipiscing elit. Nam quis nulla. Sed vel lectus. Donec odio tempus molestie, porttitor ut, iaculis quis, sem.', 69738660, 3228);
INSERT INTO `phone` (`ID`, `DESCRIPTION`, `NUMBER`, `OWNER_ID`) VALUES (443, 'Mobil', '44506557', 250);
INSERT INTO `phone` (`ID`, `DESCRIPTION`, `NUMBER`, `OWNER_ID`) VALUES (444, 'Bil', '78868931', 250);
INSERT INTO `phone` (`ID`, `DESCRIPTION`, `NUMBER`, `OWNER_ID`) VALUES (445, 'Mobil', '19417350', 250);
INSERT INTO `address` (`id`, `information`, `street`, `city_id`) VALUES (251, '19', 'Ryllevej', 600);
INSERT INTO `company` (`ID`, `name`, `email`, `ADDRESS_ID`, cvr, description, marketValue, numberOfEmployees) VALUES (251, 'Company #251', 'company-25141@hotmail.com', 251, '#43964567', 'Lorem ipsum dolor sit amet, consectetuer adipiscing elit. Nam quis nulla. Sed vel lectus. Donec odio tempus molestie, porttitor ut, iaculis quis, sem.', 91837165, 4693);
INSERT INTO `phone` (`ID`, `DESCRIPTION`, `NUMBER`, `OWNER_ID`) VALUES (446, 'Arbejde', '19244496', 251);
INSERT INTO `phone` (`ID`, `DESCRIPTION`, `NUMBER`, `OWNER_ID`) VALUES (447, 'Hjem', '16850204', 251);
INSERT INTO `address` (`id`, `information`, `street`, `city_id`) VALUES (252, '282', 'Milanovicvej', 853);
INSERT INTO `company` (`ID`, `name`, `email`, `ADDRESS_ID`, cvr, description, marketValue, numberOfEmployees) VALUES (252, 'Company #252', 'company-252136@hotmail.com', 252, '#79571594', 'Lorem ipsum dolor sit amet, consectetuer adipiscing elit. Nam quis nulla. Sed vel lectus. Donec odio tempus molestie, porttitor ut, iaculis quis, sem.', 7689688, 2496);
INSERT INTO `phone` (`ID`, `DESCRIPTION`, `NUMBER`, `OWNER_ID`) VALUES (448, 'Bil', '34765287', 252);
INSERT INTO `address` (`id`, `information`, `street`, `city_id`) VALUES (253, '322', 'Hjortekærsvej', 573);
INSERT INTO `company` (`ID`, `name`, `email`, `ADDRESS_ID`, cvr, description, marketValue, numberOfEmployees) VALUES (253, 'Company #253', 'company-25388@outlook.io', 253, '#90512487', 'Lorem ipsum dolor sit amet, consectetuer adipiscing elit. Nam quis nulla. Sed vel lectus. Donec odio tempus molestie, porttitor ut, iaculis quis, sem.', 55949705, 3837);
INSERT INTO `phone` (`ID`, `DESCRIPTION`, `NUMBER`, `OWNER_ID`) VALUES (449, 'Feriehjem', '68687853', 253);
INSERT INTO `phone` (`ID`, `DESCRIPTION`, `NUMBER`, `OWNER_ID`) VALUES (450, 'Feriehjem', '23471533', 253);
INSERT INTO `phone` (`ID`, `DESCRIPTION`, `NUMBER`, `OWNER_ID`) VALUES (451, 'Mobil', '70836880', 253);
INSERT INTO `address` (`id`, `information`, `street`, `city_id`) VALUES (254, '160', 'Hjortekærsvej', 1198);
INSERT INTO `company` (`ID`, `name`, `email`, `ADDRESS_ID`, cvr, description, marketValue, numberOfEmployees) VALUES (254, 'Company #254', 'company-254364@yahoo.eu', 254, '#26577441', 'Lorem ipsum dolor sit amet, consectetuer adipiscing elit. Nam quis nulla. Sed vel lectus. Donec odio tempus molestie, porttitor ut, iaculis quis, sem.', 43276781, 3361);
INSERT INTO `phone` (`ID`, `DESCRIPTION`, `NUMBER`, `OWNER_ID`) VALUES (452, 'Bil', '51058753', 254);
INSERT INTO `phone` (`ID`, `DESCRIPTION`, `NUMBER`, `OWNER_ID`) VALUES (453, 'Arbejde', '66404785', 254);
INSERT INTO `phone` (`ID`, `DESCRIPTION`, `NUMBER`, `OWNER_ID`) VALUES (454, 'Feriehjem', '57237112', 254);
INSERT INTO `address` (`id`, `information`, `street`, `city_id`) VALUES (255, '143', 'Ryllevej', 530);
INSERT INTO `company` (`ID`, `name`, `email`, `ADDRESS_ID`, cvr, description, marketValue, numberOfEmployees) VALUES (255, 'Company #255', 'company-255197@protonmail.com', 255, '#5501413', 'Lorem ipsum dolor sit amet, consectetuer adipiscing elit. Nam quis nulla. Sed vel lectus. Donec odio tempus molestie, porttitor ut, iaculis quis, sem.', 35930459, 1063);
INSERT INTO `phone` (`ID`, `DESCRIPTION`, `NUMBER`, `OWNER_ID`) VALUES (455, 'Arbejde', '75906291', 255);
INSERT INTO `phone` (`ID`, `DESCRIPTION`, `NUMBER`, `OWNER_ID`) VALUES (456, 'Arbejde', '93121800', 255);
INSERT INTO `phone` (`ID`, `DESCRIPTION`, `NUMBER`, `OWNER_ID`) VALUES (457, 'Hjem', '26812298', 255);
INSERT INTO `address` (`id`, `information`, `street`, `city_id`) VALUES (256, '288', 'Østgaardsvej', 27);
INSERT INTO `company` (`ID`, `name`, `email`, `ADDRESS_ID`, cvr, description, marketValue, numberOfEmployees) VALUES (256, 'Company #256', 'company-256433@protonmail.dk', 256, '#73635582', 'Lorem ipsum dolor sit amet, consectetuer adipiscing elit. Nam quis nulla. Sed vel lectus. Donec odio tempus molestie, porttitor ut, iaculis quis, sem.', 28203593, 180);
INSERT INTO `phone` (`ID`, `DESCRIPTION`, `NUMBER`, `OWNER_ID`) VALUES (458, 'Mobil', '73050740', 256);
INSERT INTO `phone` (`ID`, `DESCRIPTION`, `NUMBER`, `OWNER_ID`) VALUES (459, 'Hjem', '46494421', 256);
INSERT INTO `address` (`id`, `information`, `street`, `city_id`) VALUES (257, '344', 'Milanovicvej', 58);
INSERT INTO `company` (`ID`, `name`, `email`, `ADDRESS_ID`, cvr, description, marketValue, numberOfEmployees) VALUES (257, 'Company #257', 'company-257475@protonmail.com', 257, '#56364304', 'Lorem ipsum dolor sit amet, consectetuer adipiscing elit. Nam quis nulla. Sed vel lectus. Donec odio tempus molestie, porttitor ut, iaculis quis, sem.', 1453138, 1153);
INSERT INTO `phone` (`ID`, `DESCRIPTION`, `NUMBER`, `OWNER_ID`) VALUES (460, 'Mobil', '94154680', 257);
INSERT INTO `phone` (`ID`, `DESCRIPTION`, `NUMBER`, `OWNER_ID`) VALUES (461, 'Arbejde', '76306583', 257);
INSERT INTO `phone` (`ID`, `DESCRIPTION`, `NUMBER`, `OWNER_ID`) VALUES (462, 'Hjem', '41334247', 257);
INSERT INTO `address` (`id`, `information`, `street`, `city_id`) VALUES (258, '288', 'Østgaardsvej', 1184);
INSERT INTO `company` (`ID`, `name`, `email`, `ADDRESS_ID`, cvr, description, marketValue, numberOfEmployees) VALUES (258, 'Company #258', 'company-25813@gmail.dk', 258, '#56150347', 'Lorem ipsum dolor sit amet, consectetuer adipiscing elit. Nam quis nulla. Sed vel lectus. Donec odio tempus molestie, porttitor ut, iaculis quis, sem.', 91817132, 3603);
INSERT INTO `phone` (`ID`, `DESCRIPTION`, `NUMBER`, `OWNER_ID`) VALUES (463, 'Feriehjem', '80499805', 258);
INSERT INTO `phone` (`ID`, `DESCRIPTION`, `NUMBER`, `OWNER_ID`) VALUES (464, 'Hjem', '84157676', 258);
INSERT INTO `phone` (`ID`, `DESCRIPTION`, `NUMBER`, `OWNER_ID`) VALUES (465, 'Bil', '66898955', 258);
INSERT INTO `address` (`id`, `information`, `street`, `city_id`) VALUES (259, '446', 'Kronhjortevej', 779);
INSERT INTO `company` (`ID`, `name`, `email`, `ADDRESS_ID`, cvr, description, marketValue, numberOfEmployees) VALUES (259, 'Company #259', 'company-259250@zoho.com', 259, '#54771315', 'Lorem ipsum dolor sit amet, consectetuer adipiscing elit. Nam quis nulla. Sed vel lectus. Donec odio tempus molestie, porttitor ut, iaculis quis, sem.', 5818950, 23);
INSERT INTO `phone` (`ID`, `DESCRIPTION`, `NUMBER`, `OWNER_ID`) VALUES (466, 'Feriehjem', '17423856', 259);
INSERT INTO `phone` (`ID`, `DESCRIPTION`, `NUMBER`, `OWNER_ID`) VALUES (467, 'Bil', '35667487', 259);
INSERT INTO `phone` (`ID`, `DESCRIPTION`, `NUMBER`, `OWNER_ID`) VALUES (468, 'Hjem', '59050510', 259);
INSERT INTO `address` (`id`, `information`, `street`, `city_id`) VALUES (260, '437', 'Hjortekærsvej', 34);
INSERT INTO `company` (`ID`, `name`, `email`, `ADDRESS_ID`, cvr, description, marketValue, numberOfEmployees) VALUES (260, 'Company #260', 'company-260181@gmail.eu', 260, '#21322965', 'Lorem ipsum dolor sit amet, consectetuer adipiscing elit. Nam quis nulla. Sed vel lectus. Donec odio tempus molestie, porttitor ut, iaculis quis, sem.', 17041032, 1030);
INSERT INTO `phone` (`ID`, `DESCRIPTION`, `NUMBER`, `OWNER_ID`) VALUES (469, 'Arbejde', '78314254', 260);
INSERT INTO `phone` (`ID`, `DESCRIPTION`, `NUMBER`, `OWNER_ID`) VALUES (470, 'Arbejde', '86633691', 260);
INSERT INTO `phone` (`ID`, `DESCRIPTION`, `NUMBER`, `OWNER_ID`) VALUES (471, 'Arbejde', '77938539', 260);
INSERT INTO `address` (`id`, `information`, `street`, `city_id`) VALUES (261, '298', 'Kronhjortevej', 702);
INSERT INTO `company` (`ID`, `name`, `email`, `ADDRESS_ID`, cvr, description, marketValue, numberOfEmployees) VALUES (261, 'Company #261', 'company-261282@outlook.com', 261, '#51835631', 'Lorem ipsum dolor sit amet, consectetuer adipiscing elit. Nam quis nulla. Sed vel lectus. Donec odio tempus molestie, porttitor ut, iaculis quis, sem.', 8410064, 2181);
INSERT INTO `phone` (`ID`, `DESCRIPTION`, `NUMBER`, `OWNER_ID`) VALUES (472, 'Mobil', '72421112', 261);
INSERT INTO `phone` (`ID`, `DESCRIPTION`, `NUMBER`, `OWNER_ID`) VALUES (473, 'Feriehjem', '97784375', 261);
INSERT INTO `address` (`id`, `information`, `street`, `city_id`) VALUES (262, '343', 'Baunebjergvej', 695);
INSERT INTO `company` (`ID`, `name`, `email`, `ADDRESS_ID`, cvr, description, marketValue, numberOfEmployees) VALUES (262, 'Company #262', 'company-262285@gmail.io', 262, '#25529574', 'Lorem ipsum dolor sit amet, consectetuer adipiscing elit. Nam quis nulla. Sed vel lectus. Donec odio tempus molestie, porttitor ut, iaculis quis, sem.', 46880858, 4085);
INSERT INTO `phone` (`ID`, `DESCRIPTION`, `NUMBER`, `OWNER_ID`) VALUES (474, 'Feriehjem', '78764315', 262);
INSERT INTO `address` (`id`, `information`, `street`, `city_id`) VALUES (263, '206', 'Hjortekærsvej', 916);
INSERT INTO `company` (`ID`, `name`, `email`, `ADDRESS_ID`, cvr, description, marketValue, numberOfEmployees) VALUES (263, 'Company #263', 'company-26395@yahoo.com', 263, '#2128852', 'Lorem ipsum dolor sit amet, consectetuer adipiscing elit. Nam quis nulla. Sed vel lectus. Donec odio tempus molestie, porttitor ut, iaculis quis, sem.', 353325, 335);
INSERT INTO `phone` (`ID`, `DESCRIPTION`, `NUMBER`, `OWNER_ID`) VALUES (475, 'Mobil', '27996442', 263);
INSERT INTO `phone` (`ID`, `DESCRIPTION`, `NUMBER`, `OWNER_ID`) VALUES (476, 'Feriehjem', '64182394', 263);
INSERT INTO `phone` (`ID`, `DESCRIPTION`, `NUMBER`, `OWNER_ID`) VALUES (477, 'Mobil', '43098026', 263);
INSERT INTO `address` (`id`, `information`, `street`, `city_id`) VALUES (264, '221', 'Baunebjergvej', 783);
INSERT INTO `company` (`ID`, `name`, `email`, `ADDRESS_ID`, cvr, description, marketValue, numberOfEmployees) VALUES (264, 'Company #264', 'company-264181@outlook.io', 264, '#2555604', 'Lorem ipsum dolor sit amet, consectetuer adipiscing elit. Nam quis nulla. Sed vel lectus. Donec odio tempus molestie, porttitor ut, iaculis quis, sem.', 7455421, 4840);
INSERT INTO `phone` (`ID`, `DESCRIPTION`, `NUMBER`, `OWNER_ID`) VALUES (478, 'Bil', '4460697', 264);
INSERT INTO `phone` (`ID`, `DESCRIPTION`, `NUMBER`, `OWNER_ID`) VALUES (479, 'Feriehjem', '89819533', 264);
INSERT INTO `address` (`id`, `information`, `street`, `city_id`) VALUES (265, '285', 'Kullevej', 780);
INSERT INTO `company` (`ID`, `name`, `email`, `ADDRESS_ID`, cvr, description, marketValue, numberOfEmployees) VALUES (265, 'Company #265', 'company-265385@protonmail.com', 265, '#48256110', 'Lorem ipsum dolor sit amet, consectetuer adipiscing elit. Nam quis nulla. Sed vel lectus. Donec odio tempus molestie, porttitor ut, iaculis quis, sem.', 67820078, 4601);
INSERT INTO `phone` (`ID`, `DESCRIPTION`, `NUMBER`, `OWNER_ID`) VALUES (480, 'Mobil', '15760893', 265);
INSERT INTO `phone` (`ID`, `DESCRIPTION`, `NUMBER`, `OWNER_ID`) VALUES (481, 'Hjem', '82076221', 265);
INSERT INTO `phone` (`ID`, `DESCRIPTION`, `NUMBER`, `OWNER_ID`) VALUES (482, 'Bil', '98092705', 265);
INSERT INTO `address` (`id`, `information`, `street`, `city_id`) VALUES (266, '448', 'Kronhjortevej', 917);
INSERT INTO `company` (`ID`, `name`, `email`, `ADDRESS_ID`, cvr, description, marketValue, numberOfEmployees) VALUES (266, 'Company #266', 'company-26622@outlook.io', 266, '#61076165', 'Lorem ipsum dolor sit amet, consectetuer adipiscing elit. Nam quis nulla. Sed vel lectus. Donec odio tempus molestie, porttitor ut, iaculis quis, sem.', 5265847, 1033);
INSERT INTO `phone` (`ID`, `DESCRIPTION`, `NUMBER`, `OWNER_ID`) VALUES (483, 'Feriehjem', '57237858', 266);
INSERT INTO `phone` (`ID`, `DESCRIPTION`, `NUMBER`, `OWNER_ID`) VALUES (484, 'Hjem', '85891724', 266);
INSERT INTO `phone` (`ID`, `DESCRIPTION`, `NUMBER`, `OWNER_ID`) VALUES (485, 'Bil', '44135333', 266);
INSERT INTO `address` (`id`, `information`, `street`, `city_id`) VALUES (267, '110', 'Østgaardsvej', 642);
INSERT INTO `company` (`ID`, `name`, `email`, `ADDRESS_ID`, cvr, description, marketValue, numberOfEmployees) VALUES (267, 'Company #267', 'company-267139@hotmail.io', 267, '#66391718', 'Lorem ipsum dolor sit amet, consectetuer adipiscing elit. Nam quis nulla. Sed vel lectus. Donec odio tempus molestie, porttitor ut, iaculis quis, sem.', 67552464, 3815);
INSERT INTO `phone` (`ID`, `DESCRIPTION`, `NUMBER`, `OWNER_ID`) VALUES (486, 'Feriehjem', '22598685', 267);
INSERT INTO `phone` (`ID`, `DESCRIPTION`, `NUMBER`, `OWNER_ID`) VALUES (487, 'Bil', '9274482', 267);
INSERT INTO `phone` (`ID`, `DESCRIPTION`, `NUMBER`, `OWNER_ID`) VALUES (488, 'Feriehjem', '73288418', 267);
INSERT INTO `address` (`id`, `information`, `street`, `city_id`) VALUES (268, '217', 'Kronhjortevej', 149);
INSERT INTO `company` (`ID`, `name`, `email`, `ADDRESS_ID`, cvr, description, marketValue, numberOfEmployees) VALUES (268, 'Company #268', 'company-268225@yahoo.eu', 268, '#59347790', 'Lorem ipsum dolor sit amet, consectetuer adipiscing elit. Nam quis nulla. Sed vel lectus. Donec odio tempus molestie, porttitor ut, iaculis quis, sem.', 77350188, 2778);
INSERT INTO `phone` (`ID`, `DESCRIPTION`, `NUMBER`, `OWNER_ID`) VALUES (489, 'Hjem', '54785113', 268);
INSERT INTO `phone` (`ID`, `DESCRIPTION`, `NUMBER`, `OWNER_ID`) VALUES (490, 'Bil', '7088656', 268);
INSERT INTO `phone` (`ID`, `DESCRIPTION`, `NUMBER`, `OWNER_ID`) VALUES (491, 'Arbejde', '55219981', 268);
INSERT INTO `address` (`id`, `information`, `street`, `city_id`) VALUES (269, '356', 'Ryllevej', 391);
INSERT INTO `company` (`ID`, `name`, `email`, `ADDRESS_ID`, cvr, description, marketValue, numberOfEmployees) VALUES (269, 'Company #269', 'company-2691@yahoo.dk', 269, '#93686415', 'Lorem ipsum dolor sit amet, consectetuer adipiscing elit. Nam quis nulla. Sed vel lectus. Donec odio tempus molestie, porttitor ut, iaculis quis, sem.', 2464378, 1766);
INSERT INTO `phone` (`ID`, `DESCRIPTION`, `NUMBER`, `OWNER_ID`) VALUES (492, 'Mobil', '4922450', 269);
INSERT INTO `phone` (`ID`, `DESCRIPTION`, `NUMBER`, `OWNER_ID`) VALUES (493, 'Mobil', '92171702', 269);
INSERT INTO `address` (`id`, `information`, `street`, `city_id`) VALUES (270, '89', 'Østgaardsvej', 979);
INSERT INTO `company` (`ID`, `name`, `email`, `ADDRESS_ID`, cvr, description, marketValue, numberOfEmployees) VALUES (270, 'Company #270', 'company-270120@yahoo.dk', 270, '#86099035', 'Lorem ipsum dolor sit amet, consectetuer adipiscing elit. Nam quis nulla. Sed vel lectus. Donec odio tempus molestie, porttitor ut, iaculis quis, sem.', 1450125, 1872);
INSERT INTO `phone` (`ID`, `DESCRIPTION`, `NUMBER`, `OWNER_ID`) VALUES (494, 'Bil', '75107730', 270);
INSERT INTO `phone` (`ID`, `DESCRIPTION`, `NUMBER`, `OWNER_ID`) VALUES (495, 'Hjem', '68928980', 270);
INSERT INTO `phone` (`ID`, `DESCRIPTION`, `NUMBER`, `OWNER_ID`) VALUES (496, 'Mobil', '62165071', 270);
INSERT INTO `address` (`id`, `information`, `street`, `city_id`) VALUES (271, '404', 'Kullevej', 1309);
INSERT INTO `company` (`ID`, `name`, `email`, `ADDRESS_ID`, cvr, description, marketValue, numberOfEmployees) VALUES (271, 'Company #271', 'company-271209@yahoo.io', 271, '#70524653', 'Lorem ipsum dolor sit amet, consectetuer adipiscing elit. Nam quis nulla. Sed vel lectus. Donec odio tempus molestie, porttitor ut, iaculis quis, sem.', 22489714, 1907);
INSERT INTO `phone` (`ID`, `DESCRIPTION`, `NUMBER`, `OWNER_ID`) VALUES (497, 'Feriehjem', '52877104', 271);
INSERT INTO `address` (`id`, `information`, `street`, `city_id`) VALUES (272, '179', 'Hjortekærsvej', 17);
INSERT INTO `company` (`ID`, `name`, `email`, `ADDRESS_ID`, cvr, description, marketValue, numberOfEmployees) VALUES (272, 'Company #272', 'company-272321@gmail.dk', 272, '#79052916', 'Lorem ipsum dolor sit amet, consectetuer adipiscing elit. Nam quis nulla. Sed vel lectus. Donec odio tempus molestie, porttitor ut, iaculis quis, sem.', 45901133, 2996);
INSERT INTO `phone` (`ID`, `DESCRIPTION`, `NUMBER`, `OWNER_ID`) VALUES (498, 'Feriehjem', '8940749', 272);
INSERT INTO `phone` (`ID`, `DESCRIPTION`, `NUMBER`, `OWNER_ID`) VALUES (499, 'Hjem', '3599114', 272);
INSERT INTO `phone` (`ID`, `DESCRIPTION`, `NUMBER`, `OWNER_ID`) VALUES (500, 'Feriehjem', '855524', 272);
INSERT INTO `address` (`id`, `information`, `street`, `city_id`) VALUES (273, '133', 'Baunebjergvej', 734);
INSERT INTO `company` (`ID`, `name`, `email`, `ADDRESS_ID`, cvr, description, marketValue, numberOfEmployees) VALUES (273, 'Company #273', 'company-273183@zoho.io', 273, '#10022554', 'Lorem ipsum dolor sit amet, consectetuer adipiscing elit. Nam quis nulla. Sed vel lectus. Donec odio tempus molestie, porttitor ut, iaculis quis, sem.', 33647522, 927);
INSERT INTO `phone` (`ID`, `DESCRIPTION`, `NUMBER`, `OWNER_ID`) VALUES (501, 'Mobil', '55414931', 273);
INSERT INTO `phone` (`ID`, `DESCRIPTION`, `NUMBER`, `OWNER_ID`) VALUES (502, 'Feriehjem', '88811819', 273);
INSERT INTO `address` (`id`, `information`, `street`, `city_id`) VALUES (274, '31', 'Møllevangen', 683);
INSERT INTO `company` (`ID`, `name`, `email`, `ADDRESS_ID`, cvr, description, marketValue, numberOfEmployees) VALUES (274, 'Company #274', 'company-274180@yahoo.dk', 274, '#51502280', 'Lorem ipsum dolor sit amet, consectetuer adipiscing elit. Nam quis nulla. Sed vel lectus. Donec odio tempus molestie, porttitor ut, iaculis quis, sem.', 46618772, 1968);
INSERT INTO `phone` (`ID`, `DESCRIPTION`, `NUMBER`, `OWNER_ID`) VALUES (503, 'Bil', '98405239', 274);
INSERT INTO `phone` (`ID`, `DESCRIPTION`, `NUMBER`, `OWNER_ID`) VALUES (504, 'Bil', '67066296', 274);
INSERT INTO `phone` (`ID`, `DESCRIPTION`, `NUMBER`, `OWNER_ID`) VALUES (505, 'Hjem', '46543476', 274);
INSERT INTO `address` (`id`, `information`, `street`, `city_id`) VALUES (275, '407', 'Kullevej', 1079);
INSERT INTO `company` (`ID`, `name`, `email`, `ADDRESS_ID`, cvr, description, marketValue, numberOfEmployees) VALUES (275, 'Company #275', 'company-275360@yahoo.com', 275, '#43532224', 'Lorem ipsum dolor sit amet, consectetuer adipiscing elit. Nam quis nulla. Sed vel lectus. Donec odio tempus molestie, porttitor ut, iaculis quis, sem.', 85387726, 3490);
INSERT INTO `phone` (`ID`, `DESCRIPTION`, `NUMBER`, `OWNER_ID`) VALUES (506, 'Mobil', '87681412', 275);
INSERT INTO `phone` (`ID`, `DESCRIPTION`, `NUMBER`, `OWNER_ID`) VALUES (507, 'Arbejde', '70181153', 275);
INSERT INTO `phone` (`ID`, `DESCRIPTION`, `NUMBER`, `OWNER_ID`) VALUES (508, 'Bil', '31719234', 275);
INSERT INTO `address` (`id`, `information`, `street`, `city_id`) VALUES (276, '151', 'Hjortekærsvej', 588);
INSERT INTO `company` (`ID`, `name`, `email`, `ADDRESS_ID`, cvr, description, marketValue, numberOfEmployees) VALUES (276, 'Company #276', 'company-27611@yahoo.dk', 276, '#8831580', 'Lorem ipsum dolor sit amet, consectetuer adipiscing elit. Nam quis nulla. Sed vel lectus. Donec odio tempus molestie, porttitor ut, iaculis quis, sem.', 16529344, 1011);
INSERT INTO `phone` (`ID`, `DESCRIPTION`, `NUMBER`, `OWNER_ID`) VALUES (509, 'Mobil', '67194337', 276);
INSERT INTO `phone` (`ID`, `DESCRIPTION`, `NUMBER`, `OWNER_ID`) VALUES (510, 'Feriehjem', '19870388', 276);
INSERT INTO `phone` (`ID`, `DESCRIPTION`, `NUMBER`, `OWNER_ID`) VALUES (511, 'Mobil', '57142525', 276);
INSERT INTO `address` (`id`, `information`, `street`, `city_id`) VALUES (277, '262', 'Møllevangen', 677);
INSERT INTO `company` (`ID`, `name`, `email`, `ADDRESS_ID`, cvr, description, marketValue, numberOfEmployees) VALUES (277, 'Company #277', 'company-277272@outlook.io', 277, '#72706442', 'Lorem ipsum dolor sit amet, consectetuer adipiscing elit. Nam quis nulla. Sed vel lectus. Donec odio tempus molestie, porttitor ut, iaculis quis, sem.', 40188019, 1885);
INSERT INTO `phone` (`ID`, `DESCRIPTION`, `NUMBER`, `OWNER_ID`) VALUES (512, 'Mobil', '33075065', 277);
INSERT INTO `phone` (`ID`, `DESCRIPTION`, `NUMBER`, `OWNER_ID`) VALUES (513, 'Hjem', '99246339', 277);
INSERT INTO `address` (`id`, `information`, `street`, `city_id`) VALUES (278, '454', 'Kronhjortevej', 1130);
INSERT INTO `company` (`ID`, `name`, `email`, `ADDRESS_ID`, cvr, description, marketValue, numberOfEmployees) VALUES (278, 'Company #278', 'company-278243@hotmail.com', 278, '#27677660', 'Lorem ipsum dolor sit amet, consectetuer adipiscing elit. Nam quis nulla. Sed vel lectus. Donec odio tempus molestie, porttitor ut, iaculis quis, sem.', 29944844, 1007);
INSERT INTO `phone` (`ID`, `DESCRIPTION`, `NUMBER`, `OWNER_ID`) VALUES (514, 'Feriehjem', '51439223', 278);
INSERT INTO `phone` (`ID`, `DESCRIPTION`, `NUMBER`, `OWNER_ID`) VALUES (515, 'Bil', '81879994', 278);
INSERT INTO `address` (`id`, `information`, `street`, `city_id`) VALUES (279, '111', 'Ryllevej', 1339);
INSERT INTO `company` (`ID`, `name`, `email`, `ADDRESS_ID`, cvr, description, marketValue, numberOfEmployees) VALUES (279, 'Company #279', 'company-279214@outlook.eu', 279, '#21726712', 'Lorem ipsum dolor sit amet, consectetuer adipiscing elit. Nam quis nulla. Sed vel lectus. Donec odio tempus molestie, porttitor ut, iaculis quis, sem.', 36815005, 4410);
INSERT INTO `phone` (`ID`, `DESCRIPTION`, `NUMBER`, `OWNER_ID`) VALUES (516, 'Hjem', '27079233', 279);
INSERT INTO `phone` (`ID`, `DESCRIPTION`, `NUMBER`, `OWNER_ID`) VALUES (517, 'Arbejde', '75869292', 279);
INSERT INTO `phone` (`ID`, `DESCRIPTION`, `NUMBER`, `OWNER_ID`) VALUES (518, 'Arbejde', '19504838', 279);
INSERT INTO `address` (`id`, `information`, `street`, `city_id`) VALUES (280, '443', 'Østgaardsvej', 629);
INSERT INTO `company` (`ID`, `name`, `email`, `ADDRESS_ID`, cvr, description, marketValue, numberOfEmployees) VALUES (280, 'Company #280', 'company-280138@gmail.io', 280, '#45520072', 'Lorem ipsum dolor sit amet, consectetuer adipiscing elit. Nam quis nulla. Sed vel lectus. Donec odio tempus molestie, porttitor ut, iaculis quis, sem.', 88967868, 3954);
INSERT INTO `phone` (`ID`, `DESCRIPTION`, `NUMBER`, `OWNER_ID`) VALUES (519, 'Bil', '34432088', 280);
INSERT INTO `phone` (`ID`, `DESCRIPTION`, `NUMBER`, `OWNER_ID`) VALUES (520, 'Arbejde', '7168037', 280);
INSERT INTO `address` (`id`, `information`, `street`, `city_id`) VALUES (281, '74', 'Milanovicvej', 1163);
INSERT INTO `company` (`ID`, `name`, `email`, `ADDRESS_ID`, cvr, description, marketValue, numberOfEmployees) VALUES (281, 'Company #281', 'company-281334@zoho.com', 281, '#12596025', 'Lorem ipsum dolor sit amet, consectetuer adipiscing elit. Nam quis nulla. Sed vel lectus. Donec odio tempus molestie, porttitor ut, iaculis quis, sem.', 59979990, 603);
INSERT INTO `phone` (`ID`, `DESCRIPTION`, `NUMBER`, `OWNER_ID`) VALUES (521, 'Arbejde', '11649181', 281);
INSERT INTO `phone` (`ID`, `DESCRIPTION`, `NUMBER`, `OWNER_ID`) VALUES (522, 'Hjem', '90330034', 281);
INSERT INTO `phone` (`ID`, `DESCRIPTION`, `NUMBER`, `OWNER_ID`) VALUES (523, 'Feriehjem', '69521784', 281);
INSERT INTO `address` (`id`, `information`, `street`, `city_id`) VALUES (282, '340', 'Kronhjortevej', 322);
INSERT INTO `company` (`ID`, `name`, `email`, `ADDRESS_ID`, cvr, description, marketValue, numberOfEmployees) VALUES (282, 'Company #282', 'company-28280@outlook.com', 282, '#43626237', 'Lorem ipsum dolor sit amet, consectetuer adipiscing elit. Nam quis nulla. Sed vel lectus. Donec odio tempus molestie, porttitor ut, iaculis quis, sem.', 57372080, 846);
INSERT INTO `phone` (`ID`, `DESCRIPTION`, `NUMBER`, `OWNER_ID`) VALUES (524, 'Feriehjem', '17015911', 282);
INSERT INTO `address` (`id`, `information`, `street`, `city_id`) VALUES (283, '221', 'Møllevangen', 1287);
INSERT INTO `company` (`ID`, `name`, `email`, `ADDRESS_ID`, cvr, description, marketValue, numberOfEmployees) VALUES (283, 'Company #283', 'company-283138@zoho.eu', 283, '#59953019', 'Lorem ipsum dolor sit amet, consectetuer adipiscing elit. Nam quis nulla. Sed vel lectus. Donec odio tempus molestie, porttitor ut, iaculis quis, sem.', 62665831, 1063);
INSERT INTO `phone` (`ID`, `DESCRIPTION`, `NUMBER`, `OWNER_ID`) VALUES (525, 'Feriehjem', '66671013', 283);
INSERT INTO `phone` (`ID`, `DESCRIPTION`, `NUMBER`, `OWNER_ID`) VALUES (526, 'Feriehjem', '26505415', 283);
INSERT INTO `address` (`id`, `information`, `street`, `city_id`) VALUES (284, '74', 'Hjortekærsvej', 121);
INSERT INTO `company` (`ID`, `name`, `email`, `ADDRESS_ID`, cvr, description, marketValue, numberOfEmployees) VALUES (284, 'Company #284', 'company-284245@outlook.dk', 284, '#16291229', 'Lorem ipsum dolor sit amet, consectetuer adipiscing elit. Nam quis nulla. Sed vel lectus. Donec odio tempus molestie, porttitor ut, iaculis quis, sem.', 41306219, 2832);
INSERT INTO `phone` (`ID`, `DESCRIPTION`, `NUMBER`, `OWNER_ID`) VALUES (527, 'Mobil', '98293810', 284);
INSERT INTO `phone` (`ID`, `DESCRIPTION`, `NUMBER`, `OWNER_ID`) VALUES (528, 'Arbejde', '75520120', 284);
INSERT INTO `address` (`id`, `information`, `street`, `city_id`) VALUES (285, '433', 'Østgaardsvej', 1200);
INSERT INTO `company` (`ID`, `name`, `email`, `ADDRESS_ID`, cvr, description, marketValue, numberOfEmployees) VALUES (285, 'Company #285', 'company-285348@yahoo.io', 285, '#59287277', 'Lorem ipsum dolor sit amet, consectetuer adipiscing elit. Nam quis nulla. Sed vel lectus. Donec odio tempus molestie, porttitor ut, iaculis quis, sem.', 13787508, 4244);
INSERT INTO `phone` (`ID`, `DESCRIPTION`, `NUMBER`, `OWNER_ID`) VALUES (529, 'Mobil', '41437886', 285);
INSERT INTO `phone` (`ID`, `DESCRIPTION`, `NUMBER`, `OWNER_ID`) VALUES (530, 'Feriehjem', '3595226', 285);
INSERT INTO `address` (`id`, `information`, `street`, `city_id`) VALUES (286, '337', 'Møllevangen', 221);
INSERT INTO `company` (`ID`, `name`, `email`, `ADDRESS_ID`, cvr, description, marketValue, numberOfEmployees) VALUES (286, 'Company #286', 'company-286476@zoho.io', 286, '#31064636', 'Lorem ipsum dolor sit amet, consectetuer adipiscing elit. Nam quis nulla. Sed vel lectus. Donec odio tempus molestie, porttitor ut, iaculis quis, sem.', 2029830, 2045);
INSERT INTO `phone` (`ID`, `DESCRIPTION`, `NUMBER`, `OWNER_ID`) VALUES (531, 'Hjem', '42631914', 286);
INSERT INTO `phone` (`ID`, `DESCRIPTION`, `NUMBER`, `OWNER_ID`) VALUES (532, 'Mobil', '40006537', 286);
INSERT INTO `address` (`id`, `information`, `street`, `city_id`) VALUES (287, '138', 'Møllevangen', 453);
INSERT INTO `company` (`ID`, `name`, `email`, `ADDRESS_ID`, cvr, description, marketValue, numberOfEmployees) VALUES (287, 'Company #287', 'company-287195@protonmail.io', 287, '#57001191', 'Lorem ipsum dolor sit amet, consectetuer adipiscing elit. Nam quis nulla. Sed vel lectus. Donec odio tempus molestie, porttitor ut, iaculis quis, sem.', 623093, 1481);
INSERT INTO `phone` (`ID`, `DESCRIPTION`, `NUMBER`, `OWNER_ID`) VALUES (533, 'Feriehjem', '38490061', 287);
INSERT INTO `phone` (`ID`, `DESCRIPTION`, `NUMBER`, `OWNER_ID`) VALUES (534, 'Hjem', '44034185', 287);
INSERT INTO `phone` (`ID`, `DESCRIPTION`, `NUMBER`, `OWNER_ID`) VALUES (535, 'Bil', '14646200', 287);
INSERT INTO `address` (`id`, `information`, `street`, `city_id`) VALUES (288, '42', 'Ryllevej', 895);
INSERT INTO `company` (`ID`, `name`, `email`, `ADDRESS_ID`, cvr, description, marketValue, numberOfEmployees) VALUES (288, 'Company #288', 'company-288128@protonmail.com', 288, '#46834555', 'Lorem ipsum dolor sit amet, consectetuer adipiscing elit. Nam quis nulla. Sed vel lectus. Donec odio tempus molestie, porttitor ut, iaculis quis, sem.', 36061839, 3812);
INSERT INTO `phone` (`ID`, `DESCRIPTION`, `NUMBER`, `OWNER_ID`) VALUES (536, 'Mobil', '70775978', 288);
INSERT INTO `phone` (`ID`, `DESCRIPTION`, `NUMBER`, `OWNER_ID`) VALUES (537, 'Feriehjem', '585496', 288);
INSERT INTO `phone` (`ID`, `DESCRIPTION`, `NUMBER`, `OWNER_ID`) VALUES (538, 'Feriehjem', '726964', 288);
INSERT INTO `address` (`id`, `information`, `street`, `city_id`) VALUES (289, '458', 'Kullevej', 737);
INSERT INTO `company` (`ID`, `name`, `email`, `ADDRESS_ID`, cvr, description, marketValue, numberOfEmployees) VALUES (289, 'Company #289', 'company-289492@hotmail.eu', 289, '#41254663', 'Lorem ipsum dolor sit amet, consectetuer adipiscing elit. Nam quis nulla. Sed vel lectus. Donec odio tempus molestie, porttitor ut, iaculis quis, sem.', 83226021, 2664);
INSERT INTO `phone` (`ID`, `DESCRIPTION`, `NUMBER`, `OWNER_ID`) VALUES (539, 'Feriehjem', '21158065', 289);
INSERT INTO `address` (`id`, `information`, `street`, `city_id`) VALUES (290, '457', 'Hjortekærsvej', 895);
INSERT INTO `company` (`ID`, `name`, `email`, `ADDRESS_ID`, cvr, description, marketValue, numberOfEmployees) VALUES (290, 'Company #290', 'company-290477@zoho.com', 290, '#7782612', 'Lorem ipsum dolor sit amet, consectetuer adipiscing elit. Nam quis nulla. Sed vel lectus. Donec odio tempus molestie, porttitor ut, iaculis quis, sem.', 24949296, 226);
INSERT INTO `phone` (`ID`, `DESCRIPTION`, `NUMBER`, `OWNER_ID`) VALUES (540, 'Hjem', '6062140', 290);
INSERT INTO `phone` (`ID`, `DESCRIPTION`, `NUMBER`, `OWNER_ID`) VALUES (541, 'Hjem', '35097236', 290);
INSERT INTO `phone` (`ID`, `DESCRIPTION`, `NUMBER`, `OWNER_ID`) VALUES (542, 'Mobil', '97258542', 290);
INSERT INTO `address` (`id`, `information`, `street`, `city_id`) VALUES (291, '101', 'Møllevangen', 741);
INSERT INTO `company` (`ID`, `name`, `email`, `ADDRESS_ID`, cvr, description, marketValue, numberOfEmployees) VALUES (291, 'Company #291', 'company-291321@outlook.eu', 291, '#83310527', 'Lorem ipsum dolor sit amet, consectetuer adipiscing elit. Nam quis nulla. Sed vel lectus. Donec odio tempus molestie, porttitor ut, iaculis quis, sem.', 32304231, 3782);
INSERT INTO `phone` (`ID`, `DESCRIPTION`, `NUMBER`, `OWNER_ID`) VALUES (543, 'Mobil', '65728127', 291);
INSERT INTO `phone` (`ID`, `DESCRIPTION`, `NUMBER`, `OWNER_ID`) VALUES (544, 'Feriehjem', '30808573', 291);
INSERT INTO `address` (`id`, `information`, `street`, `city_id`) VALUES (292, '383', 'Østgaardsvej', 331);
INSERT INTO `company` (`ID`, `name`, `email`, `ADDRESS_ID`, cvr, description, marketValue, numberOfEmployees) VALUES (292, 'Company #292', 'company-292430@hotmail.io', 292, '#98168260', 'Lorem ipsum dolor sit amet, consectetuer adipiscing elit. Nam quis nulla. Sed vel lectus. Donec odio tempus molestie, porttitor ut, iaculis quis, sem.', 62617353, 996);
INSERT INTO `phone` (`ID`, `DESCRIPTION`, `NUMBER`, `OWNER_ID`) VALUES (545, 'Arbejde', '63017672', 292);
INSERT INTO `address` (`id`, `information`, `street`, `city_id`) VALUES (293, '383', 'Ryllevej', 739);
INSERT INTO `company` (`ID`, `name`, `email`, `ADDRESS_ID`, cvr, description, marketValue, numberOfEmployees) VALUES (293, 'Company #293', 'company-293265@yahoo.eu', 293, '#59754054', 'Lorem ipsum dolor sit amet, consectetuer adipiscing elit. Nam quis nulla. Sed vel lectus. Donec odio tempus molestie, porttitor ut, iaculis quis, sem.', 74794685, 4941);
INSERT INTO `phone` (`ID`, `DESCRIPTION`, `NUMBER`, `OWNER_ID`) VALUES (546, 'Hjem', '6700990', 293);
INSERT INTO `phone` (`ID`, `DESCRIPTION`, `NUMBER`, `OWNER_ID`) VALUES (547, 'Hjem', '53973882', 293);
INSERT INTO `address` (`id`, `information`, `street`, `city_id`) VALUES (294, '134', 'Kullevej', 284);
INSERT INTO `company` (`ID`, `name`, `email`, `ADDRESS_ID`, cvr, description, marketValue, numberOfEmployees) VALUES (294, 'Company #294', 'company-29451@outlook.com', 294, '#76984555', 'Lorem ipsum dolor sit amet, consectetuer adipiscing elit. Nam quis nulla. Sed vel lectus. Donec odio tempus molestie, porttitor ut, iaculis quis, sem.', 44886367, 2965);
INSERT INTO `phone` (`ID`, `DESCRIPTION`, `NUMBER`, `OWNER_ID`) VALUES (548, 'Feriehjem', '36340197', 294);
INSERT INTO `phone` (`ID`, `DESCRIPTION`, `NUMBER`, `OWNER_ID`) VALUES (549, 'Hjem', '8078971', 294);
INSERT INTO `address` (`id`, `information`, `street`, `city_id`) VALUES (295, '106', 'Møllevangen', 1222);
INSERT INTO `company` (`ID`, `name`, `email`, `ADDRESS_ID`, cvr, description, marketValue, numberOfEmployees) VALUES (295, 'Company #295', 'company-295332@gmail.eu', 295, '#12269638', 'Lorem ipsum dolor sit amet, consectetuer adipiscing elit. Nam quis nulla. Sed vel lectus. Donec odio tempus molestie, porttitor ut, iaculis quis, sem.', 46324594, 2152);
INSERT INTO `phone` (`ID`, `DESCRIPTION`, `NUMBER`, `OWNER_ID`) VALUES (550, 'Feriehjem', '47373975', 295);
INSERT INTO `phone` (`ID`, `DESCRIPTION`, `NUMBER`, `OWNER_ID`) VALUES (551, 'Arbejde', '45028554', 295);
INSERT INTO `phone` (`ID`, `DESCRIPTION`, `NUMBER`, `OWNER_ID`) VALUES (552, 'Hjem', '80698480', 295);
INSERT INTO `address` (`id`, `information`, `street`, `city_id`) VALUES (296, '107', 'Kullevej', 1309);
INSERT INTO `company` (`ID`, `name`, `email`, `ADDRESS_ID`, cvr, description, marketValue, numberOfEmployees) VALUES (296, 'Company #296', 'company-296377@zoho.eu', 296, '#30178430', 'Lorem ipsum dolor sit amet, consectetuer adipiscing elit. Nam quis nulla. Sed vel lectus. Donec odio tempus molestie, porttitor ut, iaculis quis, sem.', 60030145, 3341);
INSERT INTO `phone` (`ID`, `DESCRIPTION`, `NUMBER`, `OWNER_ID`) VALUES (553, 'Hjem', '49460965', 296);
INSERT INTO `phone` (`ID`, `DESCRIPTION`, `NUMBER`, `OWNER_ID`) VALUES (554, 'Feriehjem', '97045666', 296);
INSERT INTO `address` (`id`, `information`, `street`, `city_id`) VALUES (297, '494', 'Ryllevej', 1003);
INSERT INTO `company` (`ID`, `name`, `email`, `ADDRESS_ID`, cvr, description, marketValue, numberOfEmployees) VALUES (297, 'Company #297', 'company-297417@zoho.dk', 297, '#84914504', 'Lorem ipsum dolor sit amet, consectetuer adipiscing elit. Nam quis nulla. Sed vel lectus. Donec odio tempus molestie, porttitor ut, iaculis quis, sem.', 95102785, 623);
INSERT INTO `phone` (`ID`, `DESCRIPTION`, `NUMBER`, `OWNER_ID`) VALUES (555, 'Feriehjem', '70436122', 297);
INSERT INTO `phone` (`ID`, `DESCRIPTION`, `NUMBER`, `OWNER_ID`) VALUES (556, 'Hjem', '64664771', 297);
INSERT INTO `address` (`id`, `information`, `street`, `city_id`) VALUES (298, '311', 'Baunebjergvej', 81);
INSERT INTO `company` (`ID`, `name`, `email`, `ADDRESS_ID`, cvr, description, marketValue, numberOfEmployees) VALUES (298, 'Company #298', 'company-298388@zoho.io', 298, '#62722570', 'Lorem ipsum dolor sit amet, consectetuer adipiscing elit. Nam quis nulla. Sed vel lectus. Donec odio tempus molestie, porttitor ut, iaculis quis, sem.', 12499290, 2518);
INSERT INTO `phone` (`ID`, `DESCRIPTION`, `NUMBER`, `OWNER_ID`) VALUES (557, 'Mobil', '57035431', 298);
INSERT INTO `phone` (`ID`, `DESCRIPTION`, `NUMBER`, `OWNER_ID`) VALUES (558, 'Bil', '16823342', 298);
INSERT INTO `address` (`id`, `information`, `street`, `city_id`) VALUES (299, '358', 'Østgaardsvej', 1051);
INSERT INTO `company` (`ID`, `name`, `email`, `ADDRESS_ID`, cvr, description, marketValue, numberOfEmployees) VALUES (299, 'Company #299', 'company-29913@zoho.com', 299, '#14844723', 'Lorem ipsum dolor sit amet, consectetuer adipiscing elit. Nam quis nulla. Sed vel lectus. Donec odio tempus molestie, porttitor ut, iaculis quis, sem.', 80986130, 1425);
INSERT INTO `phone` (`ID`, `DESCRIPTION`, `NUMBER`, `OWNER_ID`) VALUES (559, 'Hjem', '7206710', 299);
INSERT INTO `phone` (`ID`, `DESCRIPTION`, `NUMBER`, `OWNER_ID`) VALUES (560, 'Hjem', '39012247', 299);
INSERT INTO `phone` (`ID`, `DESCRIPTION`, `NUMBER`, `OWNER_ID`) VALUES (561, 'Mobil', '75054194', 299);
INSERT INTO `address` (`id`, `information`, `street`, `city_id`) VALUES (300, '194', 'Milanovicvej', 1272);
INSERT INTO `company` (`ID`, `name`, `email`, `ADDRESS_ID`, cvr, description, marketValue, numberOfEmployees) VALUES (300, 'Company #300', 'company-300278@hotmail.eu', 300, '#63148133', 'Lorem ipsum dolor sit amet, consectetuer adipiscing elit. Nam quis nulla. Sed vel lectus. Donec odio tempus molestie, porttitor ut, iaculis quis, sem.', 6677473, 4133);
INSERT INTO `phone` (`ID`, `DESCRIPTION`, `NUMBER`, `OWNER_ID`) VALUES (562, 'Feriehjem', '35645035', 300);
INSERT INTO `phone` (`ID`, `DESCRIPTION`, `NUMBER`, `OWNER_ID`) VALUES (563, 'Feriehjem', '45040563', 300);
INSERT INTO `phone` (`ID`, `DESCRIPTION`, `NUMBER`, `OWNER_ID`) VALUES (564, 'Hjem', '17454822', 300);
INSERT INTO `address` (`id`, `information`, `street`, `city_id`) VALUES (301, '223', 'Møllevangen', 910);
INSERT INTO `company` (`ID`, `name`, `email`, `ADDRESS_ID`, cvr, description, marketValue, numberOfEmployees) VALUES (301, 'Company #301', 'company-301487@protonmail.io', 301, '#12521755', 'Lorem ipsum dolor sit amet, consectetuer adipiscing elit. Nam quis nulla. Sed vel lectus. Donec odio tempus molestie, porttitor ut, iaculis quis, sem.', 99940953, 1583);
INSERT INTO `phone` (`ID`, `DESCRIPTION`, `NUMBER`, `OWNER_ID`) VALUES (565, 'Arbejde', '7913153', 301);
INSERT INTO `phone` (`ID`, `DESCRIPTION`, `NUMBER`, `OWNER_ID`) VALUES (566, 'Bil', '81876335', 301);
INSERT INTO `address` (`id`, `information`, `street`, `city_id`) VALUES (302, '325', 'Østgaardsvej', 36);
INSERT INTO `company` (`ID`, `name`, `email`, `ADDRESS_ID`, cvr, description, marketValue, numberOfEmployees) VALUES (302, 'Company #302', 'company-302340@outlook.com', 302, '#29899027', 'Lorem ipsum dolor sit amet, consectetuer adipiscing elit. Nam quis nulla. Sed vel lectus. Donec odio tempus molestie, porttitor ut, iaculis quis, sem.', 19188181, 2740);
INSERT INTO `phone` (`ID`, `DESCRIPTION`, `NUMBER`, `OWNER_ID`) VALUES (567, 'Arbejde', '88429362', 302);
INSERT INTO `phone` (`ID`, `DESCRIPTION`, `NUMBER`, `OWNER_ID`) VALUES (568, 'Arbejde', '21562969', 302);
INSERT INTO `phone` (`ID`, `DESCRIPTION`, `NUMBER`, `OWNER_ID`) VALUES (569, 'Bil', '4098696', 302);
INSERT INTO `address` (`id`, `information`, `street`, `city_id`) VALUES (303, '298', 'Hjortekærsvej', 614);
INSERT INTO `company` (`ID`, `name`, `email`, `ADDRESS_ID`, cvr, description, marketValue, numberOfEmployees) VALUES (303, 'Company #303', 'company-303295@yahoo.io', 303, '#90116961', 'Lorem ipsum dolor sit amet, consectetuer adipiscing elit. Nam quis nulla. Sed vel lectus. Donec odio tempus molestie, porttitor ut, iaculis quis, sem.', 14553509, 3759);
INSERT INTO `phone` (`ID`, `DESCRIPTION`, `NUMBER`, `OWNER_ID`) VALUES (570, 'Bil', '14366885', 303);
INSERT INTO `phone` (`ID`, `DESCRIPTION`, `NUMBER`, `OWNER_ID`) VALUES (571, 'Arbejde', '17629756', 303);
INSERT INTO `phone` (`ID`, `DESCRIPTION`, `NUMBER`, `OWNER_ID`) VALUES (572, 'Hjem', '87670275', 303);
INSERT INTO `address` (`id`, `information`, `street`, `city_id`) VALUES (304, '487', 'Baunebjergvej', 1106);
INSERT INTO `company` (`ID`, `name`, `email`, `ADDRESS_ID`, cvr, description, marketValue, numberOfEmployees) VALUES (304, 'Company #304', 'company-304435@protonmail.io', 304, '#93019858', 'Lorem ipsum dolor sit amet, consectetuer adipiscing elit. Nam quis nulla. Sed vel lectus. Donec odio tempus molestie, porttitor ut, iaculis quis, sem.', 92193532, 4750);
INSERT INTO `phone` (`ID`, `DESCRIPTION`, `NUMBER`, `OWNER_ID`) VALUES (573, 'Bil', '73308070', 304);
INSERT INTO `phone` (`ID`, `DESCRIPTION`, `NUMBER`, `OWNER_ID`) VALUES (574, 'Feriehjem', '11599028', 304);
INSERT INTO `phone` (`ID`, `DESCRIPTION`, `NUMBER`, `OWNER_ID`) VALUES (575, 'Arbejde', '49475868', 304);
INSERT INTO `address` (`id`, `information`, `street`, `city_id`) VALUES (305, '82', 'Møllevangen', 163);
INSERT INTO `company` (`ID`, `name`, `email`, `ADDRESS_ID`, cvr, description, marketValue, numberOfEmployees) VALUES (305, 'Company #305', 'company-305433@zoho.eu', 305, '#82393465', 'Lorem ipsum dolor sit amet, consectetuer adipiscing elit. Nam quis nulla. Sed vel lectus. Donec odio tempus molestie, porttitor ut, iaculis quis, sem.', 4010629, 2812);
INSERT INTO `phone` (`ID`, `DESCRIPTION`, `NUMBER`, `OWNER_ID`) VALUES (576, 'Mobil', '31844399', 305);
INSERT INTO `address` (`id`, `information`, `street`, `city_id`) VALUES (306, '53', 'Milanovicvej', 1081);
INSERT INTO `company` (`ID`, `name`, `email`, `ADDRESS_ID`, cvr, description, marketValue, numberOfEmployees) VALUES (306, 'Company #306', 'company-306189@outlook.io', 306, '#93733161', 'Lorem ipsum dolor sit amet, consectetuer adipiscing elit. Nam quis nulla. Sed vel lectus. Donec odio tempus molestie, porttitor ut, iaculis quis, sem.', 46855782, 2200);
INSERT INTO `phone` (`ID`, `DESCRIPTION`, `NUMBER`, `OWNER_ID`) VALUES (577, 'Mobil', '61208587', 306);
INSERT INTO `address` (`id`, `information`, `street`, `city_id`) VALUES (307, '165', 'Kullevej', 1139);
INSERT INTO `company` (`ID`, `name`, `email`, `ADDRESS_ID`, cvr, description, marketValue, numberOfEmployees) VALUES (307, 'Company #307', 'company-30717@gmail.io', 307, '#39288043', 'Lorem ipsum dolor sit amet, consectetuer adipiscing elit. Nam quis nulla. Sed vel lectus. Donec odio tempus molestie, porttitor ut, iaculis quis, sem.', 67988133, 1015);
INSERT INTO `phone` (`ID`, `DESCRIPTION`, `NUMBER`, `OWNER_ID`) VALUES (578, 'Feriehjem', '81309270', 307);
INSERT INTO `phone` (`ID`, `DESCRIPTION`, `NUMBER`, `OWNER_ID`) VALUES (579, 'Bil', '26658673', 307);
INSERT INTO `address` (`id`, `information`, `street`, `city_id`) VALUES (308, '193', 'Kullevej', 279);
INSERT INTO `company` (`ID`, `name`, `email`, `ADDRESS_ID`, cvr, description, marketValue, numberOfEmployees) VALUES (308, 'Company #308', 'company-308121@hotmail.com', 308, '#48229983', 'Lorem ipsum dolor sit amet, consectetuer adipiscing elit. Nam quis nulla. Sed vel lectus. Donec odio tempus molestie, porttitor ut, iaculis quis, sem.', 12961021, 1311);
INSERT INTO `phone` (`ID`, `DESCRIPTION`, `NUMBER`, `OWNER_ID`) VALUES (580, 'Hjem', '51484905', 308);
INSERT INTO `phone` (`ID`, `DESCRIPTION`, `NUMBER`, `OWNER_ID`) VALUES (581, 'Arbejde', '82898606', 308);
INSERT INTO `address` (`id`, `information`, `street`, `city_id`) VALUES (309, '418', 'Kullevej', 1309);
INSERT INTO `company` (`ID`, `name`, `email`, `ADDRESS_ID`, cvr, description, marketValue, numberOfEmployees) VALUES (309, 'Company #309', 'company-309457@zoho.dk', 309, '#97312510', 'Lorem ipsum dolor sit amet, consectetuer adipiscing elit. Nam quis nulla. Sed vel lectus. Donec odio tempus molestie, porttitor ut, iaculis quis, sem.', 59362519, 467);
INSERT INTO `phone` (`ID`, `DESCRIPTION`, `NUMBER`, `OWNER_ID`) VALUES (582, 'Hjem', '14741426', 309);
INSERT INTO `address` (`id`, `information`, `street`, `city_id`) VALUES (310, '225', 'Hjortekærsvej', 1055);
INSERT INTO `company` (`ID`, `name`, `email`, `ADDRESS_ID`, cvr, description, marketValue, numberOfEmployees) VALUES (310, 'Company #310', 'company-310214@gmail.dk', 310, '#97887384', 'Lorem ipsum dolor sit amet, consectetuer adipiscing elit. Nam quis nulla. Sed vel lectus. Donec odio tempus molestie, porttitor ut, iaculis quis, sem.', 72673019, 869);
INSERT INTO `phone` (`ID`, `DESCRIPTION`, `NUMBER`, `OWNER_ID`) VALUES (583, 'Arbejde', '14406087', 310);
INSERT INTO `address` (`id`, `information`, `street`, `city_id`) VALUES (311, '118', 'Milanovicvej', 931);
INSERT INTO `company` (`ID`, `name`, `email`, `ADDRESS_ID`, cvr, description, marketValue, numberOfEmployees) VALUES (311, 'Company #311', 'company-311289@yahoo.dk', 311, '#81133891', 'Lorem ipsum dolor sit amet, consectetuer adipiscing elit. Nam quis nulla. Sed vel lectus. Donec odio tempus molestie, porttitor ut, iaculis quis, sem.', 53905029, 1233);
INSERT INTO `phone` (`ID`, `DESCRIPTION`, `NUMBER`, `OWNER_ID`) VALUES (584, 'Arbejde', '77595621', 311);
INSERT INTO `phone` (`ID`, `DESCRIPTION`, `NUMBER`, `OWNER_ID`) VALUES (585, 'Feriehjem', '70950009', 311);
INSERT INTO `address` (`id`, `information`, `street`, `city_id`) VALUES (312, '275', 'Hjortekærsvej', 1203);
INSERT INTO `company` (`ID`, `name`, `email`, `ADDRESS_ID`, cvr, description, marketValue, numberOfEmployees) VALUES (312, 'Company #312', 'company-31217@gmail.com', 312, '#27190021', 'Lorem ipsum dolor sit amet, consectetuer adipiscing elit. Nam quis nulla. Sed vel lectus. Donec odio tempus molestie, porttitor ut, iaculis quis, sem.', 82998996, 1896);
INSERT INTO `phone` (`ID`, `DESCRIPTION`, `NUMBER`, `OWNER_ID`) VALUES (586, 'Bil', '71638116', 312);
INSERT INTO `phone` (`ID`, `DESCRIPTION`, `NUMBER`, `OWNER_ID`) VALUES (587, 'Bil', '13912783', 312);
INSERT INTO `address` (`id`, `information`, `street`, `city_id`) VALUES (313, '274', 'Kronhjortevej', 1312);
INSERT INTO `company` (`ID`, `name`, `email`, `ADDRESS_ID`, cvr, description, marketValue, numberOfEmployees) VALUES (313, 'Company #313', 'company-313260@outlook.eu', 313, '#82464597', 'Lorem ipsum dolor sit amet, consectetuer adipiscing elit. Nam quis nulla. Sed vel lectus. Donec odio tempus molestie, porttitor ut, iaculis quis, sem.', 51198229, 3171);
INSERT INTO `phone` (`ID`, `DESCRIPTION`, `NUMBER`, `OWNER_ID`) VALUES (588, 'Arbejde', '80928337', 313);
INSERT INTO `phone` (`ID`, `DESCRIPTION`, `NUMBER`, `OWNER_ID`) VALUES (589, 'Feriehjem', '71985358', 313);
INSERT INTO `phone` (`ID`, `DESCRIPTION`, `NUMBER`, `OWNER_ID`) VALUES (590, 'Feriehjem', '69560152', 313);
INSERT INTO `address` (`id`, `information`, `street`, `city_id`) VALUES (314, '101', 'Møllevangen', 309);
INSERT INTO `company` (`ID`, `name`, `email`, `ADDRESS_ID`, cvr, description, marketValue, numberOfEmployees) VALUES (314, 'Company #314', 'company-314350@yahoo.com', 314, '#7571313', 'Lorem ipsum dolor sit amet, consectetuer adipiscing elit. Nam quis nulla. Sed vel lectus. Donec odio tempus molestie, porttitor ut, iaculis quis, sem.', 11950050, 4464);
INSERT INTO `phone` (`ID`, `DESCRIPTION`, `NUMBER`, `OWNER_ID`) VALUES (591, 'Arbejde', '46092181', 314);
INSERT INTO `phone` (`ID`, `DESCRIPTION`, `NUMBER`, `OWNER_ID`) VALUES (592, 'Mobil', '57493267', 314);
INSERT INTO `phone` (`ID`, `DESCRIPTION`, `NUMBER`, `OWNER_ID`) VALUES (593, 'Feriehjem', '89155916', 314);
INSERT INTO `address` (`id`, `information`, `street`, `city_id`) VALUES (315, '192', 'Møllevangen', 38);
INSERT INTO `company` (`ID`, `name`, `email`, `ADDRESS_ID`, cvr, description, marketValue, numberOfEmployees) VALUES (315, 'Company #315', 'company-315194@outlook.io', 315, '#57856889', 'Lorem ipsum dolor sit amet, consectetuer adipiscing elit. Nam quis nulla. Sed vel lectus. Donec odio tempus molestie, porttitor ut, iaculis quis, sem.', 74516574, 4811);
INSERT INTO `phone` (`ID`, `DESCRIPTION`, `NUMBER`, `OWNER_ID`) VALUES (594, 'Hjem', '15557544', 315);
INSERT INTO `phone` (`ID`, `DESCRIPTION`, `NUMBER`, `OWNER_ID`) VALUES (595, 'Mobil', '48468852', 315);
INSERT INTO `phone` (`ID`, `DESCRIPTION`, `NUMBER`, `OWNER_ID`) VALUES (596, 'Feriehjem', '80209757', 315);
INSERT INTO `address` (`id`, `information`, `street`, `city_id`) VALUES (316, '321', 'Kullevej', 476);
INSERT INTO `company` (`ID`, `name`, `email`, `ADDRESS_ID`, cvr, description, marketValue, numberOfEmployees) VALUES (316, 'Company #316', 'company-316256@hotmail.dk', 316, '#89429254', 'Lorem ipsum dolor sit amet, consectetuer adipiscing elit. Nam quis nulla. Sed vel lectus. Donec odio tempus molestie, porttitor ut, iaculis quis, sem.', 91554520, 1772);
INSERT INTO `phone` (`ID`, `DESCRIPTION`, `NUMBER`, `OWNER_ID`) VALUES (597, 'Mobil', '79030779', 316);
INSERT INTO `phone` (`ID`, `DESCRIPTION`, `NUMBER`, `OWNER_ID`) VALUES (598, 'Bil', '63388537', 316);
INSERT INTO `address` (`id`, `information`, `street`, `city_id`) VALUES (317, '319', 'Ryllevej', 423);
INSERT INTO `company` (`ID`, `name`, `email`, `ADDRESS_ID`, cvr, description, marketValue, numberOfEmployees) VALUES (317, 'Company #317', 'company-31778@gmail.eu', 317, '#9915050', 'Lorem ipsum dolor sit amet, consectetuer adipiscing elit. Nam quis nulla. Sed vel lectus. Donec odio tempus molestie, porttitor ut, iaculis quis, sem.', 93986246, 3668);
INSERT INTO `phone` (`ID`, `DESCRIPTION`, `NUMBER`, `OWNER_ID`) VALUES (599, 'Bil', '44267954', 317);
INSERT INTO `phone` (`ID`, `DESCRIPTION`, `NUMBER`, `OWNER_ID`) VALUES (600, 'Hjem', '69935252', 317);
INSERT INTO `phone` (`ID`, `DESCRIPTION`, `NUMBER`, `OWNER_ID`) VALUES (601, 'Feriehjem', '98912770', 317);
INSERT INTO `address` (`id`, `information`, `street`, `city_id`) VALUES (318, '2', 'Hjortekærsvej', 505);
INSERT INTO `company` (`ID`, `name`, `email`, `ADDRESS_ID`, cvr, description, marketValue, numberOfEmployees) VALUES (318, 'Company #318', 'company-318330@protonmail.io', 318, '#25440767', 'Lorem ipsum dolor sit amet, consectetuer adipiscing elit. Nam quis nulla. Sed vel lectus. Donec odio tempus molestie, porttitor ut, iaculis quis, sem.', 57269623, 1016);
INSERT INTO `phone` (`ID`, `DESCRIPTION`, `NUMBER`, `OWNER_ID`) VALUES (602, 'Arbejde', '51507910', 318);
INSERT INTO `phone` (`ID`, `DESCRIPTION`, `NUMBER`, `OWNER_ID`) VALUES (603, 'Hjem', '23000301', 318);
INSERT INTO `phone` (`ID`, `DESCRIPTION`, `NUMBER`, `OWNER_ID`) VALUES (604, 'Arbejde', '85374964', 318);
INSERT INTO `address` (`id`, `information`, `street`, `city_id`) VALUES (319, '223', 'Møllevangen', 426);
INSERT INTO `company` (`ID`, `name`, `email`, `ADDRESS_ID`, cvr, description, marketValue, numberOfEmployees) VALUES (319, 'Company #319', 'company-319349@outlook.dk', 319, '#46241340', 'Lorem ipsum dolor sit amet, consectetuer adipiscing elit. Nam quis nulla. Sed vel lectus. Donec odio tempus molestie, porttitor ut, iaculis quis, sem.', 94094427, 817);
INSERT INTO `phone` (`ID`, `DESCRIPTION`, `NUMBER`, `OWNER_ID`) VALUES (605, 'Hjem', '71521349', 319);
INSERT INTO `phone` (`ID`, `DESCRIPTION`, `NUMBER`, `OWNER_ID`) VALUES (606, 'Arbejde', '91088665', 319);
INSERT INTO `phone` (`ID`, `DESCRIPTION`, `NUMBER`, `OWNER_ID`) VALUES (607, 'Mobil', '78284591', 319);
INSERT INTO `address` (`id`, `information`, `street`, `city_id`) VALUES (320, '393', 'Østgaardsvej', 442);
INSERT INTO `company` (`ID`, `name`, `email`, `ADDRESS_ID`, cvr, description, marketValue, numberOfEmployees) VALUES (320, 'Company #320', 'company-320112@hotmail.dk', 320, '#73178786', 'Lorem ipsum dolor sit amet, consectetuer adipiscing elit. Nam quis nulla. Sed vel lectus. Donec odio tempus molestie, porttitor ut, iaculis quis, sem.', 16791632, 3320);
INSERT INTO `phone` (`ID`, `DESCRIPTION`, `NUMBER`, `OWNER_ID`) VALUES (608, 'Hjem', '45352793', 320);
INSERT INTO `phone` (`ID`, `DESCRIPTION`, `NUMBER`, `OWNER_ID`) VALUES (609, 'Feriehjem', '10777065', 320);
INSERT INTO `address` (`id`, `information`, `street`, `city_id`) VALUES (321, '363', 'Møllevangen', 887);
INSERT INTO `company` (`ID`, `name`, `email`, `ADDRESS_ID`, cvr, description, marketValue, numberOfEmployees) VALUES (321, 'Company #321', 'company-32183@protonmail.dk', 321, '#67946593', 'Lorem ipsum dolor sit amet, consectetuer adipiscing elit. Nam quis nulla. Sed vel lectus. Donec odio tempus molestie, porttitor ut, iaculis quis, sem.', 75759801, 1362);
INSERT INTO `phone` (`ID`, `DESCRIPTION`, `NUMBER`, `OWNER_ID`) VALUES (610, 'Bil', '15317856', 321);
INSERT INTO `phone` (`ID`, `DESCRIPTION`, `NUMBER`, `OWNER_ID`) VALUES (611, 'Feriehjem', '39436273', 321);
INSERT INTO `phone` (`ID`, `DESCRIPTION`, `NUMBER`, `OWNER_ID`) VALUES (612, 'Feriehjem', '12449855', 321);
INSERT INTO `address` (`id`, `information`, `street`, `city_id`) VALUES (322, '489', 'Baunebjergvej', 546);
INSERT INTO `company` (`ID`, `name`, `email`, `ADDRESS_ID`, cvr, description, marketValue, numberOfEmployees) VALUES (322, 'Company #322', 'company-322438@zoho.io', 322, '#11424536', 'Lorem ipsum dolor sit amet, consectetuer adipiscing elit. Nam quis nulla. Sed vel lectus. Donec odio tempus molestie, porttitor ut, iaculis quis, sem.', 32649494, 1963);
INSERT INTO `phone` (`ID`, `DESCRIPTION`, `NUMBER`, `OWNER_ID`) VALUES (613, 'Feriehjem', '1024202', 322);
INSERT INTO `phone` (`ID`, `DESCRIPTION`, `NUMBER`, `OWNER_ID`) VALUES (614, 'Arbejde', '85534796', 322);
INSERT INTO `phone` (`ID`, `DESCRIPTION`, `NUMBER`, `OWNER_ID`) VALUES (615, 'Feriehjem', '8047227', 322);
INSERT INTO `address` (`id`, `information`, `street`, `city_id`) VALUES (323, '307', 'Baunebjergvej', 449);
INSERT INTO `company` (`ID`, `name`, `email`, `ADDRESS_ID`, cvr, description, marketValue, numberOfEmployees) VALUES (323, 'Company #323', 'company-323116@zoho.dk', 323, '#40516616', 'Lorem ipsum dolor sit amet, consectetuer adipiscing elit. Nam quis nulla. Sed vel lectus. Donec odio tempus molestie, porttitor ut, iaculis quis, sem.', 65309773, 3194);
INSERT INTO `phone` (`ID`, `DESCRIPTION`, `NUMBER`, `OWNER_ID`) VALUES (616, 'Arbejde', '22130885', 323);
INSERT INTO `phone` (`ID`, `DESCRIPTION`, `NUMBER`, `OWNER_ID`) VALUES (617, 'Mobil', '23087752', 323);
INSERT INTO `phone` (`ID`, `DESCRIPTION`, `NUMBER`, `OWNER_ID`) VALUES (618, 'Mobil', '56077932', 323);
INSERT INTO `address` (`id`, `information`, `street`, `city_id`) VALUES (324, '298', 'Hjortekærsvej', 989);
INSERT INTO `company` (`ID`, `name`, `email`, `ADDRESS_ID`, cvr, description, marketValue, numberOfEmployees) VALUES (324, 'Company #324', 'company-324225@zoho.com', 324, '#44299035', 'Lorem ipsum dolor sit amet, consectetuer adipiscing elit. Nam quis nulla. Sed vel lectus. Donec odio tempus molestie, porttitor ut, iaculis quis, sem.', 81350783, 4062);
INSERT INTO `phone` (`ID`, `DESCRIPTION`, `NUMBER`, `OWNER_ID`) VALUES (619, 'Mobil', '93068210', 324);
INSERT INTO `address` (`id`, `information`, `street`, `city_id`) VALUES (325, '38', 'Hjortekærsvej', 76);
INSERT INTO `company` (`ID`, `name`, `email`, `ADDRESS_ID`, cvr, description, marketValue, numberOfEmployees) VALUES (325, 'Company #325', 'company-325161@outlook.eu', 325, '#53648506', 'Lorem ipsum dolor sit amet, consectetuer adipiscing elit. Nam quis nulla. Sed vel lectus. Donec odio tempus molestie, porttitor ut, iaculis quis, sem.', 7914288, 1633);
INSERT INTO `phone` (`ID`, `DESCRIPTION`, `NUMBER`, `OWNER_ID`) VALUES (620, 'Bil', '57376453', 325);
INSERT INTO `phone` (`ID`, `DESCRIPTION`, `NUMBER`, `OWNER_ID`) VALUES (621, 'Bil', '76123433', 325);
INSERT INTO `address` (`id`, `information`, `street`, `city_id`) VALUES (326, '25', 'Kronhjortevej', 242);
INSERT INTO `company` (`ID`, `name`, `email`, `ADDRESS_ID`, cvr, description, marketValue, numberOfEmployees) VALUES (326, 'Company #326', 'company-32615@outlook.eu', 326, '#13131475', 'Lorem ipsum dolor sit amet, consectetuer adipiscing elit. Nam quis nulla. Sed vel lectus. Donec odio tempus molestie, porttitor ut, iaculis quis, sem.', 57592937, 4610);
INSERT INTO `phone` (`ID`, `DESCRIPTION`, `NUMBER`, `OWNER_ID`) VALUES (622, 'Bil', '92713088', 326);
INSERT INTO `phone` (`ID`, `DESCRIPTION`, `NUMBER`, `OWNER_ID`) VALUES (623, 'Bil', '44490614', 326);
INSERT INTO `phone` (`ID`, `DESCRIPTION`, `NUMBER`, `OWNER_ID`) VALUES (624, 'Hjem', '55945854', 326);
INSERT INTO `address` (`id`, `information`, `street`, `city_id`) VALUES (327, '417', 'Kullevej', 1334);
INSERT INTO `company` (`ID`, `name`, `email`, `ADDRESS_ID`, cvr, description, marketValue, numberOfEmployees) VALUES (327, 'Company #327', 'company-327206@outlook.io', 327, '#12755938', 'Lorem ipsum dolor sit amet, consectetuer adipiscing elit. Nam quis nulla. Sed vel lectus. Donec odio tempus molestie, porttitor ut, iaculis quis, sem.', 41773935, 171);
INSERT INTO `phone` (`ID`, `DESCRIPTION`, `NUMBER`, `OWNER_ID`) VALUES (625, 'Feriehjem', '8601876', 327);
INSERT INTO `phone` (`ID`, `DESCRIPTION`, `NUMBER`, `OWNER_ID`) VALUES (626, 'Hjem', '32197116', 327);
INSERT INTO `address` (`id`, `information`, `street`, `city_id`) VALUES (328, '30', 'Hjortekærsvej', 1186);
INSERT INTO `company` (`ID`, `name`, `email`, `ADDRESS_ID`, cvr, description, marketValue, numberOfEmployees) VALUES (328, 'Company #328', 'company-328396@zoho.com', 328, '#7802016', 'Lorem ipsum dolor sit amet, consectetuer adipiscing elit. Nam quis nulla. Sed vel lectus. Donec odio tempus molestie, porttitor ut, iaculis quis, sem.', 41106000, 4059);
INSERT INTO `phone` (`ID`, `DESCRIPTION`, `NUMBER`, `OWNER_ID`) VALUES (627, 'Hjem', '20432464', 328);
INSERT INTO `phone` (`ID`, `DESCRIPTION`, `NUMBER`, `OWNER_ID`) VALUES (628, 'Bil', '89423099', 328);
INSERT INTO `phone` (`ID`, `DESCRIPTION`, `NUMBER`, `OWNER_ID`) VALUES (629, 'Arbejde', '48618781', 328);
INSERT INTO `address` (`id`, `information`, `street`, `city_id`) VALUES (329, '40', 'Møllevangen', 783);
INSERT INTO `company` (`ID`, `name`, `email`, `ADDRESS_ID`, cvr, description, marketValue, numberOfEmployees) VALUES (329, 'Company #329', 'company-32942@hotmail.io', 329, '#49231397', 'Lorem ipsum dolor sit amet, consectetuer adipiscing elit. Nam quis nulla. Sed vel lectus. Donec odio tempus molestie, porttitor ut, iaculis quis, sem.', 38868968, 2719);
INSERT INTO `phone` (`ID`, `DESCRIPTION`, `NUMBER`, `OWNER_ID`) VALUES (630, 'Bil', '96094360', 329);
INSERT INTO `phone` (`ID`, `DESCRIPTION`, `NUMBER`, `OWNER_ID`) VALUES (631, 'Bil', '71212655', 329);
INSERT INTO `address` (`id`, `information`, `street`, `city_id`) VALUES (330, '76', 'Milanovicvej', 1128);
INSERT INTO `company` (`ID`, `name`, `email`, `ADDRESS_ID`, cvr, description, marketValue, numberOfEmployees) VALUES (330, 'Company #330', 'company-330204@zoho.com', 330, '#18125283', 'Lorem ipsum dolor sit amet, consectetuer adipiscing elit. Nam quis nulla. Sed vel lectus. Donec odio tempus molestie, porttitor ut, iaculis quis, sem.', 46426037, 3598);
INSERT INTO `phone` (`ID`, `DESCRIPTION`, `NUMBER`, `OWNER_ID`) VALUES (632, 'Arbejde', '8413192', 330);
INSERT INTO `phone` (`ID`, `DESCRIPTION`, `NUMBER`, `OWNER_ID`) VALUES (633, 'Hjem', '57731695', 330);
INSERT INTO `address` (`id`, `information`, `street`, `city_id`) VALUES (331, '440', 'Hjortekærsvej', 1239);
INSERT INTO `company` (`ID`, `name`, `email`, `ADDRESS_ID`, cvr, description, marketValue, numberOfEmployees) VALUES (331, 'Company #331', 'company-331388@yahoo.eu', 331, '#5846146', 'Lorem ipsum dolor sit amet, consectetuer adipiscing elit. Nam quis nulla. Sed vel lectus. Donec odio tempus molestie, porttitor ut, iaculis quis, sem.', 28027116, 3320);
INSERT INTO `phone` (`ID`, `DESCRIPTION`, `NUMBER`, `OWNER_ID`) VALUES (634, 'Arbejde', '69388137', 331);
INSERT INTO `phone` (`ID`, `DESCRIPTION`, `NUMBER`, `OWNER_ID`) VALUES (635, 'Mobil', '26674113', 331);
INSERT INTO `phone` (`ID`, `DESCRIPTION`, `NUMBER`, `OWNER_ID`) VALUES (636, 'Mobil', '93742501', 331);
INSERT INTO `address` (`id`, `information`, `street`, `city_id`) VALUES (332, '409', 'Østgaardsvej', 868);
INSERT INTO `company` (`ID`, `name`, `email`, `ADDRESS_ID`, cvr, description, marketValue, numberOfEmployees) VALUES (332, 'Company #332', 'company-332347@yahoo.eu', 332, '#77965267', 'Lorem ipsum dolor sit amet, consectetuer adipiscing elit. Nam quis nulla. Sed vel lectus. Donec odio tempus molestie, porttitor ut, iaculis quis, sem.', 15013468, 2799);
INSERT INTO `phone` (`ID`, `DESCRIPTION`, `NUMBER`, `OWNER_ID`) VALUES (637, 'Hjem', '51055062', 332);
INSERT INTO `phone` (`ID`, `DESCRIPTION`, `NUMBER`, `OWNER_ID`) VALUES (638, 'Mobil', '87171859', 332);
INSERT INTO `phone` (`ID`, `DESCRIPTION`, `NUMBER`, `OWNER_ID`) VALUES (639, 'Bil', '98852669', 332);
INSERT INTO `address` (`id`, `information`, `street`, `city_id`) VALUES (333, '436', 'Kullevej', 355);
INSERT INTO `company` (`ID`, `name`, `email`, `ADDRESS_ID`, cvr, description, marketValue, numberOfEmployees) VALUES (333, 'Company #333', 'company-333402@yahoo.eu', 333, '#79206610', 'Lorem ipsum dolor sit amet, consectetuer adipiscing elit. Nam quis nulla. Sed vel lectus. Donec odio tempus molestie, porttitor ut, iaculis quis, sem.', 30058166, 2219);
INSERT INTO `phone` (`ID`, `DESCRIPTION`, `NUMBER`, `OWNER_ID`) VALUES (640, 'Mobil', '22330547', 333);
INSERT INTO `address` (`id`, `information`, `street`, `city_id`) VALUES (334, '439', 'Baunebjergvej', 1207);
INSERT INTO `company` (`ID`, `name`, `email`, `ADDRESS_ID`, cvr, description, marketValue, numberOfEmployees) VALUES (334, 'Company #334', 'company-334132@gmail.io', 334, '#1336426', 'Lorem ipsum dolor sit amet, consectetuer adipiscing elit. Nam quis nulla. Sed vel lectus. Donec odio tempus molestie, porttitor ut, iaculis quis, sem.', 27097498, 1511);
INSERT INTO `phone` (`ID`, `DESCRIPTION`, `NUMBER`, `OWNER_ID`) VALUES (641, 'Feriehjem', '54903662', 334);
INSERT INTO `phone` (`ID`, `DESCRIPTION`, `NUMBER`, `OWNER_ID`) VALUES (642, 'Arbejde', '21652551', 334);
INSERT INTO `phone` (`ID`, `DESCRIPTION`, `NUMBER`, `OWNER_ID`) VALUES (643, 'Feriehjem', '87236414', 334);
INSERT INTO `address` (`id`, `information`, `street`, `city_id`) VALUES (335, '52', 'Kullevej', 1118);
INSERT INTO `company` (`ID`, `name`, `email`, `ADDRESS_ID`, cvr, description, marketValue, numberOfEmployees) VALUES (335, 'Company #335', 'company-335144@outlook.eu', 335, '#1659674', 'Lorem ipsum dolor sit amet, consectetuer adipiscing elit. Nam quis nulla. Sed vel lectus. Donec odio tempus molestie, porttitor ut, iaculis quis, sem.', 45450612, 4905);
INSERT INTO `phone` (`ID`, `DESCRIPTION`, `NUMBER`, `OWNER_ID`) VALUES (644, 'Mobil', '97905931', 335);
INSERT INTO `address` (`id`, `information`, `street`, `city_id`) VALUES (336, '50', 'Kullevej', 426);
INSERT INTO `company` (`ID`, `name`, `email`, `ADDRESS_ID`, cvr, description, marketValue, numberOfEmployees) VALUES (336, 'Company #336', 'company-336102@gmail.dk', 336, '#65532742', 'Lorem ipsum dolor sit amet, consectetuer adipiscing elit. Nam quis nulla. Sed vel lectus. Donec odio tempus molestie, porttitor ut, iaculis quis, sem.', 45999771, 2348);
INSERT INTO `phone` (`ID`, `DESCRIPTION`, `NUMBER`, `OWNER_ID`) VALUES (645, 'Mobil', '39473266', 336);
INSERT INTO `address` (`id`, `information`, `street`, `city_id`) VALUES (337, '485', 'Milanovicvej', 992);
INSERT INTO `company` (`ID`, `name`, `email`, `ADDRESS_ID`, cvr, description, marketValue, numberOfEmployees) VALUES (337, 'Company #337', 'company-33748@hotmail.io', 337, '#70322683', 'Lorem ipsum dolor sit amet, consectetuer adipiscing elit. Nam quis nulla. Sed vel lectus. Donec odio tempus molestie, porttitor ut, iaculis quis, sem.', 63056203, 454);
INSERT INTO `phone` (`ID`, `DESCRIPTION`, `NUMBER`, `OWNER_ID`) VALUES (646, 'Mobil', '81290189', 337);
INSERT INTO `phone` (`ID`, `DESCRIPTION`, `NUMBER`, `OWNER_ID`) VALUES (647, 'Bil', '95871772', 337);
INSERT INTO `address` (`id`, `information`, `street`, `city_id`) VALUES (338, '57', 'Kronhjortevej', 402);
INSERT INTO `company` (`ID`, `name`, `email`, `ADDRESS_ID`, cvr, description, marketValue, numberOfEmployees) VALUES (338, 'Company #338', 'company-338104@outlook.dk', 338, '#18755645', 'Lorem ipsum dolor sit amet, consectetuer adipiscing elit. Nam quis nulla. Sed vel lectus. Donec odio tempus molestie, porttitor ut, iaculis quis, sem.', 85658620, 1137);
INSERT INTO `phone` (`ID`, `DESCRIPTION`, `NUMBER`, `OWNER_ID`) VALUES (648, 'Arbejde', '42715784', 338);
INSERT INTO `phone` (`ID`, `DESCRIPTION`, `NUMBER`, `OWNER_ID`) VALUES (649, 'Bil', '13836105', 338);
INSERT INTO `phone` (`ID`, `DESCRIPTION`, `NUMBER`, `OWNER_ID`) VALUES (650, 'Feriehjem', '84741393', 338);
INSERT INTO `address` (`id`, `information`, `street`, `city_id`) VALUES (339, '3', 'Ryllevej', 808);
INSERT INTO `company` (`ID`, `name`, `email`, `ADDRESS_ID`, cvr, description, marketValue, numberOfEmployees) VALUES (339, 'Company #339', 'company-339257@yahoo.com', 339, '#55558177', 'Lorem ipsum dolor sit amet, consectetuer adipiscing elit. Nam quis nulla. Sed vel lectus. Donec odio tempus molestie, porttitor ut, iaculis quis, sem.', 6301566, 3342);
INSERT INTO `phone` (`ID`, `DESCRIPTION`, `NUMBER`, `OWNER_ID`) VALUES (651, 'Hjem', '20537982', 339);
INSERT INTO `phone` (`ID`, `DESCRIPTION`, `NUMBER`, `OWNER_ID`) VALUES (652, 'Arbejde', '19820904', 339);
INSERT INTO `phone` (`ID`, `DESCRIPTION`, `NUMBER`, `OWNER_ID`) VALUES (653, 'Mobil', '84551576', 339);
INSERT INTO `address` (`id`, `information`, `street`, `city_id`) VALUES (340, '102', 'Kronhjortevej', 308);
INSERT INTO `company` (`ID`, `name`, `email`, `ADDRESS_ID`, cvr, description, marketValue, numberOfEmployees) VALUES (340, 'Company #340', 'company-34018@protonmail.com', 340, '#7393872', 'Lorem ipsum dolor sit amet, consectetuer adipiscing elit. Nam quis nulla. Sed vel lectus. Donec odio tempus molestie, porttitor ut, iaculis quis, sem.', 80072317, 3071);
INSERT INTO `phone` (`ID`, `DESCRIPTION`, `NUMBER`, `OWNER_ID`) VALUES (654, 'Bil', '91899319', 340);
INSERT INTO `phone` (`ID`, `DESCRIPTION`, `NUMBER`, `OWNER_ID`) VALUES (655, 'Feriehjem', '70076118', 340);
INSERT INTO `address` (`id`, `information`, `street`, `city_id`) VALUES (341, '284', 'Hjortekærsvej', 337);
INSERT INTO `company` (`ID`, `name`, `email`, `ADDRESS_ID`, cvr, description, marketValue, numberOfEmployees) VALUES (341, 'Company #341', 'company-341197@protonmail.com', 341, '#70304368', 'Lorem ipsum dolor sit amet, consectetuer adipiscing elit. Nam quis nulla. Sed vel lectus. Donec odio tempus molestie, porttitor ut, iaculis quis, sem.', 84301855, 4881);
INSERT INTO `phone` (`ID`, `DESCRIPTION`, `NUMBER`, `OWNER_ID`) VALUES (656, 'Bil', '8332699', 341);
INSERT INTO `address` (`id`, `information`, `street`, `city_id`) VALUES (342, '200', 'Ryllevej', 1329);
INSERT INTO `company` (`ID`, `name`, `email`, `ADDRESS_ID`, cvr, description, marketValue, numberOfEmployees) VALUES (342, 'Company #342', 'company-342224@yahoo.com', 342, '#69723734', 'Lorem ipsum dolor sit amet, consectetuer adipiscing elit. Nam quis nulla. Sed vel lectus. Donec odio tempus molestie, porttitor ut, iaculis quis, sem.', 71952652, 2853);
INSERT INTO `phone` (`ID`, `DESCRIPTION`, `NUMBER`, `OWNER_ID`) VALUES (657, 'Bil', '23650541', 342);
INSERT INTO `phone` (`ID`, `DESCRIPTION`, `NUMBER`, `OWNER_ID`) VALUES (658, 'Mobil', '39282681', 342);
INSERT INTO `phone` (`ID`, `DESCRIPTION`, `NUMBER`, `OWNER_ID`) VALUES (659, 'Arbejde', '15017447', 342);
INSERT INTO `address` (`id`, `information`, `street`, `city_id`) VALUES (343, '47', 'Hjortekærsvej', 402);
INSERT INTO `company` (`ID`, `name`, `email`, `ADDRESS_ID`, cvr, description, marketValue, numberOfEmployees) VALUES (343, 'Company #343', 'company-343432@protonmail.eu', 343, '#65961813', 'Lorem ipsum dolor sit amet, consectetuer adipiscing elit. Nam quis nulla. Sed vel lectus. Donec odio tempus molestie, porttitor ut, iaculis quis, sem.', 98346143, 931);
INSERT INTO `phone` (`ID`, `DESCRIPTION`, `NUMBER`, `OWNER_ID`) VALUES (660, 'Hjem', '82117872', 343);
INSERT INTO `phone` (`ID`, `DESCRIPTION`, `NUMBER`, `OWNER_ID`) VALUES (661, 'Arbejde', '54408451', 343);
INSERT INTO `address` (`id`, `information`, `street`, `city_id`) VALUES (344, '195', 'Baunebjergvej', 227);
INSERT INTO `company` (`ID`, `name`, `email`, `ADDRESS_ID`, cvr, description, marketValue, numberOfEmployees) VALUES (344, 'Company #344', 'company-344238@yahoo.com', 344, '#93310668', 'Lorem ipsum dolor sit amet, consectetuer adipiscing elit. Nam quis nulla. Sed vel lectus. Donec odio tempus molestie, porttitor ut, iaculis quis, sem.', 92746198, 3033);
INSERT INTO `phone` (`ID`, `DESCRIPTION`, `NUMBER`, `OWNER_ID`) VALUES (662, 'Arbejde', '68171743', 344);
INSERT INTO `phone` (`ID`, `DESCRIPTION`, `NUMBER`, `OWNER_ID`) VALUES (663, 'Hjem', '25768913', 344);
INSERT INTO `phone` (`ID`, `DESCRIPTION`, `NUMBER`, `OWNER_ID`) VALUES (664, 'Bil', '98207590', 344);
INSERT INTO `address` (`id`, `information`, `street`, `city_id`) VALUES (345, '420', 'Hjortekærsvej', 13);
INSERT INTO `company` (`ID`, `name`, `email`, `ADDRESS_ID`, cvr, description, marketValue, numberOfEmployees) VALUES (345, 'Company #345', 'company-345128@gmail.io', 345, '#47710845', 'Lorem ipsum dolor sit amet, consectetuer adipiscing elit. Nam quis nulla. Sed vel lectus. Donec odio tempus molestie, porttitor ut, iaculis quis, sem.', 38715360, 360);
INSERT INTO `phone` (`ID`, `DESCRIPTION`, `NUMBER`, `OWNER_ID`) VALUES (665, 'Hjem', '75193225', 345);
INSERT INTO `phone` (`ID`, `DESCRIPTION`, `NUMBER`, `OWNER_ID`) VALUES (666, 'Feriehjem', '45856432', 345);
INSERT INTO `address` (`id`, `information`, `street`, `city_id`) VALUES (346, '237', 'Møllevangen', 1090);
INSERT INTO `company` (`ID`, `name`, `email`, `ADDRESS_ID`, cvr, description, marketValue, numberOfEmployees) VALUES (346, 'Company #346', 'company-346469@protonmail.io', 346, '#10126335', 'Lorem ipsum dolor sit amet, consectetuer adipiscing elit. Nam quis nulla. Sed vel lectus. Donec odio tempus molestie, porttitor ut, iaculis quis, sem.', 58975295, 2175);
INSERT INTO `phone` (`ID`, `DESCRIPTION`, `NUMBER`, `OWNER_ID`) VALUES (667, 'Mobil', '51096944', 346);
INSERT INTO `phone` (`ID`, `DESCRIPTION`, `NUMBER`, `OWNER_ID`) VALUES (668, 'Arbejde', '42088605', 346);
INSERT INTO `address` (`id`, `information`, `street`, `city_id`) VALUES (347, '483', 'Møllevangen', 229);
INSERT INTO `company` (`ID`, `name`, `email`, `ADDRESS_ID`, cvr, description, marketValue, numberOfEmployees) VALUES (347, 'Company #347', 'company-347176@yahoo.com', 347, '#29038424', 'Lorem ipsum dolor sit amet, consectetuer adipiscing elit. Nam quis nulla. Sed vel lectus. Donec odio tempus molestie, porttitor ut, iaculis quis, sem.', 20488450, 3307);
INSERT INTO `phone` (`ID`, `DESCRIPTION`, `NUMBER`, `OWNER_ID`) VALUES (669, 'Mobil', '6839769', 347);
INSERT INTO `phone` (`ID`, `DESCRIPTION`, `NUMBER`, `OWNER_ID`) VALUES (670, 'Hjem', '79505233', 347);
INSERT INTO `address` (`id`, `information`, `street`, `city_id`) VALUES (348, '324', 'Kullevej', 1062);
INSERT INTO `company` (`ID`, `name`, `email`, `ADDRESS_ID`, cvr, description, marketValue, numberOfEmployees) VALUES (348, 'Company #348', 'company-348451@zoho.com', 348, '#12340503', 'Lorem ipsum dolor sit amet, consectetuer adipiscing elit. Nam quis nulla. Sed vel lectus. Donec odio tempus molestie, porttitor ut, iaculis quis, sem.', 76503954, 2000);
INSERT INTO `phone` (`ID`, `DESCRIPTION`, `NUMBER`, `OWNER_ID`) VALUES (671, 'Mobil', '73082010', 348);
INSERT INTO `phone` (`ID`, `DESCRIPTION`, `NUMBER`, `OWNER_ID`) VALUES (672, 'Hjem', '69694335', 348);
INSERT INTO `phone` (`ID`, `DESCRIPTION`, `NUMBER`, `OWNER_ID`) VALUES (673, 'Bil', '82026104', 348);
INSERT INTO `address` (`id`, `information`, `street`, `city_id`) VALUES (349, '458', 'Kronhjortevej', 778);
INSERT INTO `company` (`ID`, `name`, `email`, `ADDRESS_ID`, cvr, description, marketValue, numberOfEmployees) VALUES (349, 'Company #349', 'company-349373@yahoo.eu', 349, '#31412123', 'Lorem ipsum dolor sit amet, consectetuer adipiscing elit. Nam quis nulla. Sed vel lectus. Donec odio tempus molestie, porttitor ut, iaculis quis, sem.', 84431249, 1852);
INSERT INTO `phone` (`ID`, `DESCRIPTION`, `NUMBER`, `OWNER_ID`) VALUES (674, 'Hjem', '90854361', 349);
INSERT INTO `phone` (`ID`, `DESCRIPTION`, `NUMBER`, `OWNER_ID`) VALUES (675, 'Feriehjem', '20024664', 349);
INSERT INTO `phone` (`ID`, `DESCRIPTION`, `NUMBER`, `OWNER_ID`) VALUES (676, 'Mobil', '60437996', 349);
INSERT INTO `address` (`id`, `information`, `street`, `city_id`) VALUES (350, '490', 'Milanovicvej', 482);
INSERT INTO `company` (`ID`, `name`, `email`, `ADDRESS_ID`, cvr, description, marketValue, numberOfEmployees) VALUES (350, 'Company #350', 'company-350312@outlook.eu', 350, '#72538781', 'Lorem ipsum dolor sit amet, consectetuer adipiscing elit. Nam quis nulla. Sed vel lectus. Donec odio tempus molestie, porttitor ut, iaculis quis, sem.', 60653041, 4107);
INSERT INTO `phone` (`ID`, `DESCRIPTION`, `NUMBER`, `OWNER_ID`) VALUES (677, 'Mobil', '9029294', 350);
INSERT INTO `address` (`id`, `information`, `street`, `city_id`) VALUES (351, '301', 'Hjortekærsvej', 1062);
INSERT INTO `company` (`ID`, `name`, `email`, `ADDRESS_ID`, cvr, description, marketValue, numberOfEmployees) VALUES (351, 'Company #351', 'company-351454@zoho.eu', 351, '#20717480', 'Lorem ipsum dolor sit amet, consectetuer adipiscing elit. Nam quis nulla. Sed vel lectus. Donec odio tempus molestie, porttitor ut, iaculis quis, sem.', 99674079, 3642);
INSERT INTO `phone` (`ID`, `DESCRIPTION`, `NUMBER`, `OWNER_ID`) VALUES (678, 'Hjem', '17538053', 351);
INSERT INTO `phone` (`ID`, `DESCRIPTION`, `NUMBER`, `OWNER_ID`) VALUES (679, 'Hjem', '59393875', 351);
INSERT INTO `phone` (`ID`, `DESCRIPTION`, `NUMBER`, `OWNER_ID`) VALUES (680, 'Hjem', '14871805', 351);
INSERT INTO `address` (`id`, `information`, `street`, `city_id`) VALUES (352, '279', 'Ryllevej', 310);
INSERT INTO `company` (`ID`, `name`, `email`, `ADDRESS_ID`, cvr, description, marketValue, numberOfEmployees) VALUES (352, 'Company #352', 'company-35292@zoho.dk', 352, '#42812599', 'Lorem ipsum dolor sit amet, consectetuer adipiscing elit. Nam quis nulla. Sed vel lectus. Donec odio tempus molestie, porttitor ut, iaculis quis, sem.', 95324081, 3413);
INSERT INTO `phone` (`ID`, `DESCRIPTION`, `NUMBER`, `OWNER_ID`) VALUES (681, 'Mobil', '42854563', 352);
INSERT INTO `phone` (`ID`, `DESCRIPTION`, `NUMBER`, `OWNER_ID`) VALUES (682, 'Hjem', '96330635', 352);
INSERT INTO `address` (`id`, `information`, `street`, `city_id`) VALUES (353, '365', 'Baunebjergvej', 40);
INSERT INTO `company` (`ID`, `name`, `email`, `ADDRESS_ID`, cvr, description, marketValue, numberOfEmployees) VALUES (353, 'Company #353', 'company-353331@zoho.io', 353, '#42108986', 'Lorem ipsum dolor sit amet, consectetuer adipiscing elit. Nam quis nulla. Sed vel lectus. Donec odio tempus molestie, porttitor ut, iaculis quis, sem.', 25728482, 4157);
INSERT INTO `phone` (`ID`, `DESCRIPTION`, `NUMBER`, `OWNER_ID`) VALUES (683, 'Feriehjem', '10552849', 353);
INSERT INTO `phone` (`ID`, `DESCRIPTION`, `NUMBER`, `OWNER_ID`) VALUES (684, 'Arbejde', '60153418', 353);
INSERT INTO `address` (`id`, `information`, `street`, `city_id`) VALUES (354, '25', 'Hjortekærsvej', 49);
INSERT INTO `company` (`ID`, `name`, `email`, `ADDRESS_ID`, cvr, description, marketValue, numberOfEmployees) VALUES (354, 'Company #354', 'company-354366@yahoo.eu', 354, '#1656329', 'Lorem ipsum dolor sit amet, consectetuer adipiscing elit. Nam quis nulla. Sed vel lectus. Donec odio tempus molestie, porttitor ut, iaculis quis, sem.', 74392369, 2517);
INSERT INTO `phone` (`ID`, `DESCRIPTION`, `NUMBER`, `OWNER_ID`) VALUES (685, 'Mobil', '72734062', 354);
INSERT INTO `phone` (`ID`, `DESCRIPTION`, `NUMBER`, `OWNER_ID`) VALUES (686, 'Feriehjem', '47057808', 354);
INSERT INTO `phone` (`ID`, `DESCRIPTION`, `NUMBER`, `OWNER_ID`) VALUES (687, 'Feriehjem', '92802784', 354);
INSERT INTO `address` (`id`, `information`, `street`, `city_id`) VALUES (355, '437', 'Kullevej', 182);
INSERT INTO `company` (`ID`, `name`, `email`, `ADDRESS_ID`, cvr, description, marketValue, numberOfEmployees) VALUES (355, 'Company #355', 'company-355308@outlook.io', 355, '#13018980', 'Lorem ipsum dolor sit amet, consectetuer adipiscing elit. Nam quis nulla. Sed vel lectus. Donec odio tempus molestie, porttitor ut, iaculis quis, sem.', 52346478, 513);
INSERT INTO `phone` (`ID`, `DESCRIPTION`, `NUMBER`, `OWNER_ID`) VALUES (688, 'Bil', '63767923', 355);
INSERT INTO `phone` (`ID`, `DESCRIPTION`, `NUMBER`, `OWNER_ID`) VALUES (689, 'Hjem', '10241736', 355);
INSERT INTO `phone` (`ID`, `DESCRIPTION`, `NUMBER`, `OWNER_ID`) VALUES (690, 'Feriehjem', '51403304', 355);
INSERT INTO `address` (`id`, `information`, `street`, `city_id`) VALUES (356, '259', 'Kullevej', 942);
INSERT INTO `company` (`ID`, `name`, `email`, `ADDRESS_ID`, cvr, description, marketValue, numberOfEmployees) VALUES (356, 'Company #356', 'company-356342@yahoo.eu', 356, '#27238310', 'Lorem ipsum dolor sit amet, consectetuer adipiscing elit. Nam quis nulla. Sed vel lectus. Donec odio tempus molestie, porttitor ut, iaculis quis, sem.', 27836377, 4649);
INSERT INTO `phone` (`ID`, `DESCRIPTION`, `NUMBER`, `OWNER_ID`) VALUES (691, 'Mobil', '57599440', 356);
INSERT INTO `phone` (`ID`, `DESCRIPTION`, `NUMBER`, `OWNER_ID`) VALUES (692, 'Mobil', '13299247', 356);
INSERT INTO `phone` (`ID`, `DESCRIPTION`, `NUMBER`, `OWNER_ID`) VALUES (693, 'Bil', '23717250', 356);
INSERT INTO `address` (`id`, `information`, `street`, `city_id`) VALUES (357, '269', 'Milanovicvej', 1034);
INSERT INTO `company` (`ID`, `name`, `email`, `ADDRESS_ID`, cvr, description, marketValue, numberOfEmployees) VALUES (357, 'Company #357', 'company-357437@zoho.dk', 357, '#50211625', 'Lorem ipsum dolor sit amet, consectetuer adipiscing elit. Nam quis nulla. Sed vel lectus. Donec odio tempus molestie, porttitor ut, iaculis quis, sem.', 43419222, 794);
INSERT INTO `phone` (`ID`, `DESCRIPTION`, `NUMBER`, `OWNER_ID`) VALUES (694, 'Hjem', '89073557', 357);
INSERT INTO `phone` (`ID`, `DESCRIPTION`, `NUMBER`, `OWNER_ID`) VALUES (695, 'Mobil', '58199404', 357);
INSERT INTO `phone` (`ID`, `DESCRIPTION`, `NUMBER`, `OWNER_ID`) VALUES (696, 'Feriehjem', '33392822', 357);
INSERT INTO `address` (`id`, `information`, `street`, `city_id`) VALUES (358, '109', 'Kullevej', 150);
INSERT INTO `company` (`ID`, `name`, `email`, `ADDRESS_ID`, cvr, description, marketValue, numberOfEmployees) VALUES (358, 'Company #358', 'company-358166@zoho.io', 358, '#65575121', 'Lorem ipsum dolor sit amet, consectetuer adipiscing elit. Nam quis nulla. Sed vel lectus. Donec odio tempus molestie, porttitor ut, iaculis quis, sem.', 72320039, 3332);
INSERT INTO `phone` (`ID`, `DESCRIPTION`, `NUMBER`, `OWNER_ID`) VALUES (697, 'Hjem', '88811887', 358);
INSERT INTO `phone` (`ID`, `DESCRIPTION`, `NUMBER`, `OWNER_ID`) VALUES (698, 'Arbejde', '99451218', 358);
INSERT INTO `address` (`id`, `information`, `street`, `city_id`) VALUES (359, '14', 'Baunebjergvej', 175);
INSERT INTO `company` (`ID`, `name`, `email`, `ADDRESS_ID`, cvr, description, marketValue, numberOfEmployees) VALUES (359, 'Company #359', 'company-359182@hotmail.dk', 359, '#88367102', 'Lorem ipsum dolor sit amet, consectetuer adipiscing elit. Nam quis nulla. Sed vel lectus. Donec odio tempus molestie, porttitor ut, iaculis quis, sem.', 45540707, 16);
INSERT INTO `phone` (`ID`, `DESCRIPTION`, `NUMBER`, `OWNER_ID`) VALUES (699, 'Feriehjem', '62282338', 359);
INSERT INTO `phone` (`ID`, `DESCRIPTION`, `NUMBER`, `OWNER_ID`) VALUES (700, 'Bil', '3924316', 359);
INSERT INTO `address` (`id`, `information`, `street`, `city_id`) VALUES (360, '128', 'Kronhjortevej', 180);
INSERT INTO `company` (`ID`, `name`, `email`, `ADDRESS_ID`, cvr, description, marketValue, numberOfEmployees) VALUES (360, 'Company #360', 'company-36094@yahoo.io', 360, '#5422084', 'Lorem ipsum dolor sit amet, consectetuer adipiscing elit. Nam quis nulla. Sed vel lectus. Donec odio tempus molestie, porttitor ut, iaculis quis, sem.', 68255299, 3461);
INSERT INTO `phone` (`ID`, `DESCRIPTION`, `NUMBER`, `OWNER_ID`) VALUES (701, 'Feriehjem', '16399232', 360);
INSERT INTO `phone` (`ID`, `DESCRIPTION`, `NUMBER`, `OWNER_ID`) VALUES (702, 'Feriehjem', '48209699', 360);
INSERT INTO `address` (`id`, `information`, `street`, `city_id`) VALUES (361, '61', 'Møllevangen', 693);
INSERT INTO `company` (`ID`, `name`, `email`, `ADDRESS_ID`, cvr, description, marketValue, numberOfEmployees) VALUES (361, 'Company #361', 'company-361275@zoho.dk', 361, '#61131790', 'Lorem ipsum dolor sit amet, consectetuer adipiscing elit. Nam quis nulla. Sed vel lectus. Donec odio tempus molestie, porttitor ut, iaculis quis, sem.', 41872012, 4082);
INSERT INTO `phone` (`ID`, `DESCRIPTION`, `NUMBER`, `OWNER_ID`) VALUES (703, 'Arbejde', '83302240', 361);
INSERT INTO `phone` (`ID`, `DESCRIPTION`, `NUMBER`, `OWNER_ID`) VALUES (704, 'Hjem', '42364439', 361);
INSERT INTO `phone` (`ID`, `DESCRIPTION`, `NUMBER`, `OWNER_ID`) VALUES (705, 'Mobil', '62677911', 361);
INSERT INTO `address` (`id`, `information`, `street`, `city_id`) VALUES (362, '447', 'Møllevangen', 386);
INSERT INTO `company` (`ID`, `name`, `email`, `ADDRESS_ID`, cvr, description, marketValue, numberOfEmployees) VALUES (362, 'Company #362', 'company-36247@hotmail.dk', 362, '#74958030', 'Lorem ipsum dolor sit amet, consectetuer adipiscing elit. Nam quis nulla. Sed vel lectus. Donec odio tempus molestie, porttitor ut, iaculis quis, sem.', 44520041, 3886);
INSERT INTO `phone` (`ID`, `DESCRIPTION`, `NUMBER`, `OWNER_ID`) VALUES (706, 'Hjem', '25463207', 362);
INSERT INTO `phone` (`ID`, `DESCRIPTION`, `NUMBER`, `OWNER_ID`) VALUES (707, 'Bil', '88050030', 362);
INSERT INTO `phone` (`ID`, `DESCRIPTION`, `NUMBER`, `OWNER_ID`) VALUES (708, 'Arbejde', '73751523', 362);
INSERT INTO `address` (`id`, `information`, `street`, `city_id`) VALUES (363, '389', 'Milanovicvej', 1240);
INSERT INTO `company` (`ID`, `name`, `email`, `ADDRESS_ID`, cvr, description, marketValue, numberOfEmployees) VALUES (363, 'Company #363', 'company-363286@outlook.io', 363, '#13679903', 'Lorem ipsum dolor sit amet, consectetuer adipiscing elit. Nam quis nulla. Sed vel lectus. Donec odio tempus molestie, porttitor ut, iaculis quis, sem.', 77942181, 285);
INSERT INTO `phone` (`ID`, `DESCRIPTION`, `NUMBER`, `OWNER_ID`) VALUES (709, 'Arbejde', '917313', 363);
INSERT INTO `phone` (`ID`, `DESCRIPTION`, `NUMBER`, `OWNER_ID`) VALUES (710, 'Mobil', '60928271', 363);
INSERT INTO `phone` (`ID`, `DESCRIPTION`, `NUMBER`, `OWNER_ID`) VALUES (711, 'Hjem', '22613535', 363);
INSERT INTO `address` (`id`, `information`, `street`, `city_id`) VALUES (364, '406', 'Hjortekærsvej', 1194);
INSERT INTO `company` (`ID`, `name`, `email`, `ADDRESS_ID`, cvr, description, marketValue, numberOfEmployees) VALUES (364, 'Company #364', 'company-36432@hotmail.dk', 364, '#75139214', 'Lorem ipsum dolor sit amet, consectetuer adipiscing elit. Nam quis nulla. Sed vel lectus. Donec odio tempus molestie, porttitor ut, iaculis quis, sem.', 71024859, 1065);
INSERT INTO `phone` (`ID`, `DESCRIPTION`, `NUMBER`, `OWNER_ID`) VALUES (712, 'Mobil', '25699718', 364);
INSERT INTO `phone` (`ID`, `DESCRIPTION`, `NUMBER`, `OWNER_ID`) VALUES (713, 'Feriehjem', '6073122', 364);
INSERT INTO `address` (`id`, `information`, `street`, `city_id`) VALUES (365, '139', 'Kullevej', 1217);
INSERT INTO `company` (`ID`, `name`, `email`, `ADDRESS_ID`, cvr, description, marketValue, numberOfEmployees) VALUES (365, 'Company #365', 'company-365371@gmail.com', 365, '#25644711', 'Lorem ipsum dolor sit amet, consectetuer adipiscing elit. Nam quis nulla. Sed vel lectus. Donec odio tempus molestie, porttitor ut, iaculis quis, sem.', 32521334, 832);
INSERT INTO `phone` (`ID`, `DESCRIPTION`, `NUMBER`, `OWNER_ID`) VALUES (714, 'Feriehjem', '31899182', 365);
INSERT INTO `phone` (`ID`, `DESCRIPTION`, `NUMBER`, `OWNER_ID`) VALUES (715, 'Arbejde', '14312543', 365);
INSERT INTO `phone` (`ID`, `DESCRIPTION`, `NUMBER`, `OWNER_ID`) VALUES (716, 'Feriehjem', '37678458', 365);
INSERT INTO `address` (`id`, `information`, `street`, `city_id`) VALUES (366, '231', 'Milanovicvej', 1084);
INSERT INTO `company` (`ID`, `name`, `email`, `ADDRESS_ID`, cvr, description, marketValue, numberOfEmployees) VALUES (366, 'Company #366', 'company-36632@yahoo.dk', 366, '#88060685', 'Lorem ipsum dolor sit amet, consectetuer adipiscing elit. Nam quis nulla. Sed vel lectus. Donec odio tempus molestie, porttitor ut, iaculis quis, sem.', 75241793, 282);
INSERT INTO `phone` (`ID`, `DESCRIPTION`, `NUMBER`, `OWNER_ID`) VALUES (717, 'Bil', '91714768', 366);
INSERT INTO `phone` (`ID`, `DESCRIPTION`, `NUMBER`, `OWNER_ID`) VALUES (718, 'Mobil', '12670865', 366);
INSERT INTO `address` (`id`, `information`, `street`, `city_id`) VALUES (367, '157', 'Kronhjortevej', 847);
INSERT INTO `company` (`ID`, `name`, `email`, `ADDRESS_ID`, cvr, description, marketValue, numberOfEmployees) VALUES (367, 'Company #367', 'company-367363@outlook.eu', 367, '#16334116', 'Lorem ipsum dolor sit amet, consectetuer adipiscing elit. Nam quis nulla. Sed vel lectus. Donec odio tempus molestie, porttitor ut, iaculis quis, sem.', 42216928, 3888);
INSERT INTO `phone` (`ID`, `DESCRIPTION`, `NUMBER`, `OWNER_ID`) VALUES (719, 'Feriehjem', '77103878', 367);
INSERT INTO `phone` (`ID`, `DESCRIPTION`, `NUMBER`, `OWNER_ID`) VALUES (720, 'Arbejde', '74587523', 367);
INSERT INTO `address` (`id`, `information`, `street`, `city_id`) VALUES (368, '341', 'Kronhjortevej', 606);
INSERT INTO `company` (`ID`, `name`, `email`, `ADDRESS_ID`, cvr, description, marketValue, numberOfEmployees) VALUES (368, 'Company #368', 'company-368385@zoho.dk', 368, '#77268379', 'Lorem ipsum dolor sit amet, consectetuer adipiscing elit. Nam quis nulla. Sed vel lectus. Donec odio tempus molestie, porttitor ut, iaculis quis, sem.', 26458751, 3268);
INSERT INTO `phone` (`ID`, `DESCRIPTION`, `NUMBER`, `OWNER_ID`) VALUES (721, 'Mobil', '40892593', 368);
INSERT INTO `phone` (`ID`, `DESCRIPTION`, `NUMBER`, `OWNER_ID`) VALUES (722, 'Feriehjem', '2175334', 368);
INSERT INTO `phone` (`ID`, `DESCRIPTION`, `NUMBER`, `OWNER_ID`) VALUES (723, 'Feriehjem', '1402146', 368);
INSERT INTO `address` (`id`, `information`, `street`, `city_id`) VALUES (369, '103', 'Hjortekærsvej', 426);
INSERT INTO `company` (`ID`, `name`, `email`, `ADDRESS_ID`, cvr, description, marketValue, numberOfEmployees) VALUES (369, 'Company #369', 'company-369414@zoho.com', 369, '#31410537', 'Lorem ipsum dolor sit amet, consectetuer adipiscing elit. Nam quis nulla. Sed vel lectus. Donec odio tempus molestie, porttitor ut, iaculis quis, sem.', 14530868, 972);
INSERT INTO `phone` (`ID`, `DESCRIPTION`, `NUMBER`, `OWNER_ID`) VALUES (724, 'Hjem', '49388973', 369);
INSERT INTO `address` (`id`, `information`, `street`, `city_id`) VALUES (370, '168', 'Baunebjergvej', 312);
INSERT INTO `company` (`ID`, `name`, `email`, `ADDRESS_ID`, cvr, description, marketValue, numberOfEmployees) VALUES (370, 'Company #370', 'company-370160@yahoo.dk', 370, '#701813', 'Lorem ipsum dolor sit amet, consectetuer adipiscing elit. Nam quis nulla. Sed vel lectus. Donec odio tempus molestie, porttitor ut, iaculis quis, sem.', 43762173, 2646);
INSERT INTO `phone` (`ID`, `DESCRIPTION`, `NUMBER`, `OWNER_ID`) VALUES (725, 'Feriehjem', '18434220', 370);
INSERT INTO `phone` (`ID`, `DESCRIPTION`, `NUMBER`, `OWNER_ID`) VALUES (726, 'Feriehjem', '51010389', 370);
INSERT INTO `address` (`id`, `information`, `street`, `city_id`) VALUES (371, '39', 'Møllevangen', 573);
INSERT INTO `company` (`ID`, `name`, `email`, `ADDRESS_ID`, cvr, description, marketValue, numberOfEmployees) VALUES (371, 'Company #371', 'company-37163@gmail.dk', 371, '#30685591', 'Lorem ipsum dolor sit amet, consectetuer adipiscing elit. Nam quis nulla. Sed vel lectus. Donec odio tempus molestie, porttitor ut, iaculis quis, sem.', 53959733, 3869);
INSERT INTO `phone` (`ID`, `DESCRIPTION`, `NUMBER`, `OWNER_ID`) VALUES (727, 'Arbejde', '51623424', 371);
INSERT INTO `phone` (`ID`, `DESCRIPTION`, `NUMBER`, `OWNER_ID`) VALUES (728, 'Hjem', '59669917', 371);
INSERT INTO `address` (`id`, `information`, `street`, `city_id`) VALUES (372, '226', 'Hjortekærsvej', 53);
INSERT INTO `company` (`ID`, `name`, `email`, `ADDRESS_ID`, cvr, description, marketValue, numberOfEmployees) VALUES (372, 'Company #372', 'company-372108@zoho.dk', 372, '#2135515', 'Lorem ipsum dolor sit amet, consectetuer adipiscing elit. Nam quis nulla. Sed vel lectus. Donec odio tempus molestie, porttitor ut, iaculis quis, sem.', 48453410, 128);
INSERT INTO `phone` (`ID`, `DESCRIPTION`, `NUMBER`, `OWNER_ID`) VALUES (729, 'Mobil', '46412583', 372);
INSERT INTO `phone` (`ID`, `DESCRIPTION`, `NUMBER`, `OWNER_ID`) VALUES (730, 'Mobil', '28294676', 372);
INSERT INTO `phone` (`ID`, `DESCRIPTION`, `NUMBER`, `OWNER_ID`) VALUES (731, 'Hjem', '84328877', 372);
INSERT INTO `address` (`id`, `information`, `street`, `city_id`) VALUES (373, '443', 'Østgaardsvej', 308);
INSERT INTO `company` (`ID`, `name`, `email`, `ADDRESS_ID`, cvr, description, marketValue, numberOfEmployees) VALUES (373, 'Company #373', 'company-37398@hotmail.io', 373, '#30876215', 'Lorem ipsum dolor sit amet, consectetuer adipiscing elit. Nam quis nulla. Sed vel lectus. Donec odio tempus molestie, porttitor ut, iaculis quis, sem.', 44981475, 2067);
INSERT INTO `phone` (`ID`, `DESCRIPTION`, `NUMBER`, `OWNER_ID`) VALUES (732, 'Bil', '5327013', 373);
INSERT INTO `phone` (`ID`, `DESCRIPTION`, `NUMBER`, `OWNER_ID`) VALUES (733, 'Hjem', '34631851', 373);
INSERT INTO `address` (`id`, `information`, `street`, `city_id`) VALUES (374, '237', 'Kronhjortevej', 1167);
INSERT INTO `company` (`ID`, `name`, `email`, `ADDRESS_ID`, cvr, description, marketValue, numberOfEmployees) VALUES (374, 'Company #374', 'company-374309@outlook.eu', 374, '#94391874', 'Lorem ipsum dolor sit amet, consectetuer adipiscing elit. Nam quis nulla. Sed vel lectus. Donec odio tempus molestie, porttitor ut, iaculis quis, sem.', 14039344, 1399);
INSERT INTO `phone` (`ID`, `DESCRIPTION`, `NUMBER`, `OWNER_ID`) VALUES (734, 'Bil', '4602244', 374);
INSERT INTO `phone` (`ID`, `DESCRIPTION`, `NUMBER`, `OWNER_ID`) VALUES (735, 'Feriehjem', '32452167', 374);
INSERT INTO `address` (`id`, `information`, `street`, `city_id`) VALUES (375, '483', 'Kronhjortevej', 880);
INSERT INTO `company` (`ID`, `name`, `email`, `ADDRESS_ID`, cvr, description, marketValue, numberOfEmployees) VALUES (375, 'Company #375', 'company-375325@outlook.dk', 375, '#82978738', 'Lorem ipsum dolor sit amet, consectetuer adipiscing elit. Nam quis nulla. Sed vel lectus. Donec odio tempus molestie, porttitor ut, iaculis quis, sem.', 2934211, 4196);
INSERT INTO `phone` (`ID`, `DESCRIPTION`, `NUMBER`, `OWNER_ID`) VALUES (736, 'Hjem', '1240999', 375);
INSERT INTO `phone` (`ID`, `DESCRIPTION`, `NUMBER`, `OWNER_ID`) VALUES (737, 'Arbejde', '21239953', 375);
INSERT INTO `phone` (`ID`, `DESCRIPTION`, `NUMBER`, `OWNER_ID`) VALUES (738, 'Arbejde', '52180665', 375);
INSERT INTO `address` (`id`, `information`, `street`, `city_id`) VALUES (376, '248', 'Baunebjergvej', 1118);
INSERT INTO `company` (`ID`, `name`, `email`, `ADDRESS_ID`, cvr, description, marketValue, numberOfEmployees) VALUES (376, 'Company #376', 'company-376271@protonmail.dk', 376, '#359815', 'Lorem ipsum dolor sit amet, consectetuer adipiscing elit. Nam quis nulla. Sed vel lectus. Donec odio tempus molestie, porttitor ut, iaculis quis, sem.', 1721306, 4100);
INSERT INTO `phone` (`ID`, `DESCRIPTION`, `NUMBER`, `OWNER_ID`) VALUES (739, 'Mobil', '34714285', 376);
INSERT INTO `phone` (`ID`, `DESCRIPTION`, `NUMBER`, `OWNER_ID`) VALUES (740, 'Hjem', '2355439', 376);
INSERT INTO `phone` (`ID`, `DESCRIPTION`, `NUMBER`, `OWNER_ID`) VALUES (741, 'Arbejde', '7905512', 376);
INSERT INTO `address` (`id`, `information`, `street`, `city_id`) VALUES (377, '270', 'Kronhjortevej', 1304);
INSERT INTO `company` (`ID`, `name`, `email`, `ADDRESS_ID`, cvr, description, marketValue, numberOfEmployees) VALUES (377, 'Company #377', 'company-377307@zoho.dk', 377, '#18907051', 'Lorem ipsum dolor sit amet, consectetuer adipiscing elit. Nam quis nulla. Sed vel lectus. Donec odio tempus molestie, porttitor ut, iaculis quis, sem.', 13403363, 3314);
INSERT INTO `phone` (`ID`, `DESCRIPTION`, `NUMBER`, `OWNER_ID`) VALUES (742, 'Hjem', '34627012', 377);
INSERT INTO `phone` (`ID`, `DESCRIPTION`, `NUMBER`, `OWNER_ID`) VALUES (743, 'Arbejde', '33157746', 377);
INSERT INTO `address` (`id`, `information`, `street`, `city_id`) VALUES (378, '232', 'Møllevangen', 137);
INSERT INTO `company` (`ID`, `name`, `email`, `ADDRESS_ID`, cvr, description, marketValue, numberOfEmployees) VALUES (378, 'Company #378', 'company-378483@yahoo.com', 378, '#63510797', 'Lorem ipsum dolor sit amet, consectetuer adipiscing elit. Nam quis nulla. Sed vel lectus. Donec odio tempus molestie, porttitor ut, iaculis quis, sem.', 5037711, 583);
INSERT INTO `phone` (`ID`, `DESCRIPTION`, `NUMBER`, `OWNER_ID`) VALUES (744, 'Mobil', '3269109', 378);
INSERT INTO `phone` (`ID`, `DESCRIPTION`, `NUMBER`, `OWNER_ID`) VALUES (745, 'Hjem', '68739812', 378);
INSERT INTO `phone` (`ID`, `DESCRIPTION`, `NUMBER`, `OWNER_ID`) VALUES (746, 'Bil', '77775203', 378);
INSERT INTO `address` (`id`, `information`, `street`, `city_id`) VALUES (379, '379', 'Kullevej', 18);
INSERT INTO `company` (`ID`, `name`, `email`, `ADDRESS_ID`, cvr, description, marketValue, numberOfEmployees) VALUES (379, 'Company #379', 'company-37930@gmail.io', 379, '#53680089', 'Lorem ipsum dolor sit amet, consectetuer adipiscing elit. Nam quis nulla. Sed vel lectus. Donec odio tempus molestie, porttitor ut, iaculis quis, sem.', 85148417, 4851);
INSERT INTO `phone` (`ID`, `DESCRIPTION`, `NUMBER`, `OWNER_ID`) VALUES (747, 'Feriehjem', '66660692', 379);
INSERT INTO `phone` (`ID`, `DESCRIPTION`, `NUMBER`, `OWNER_ID`) VALUES (748, 'Bil', '76945011', 379);
INSERT INTO `address` (`id`, `information`, `street`, `city_id`) VALUES (380, '168', 'Kronhjortevej', 1156);
INSERT INTO `company` (`ID`, `name`, `email`, `ADDRESS_ID`, cvr, description, marketValue, numberOfEmployees) VALUES (380, 'Company #380', 'company-380425@outlook.eu', 380, '#78063032', 'Lorem ipsum dolor sit amet, consectetuer adipiscing elit. Nam quis nulla. Sed vel lectus. Donec odio tempus molestie, porttitor ut, iaculis quis, sem.', 58894957, 1447);
INSERT INTO `phone` (`ID`, `DESCRIPTION`, `NUMBER`, `OWNER_ID`) VALUES (749, 'Hjem', '72373831', 380);
INSERT INTO `address` (`id`, `information`, `street`, `city_id`) VALUES (381, '298', 'Østgaardsvej', 812);
INSERT INTO `company` (`ID`, `name`, `email`, `ADDRESS_ID`, cvr, description, marketValue, numberOfEmployees) VALUES (381, 'Company #381', 'company-381119@outlook.com', 381, '#87558342', 'Lorem ipsum dolor sit amet, consectetuer adipiscing elit. Nam quis nulla. Sed vel lectus. Donec odio tempus molestie, porttitor ut, iaculis quis, sem.', 77870497, 2742);
INSERT INTO `phone` (`ID`, `DESCRIPTION`, `NUMBER`, `OWNER_ID`) VALUES (750, 'Feriehjem', '54603975', 381);
INSERT INTO `phone` (`ID`, `DESCRIPTION`, `NUMBER`, `OWNER_ID`) VALUES (751, 'Mobil', '11392465', 381);
INSERT INTO `phone` (`ID`, `DESCRIPTION`, `NUMBER`, `OWNER_ID`) VALUES (752, 'Arbejde', '75587217', 381);
INSERT INTO `address` (`id`, `information`, `street`, `city_id`) VALUES (382, '37', 'Kronhjortevej', 1263);
INSERT INTO `company` (`ID`, `name`, `email`, `ADDRESS_ID`, cvr, description, marketValue, numberOfEmployees) VALUES (382, 'Company #382', 'company-38223@gmail.com', 382, '#27124407', 'Lorem ipsum dolor sit amet, consectetuer adipiscing elit. Nam quis nulla. Sed vel lectus. Donec odio tempus molestie, porttitor ut, iaculis quis, sem.', 76578175, 974);
INSERT INTO `phone` (`ID`, `DESCRIPTION`, `NUMBER`, `OWNER_ID`) VALUES (753, 'Bil', '41482709', 382);
INSERT INTO `phone` (`ID`, `DESCRIPTION`, `NUMBER`, `OWNER_ID`) VALUES (754, 'Hjem', '36659637', 382);
INSERT INTO `phone` (`ID`, `DESCRIPTION`, `NUMBER`, `OWNER_ID`) VALUES (755, 'Feriehjem', '95220322', 382);
INSERT INTO `address` (`id`, `information`, `street`, `city_id`) VALUES (383, '497', 'Østgaardsvej', 611);
INSERT INTO `company` (`ID`, `name`, `email`, `ADDRESS_ID`, cvr, description, marketValue, numberOfEmployees) VALUES (383, 'Company #383', 'company-383252@protonmail.io', 383, '#40350278', 'Lorem ipsum dolor sit amet, consectetuer adipiscing elit. Nam quis nulla. Sed vel lectus. Donec odio tempus molestie, porttitor ut, iaculis quis, sem.', 59739293, 91);
INSERT INTO `phone` (`ID`, `DESCRIPTION`, `NUMBER`, `OWNER_ID`) VALUES (756, 'Arbejde', '99938193', 383);
INSERT INTO `phone` (`ID`, `DESCRIPTION`, `NUMBER`, `OWNER_ID`) VALUES (757, 'Feriehjem', '85724766', 383);
INSERT INTO `phone` (`ID`, `DESCRIPTION`, `NUMBER`, `OWNER_ID`) VALUES (758, 'Bil', '68260419', 383);
INSERT INTO `address` (`id`, `information`, `street`, `city_id`) VALUES (384, '285', 'Milanovicvej', 21);
INSERT INTO `company` (`ID`, `name`, `email`, `ADDRESS_ID`, cvr, description, marketValue, numberOfEmployees) VALUES (384, 'Company #384', 'company-38450@yahoo.dk', 384, '#34363845', 'Lorem ipsum dolor sit amet, consectetuer adipiscing elit. Nam quis nulla. Sed vel lectus. Donec odio tempus molestie, porttitor ut, iaculis quis, sem.', 54179415, 4819);
INSERT INTO `phone` (`ID`, `DESCRIPTION`, `NUMBER`, `OWNER_ID`) VALUES (759, 'Hjem', '73911307', 384);
INSERT INTO `phone` (`ID`, `DESCRIPTION`, `NUMBER`, `OWNER_ID`) VALUES (760, 'Feriehjem', '90010638', 384);
INSERT INTO `address` (`id`, `information`, `street`, `city_id`) VALUES (385, '186', 'Baunebjergvej', 1104);
INSERT INTO `company` (`ID`, `name`, `email`, `ADDRESS_ID`, cvr, description, marketValue, numberOfEmployees) VALUES (385, 'Company #385', 'company-385444@protonmail.dk', 385, '#57008789', 'Lorem ipsum dolor sit amet, consectetuer adipiscing elit. Nam quis nulla. Sed vel lectus. Donec odio tempus molestie, porttitor ut, iaculis quis, sem.', 9000968, 1935);
INSERT INTO `phone` (`ID`, `DESCRIPTION`, `NUMBER`, `OWNER_ID`) VALUES (761, 'Feriehjem', '1546224', 385);
INSERT INTO `address` (`id`, `information`, `street`, `city_id`) VALUES (386, '11', 'Møllevangen', 561);
INSERT INTO `company` (`ID`, `name`, `email`, `ADDRESS_ID`, cvr, description, marketValue, numberOfEmployees) VALUES (386, 'Company #386', 'company-386234@outlook.io', 386, '#60446253', 'Lorem ipsum dolor sit amet, consectetuer adipiscing elit. Nam quis nulla. Sed vel lectus. Donec odio tempus molestie, porttitor ut, iaculis quis, sem.', 97197415, 3339);
INSERT INTO `phone` (`ID`, `DESCRIPTION`, `NUMBER`, `OWNER_ID`) VALUES (762, 'Hjem', '24342388', 386);
INSERT INTO `phone` (`ID`, `DESCRIPTION`, `NUMBER`, `OWNER_ID`) VALUES (763, 'Feriehjem', '27688197', 386);
INSERT INTO `address` (`id`, `information`, `street`, `city_id`) VALUES (387, '473', 'Baunebjergvej', 747);
INSERT INTO `company` (`ID`, `name`, `email`, `ADDRESS_ID`, cvr, description, marketValue, numberOfEmployees) VALUES (387, 'Company #387', 'company-387301@yahoo.eu', 387, '#2528505', 'Lorem ipsum dolor sit amet, consectetuer adipiscing elit. Nam quis nulla. Sed vel lectus. Donec odio tempus molestie, porttitor ut, iaculis quis, sem.', 64680672, 1833);
INSERT INTO `phone` (`ID`, `DESCRIPTION`, `NUMBER`, `OWNER_ID`) VALUES (764, 'Feriehjem', '10275119', 387);
INSERT INTO `phone` (`ID`, `DESCRIPTION`, `NUMBER`, `OWNER_ID`) VALUES (765, 'Arbejde', '50975544', 387);
INSERT INTO `phone` (`ID`, `DESCRIPTION`, `NUMBER`, `OWNER_ID`) VALUES (766, 'Mobil', '97012043', 387);
INSERT INTO `address` (`id`, `information`, `street`, `city_id`) VALUES (388, '357', 'Baunebjergvej', 1232);
INSERT INTO `company` (`ID`, `name`, `email`, `ADDRESS_ID`, cvr, description, marketValue, numberOfEmployees) VALUES (388, 'Company #388', 'company-38857@hotmail.io', 388, '#93881807', 'Lorem ipsum dolor sit amet, consectetuer adipiscing elit. Nam quis nulla. Sed vel lectus. Donec odio tempus molestie, porttitor ut, iaculis quis, sem.', 13828075, 4350);
INSERT INTO `phone` (`ID`, `DESCRIPTION`, `NUMBER`, `OWNER_ID`) VALUES (767, 'Feriehjem', '44390641', 388);
INSERT INTO `phone` (`ID`, `DESCRIPTION`, `NUMBER`, `OWNER_ID`) VALUES (768, 'Mobil', '79103076', 388);
INSERT INTO `address` (`id`, `information`, `street`, `city_id`) VALUES (389, '39', 'Møllevangen', 1110);
INSERT INTO `company` (`ID`, `name`, `email`, `ADDRESS_ID`, cvr, description, marketValue, numberOfEmployees) VALUES (389, 'Company #389', 'company-389226@gmail.eu', 389, '#67693872', 'Lorem ipsum dolor sit amet, consectetuer adipiscing elit. Nam quis nulla. Sed vel lectus. Donec odio tempus molestie, porttitor ut, iaculis quis, sem.', 60772296, 3044);
INSERT INTO `phone` (`ID`, `DESCRIPTION`, `NUMBER`, `OWNER_ID`) VALUES (769, 'Hjem', '39237307', 389);
INSERT INTO `phone` (`ID`, `DESCRIPTION`, `NUMBER`, `OWNER_ID`) VALUES (770, 'Feriehjem', '22396621', 389);
INSERT INTO `address` (`id`, `information`, `street`, `city_id`) VALUES (390, '48', 'Baunebjergvej', 1144);
INSERT INTO `company` (`ID`, `name`, `email`, `ADDRESS_ID`, cvr, description, marketValue, numberOfEmployees) VALUES (390, 'Company #390', 'company-390137@yahoo.eu', 390, '#94895569', 'Lorem ipsum dolor sit amet, consectetuer adipiscing elit. Nam quis nulla. Sed vel lectus. Donec odio tempus molestie, porttitor ut, iaculis quis, sem.', 22844046, 3033);
INSERT INTO `phone` (`ID`, `DESCRIPTION`, `NUMBER`, `OWNER_ID`) VALUES (771, 'Feriehjem', '24734963', 390);
INSERT INTO `phone` (`ID`, `DESCRIPTION`, `NUMBER`, `OWNER_ID`) VALUES (772, 'Arbejde', '45128462', 390);
INSERT INTO `address` (`id`, `information`, `street`, `city_id`) VALUES (391, '462', 'Kronhjortevej', 1125);
INSERT INTO `company` (`ID`, `name`, `email`, `ADDRESS_ID`, cvr, description, marketValue, numberOfEmployees) VALUES (391, 'Company #391', 'company-3914@zoho.com', 391, '#74670605', 'Lorem ipsum dolor sit amet, consectetuer adipiscing elit. Nam quis nulla. Sed vel lectus. Donec odio tempus molestie, porttitor ut, iaculis quis, sem.', 77113155, 1208);
INSERT INTO `phone` (`ID`, `DESCRIPTION`, `NUMBER`, `OWNER_ID`) VALUES (773, 'Hjem', '89311149', 391);
INSERT INTO `phone` (`ID`, `DESCRIPTION`, `NUMBER`, `OWNER_ID`) VALUES (774, 'Mobil', '74837705', 391);
INSERT INTO `address` (`id`, `information`, `street`, `city_id`) VALUES (392, '69', 'Milanovicvej', 59);
INSERT INTO `company` (`ID`, `name`, `email`, `ADDRESS_ID`, cvr, description, marketValue, numberOfEmployees) VALUES (392, 'Company #392', 'company-392408@yahoo.eu', 392, '#43066937', 'Lorem ipsum dolor sit amet, consectetuer adipiscing elit. Nam quis nulla. Sed vel lectus. Donec odio tempus molestie, porttitor ut, iaculis quis, sem.', 27884047, 467);
INSERT INTO `phone` (`ID`, `DESCRIPTION`, `NUMBER`, `OWNER_ID`) VALUES (775, 'Mobil', '58697199', 392);
INSERT INTO `phone` (`ID`, `DESCRIPTION`, `NUMBER`, `OWNER_ID`) VALUES (776, 'Feriehjem', '16235671', 392);
INSERT INTO `phone` (`ID`, `DESCRIPTION`, `NUMBER`, `OWNER_ID`) VALUES (777, 'Feriehjem', '49095968', 392);
INSERT INTO `address` (`id`, `information`, `street`, `city_id`) VALUES (393, '273', 'Milanovicvej', 814);
INSERT INTO `company` (`ID`, `name`, `email`, `ADDRESS_ID`, cvr, description, marketValue, numberOfEmployees) VALUES (393, 'Company #393', 'company-393405@hotmail.com', 393, '#86212934', 'Lorem ipsum dolor sit amet, consectetuer adipiscing elit. Nam quis nulla. Sed vel lectus. Donec odio tempus molestie, porttitor ut, iaculis quis, sem.', 42215544, 2061);
INSERT INTO `phone` (`ID`, `DESCRIPTION`, `NUMBER`, `OWNER_ID`) VALUES (778, 'Mobil', '19489046', 393);
INSERT INTO `phone` (`ID`, `DESCRIPTION`, `NUMBER`, `OWNER_ID`) VALUES (779, 'Mobil', '78480363', 393);
INSERT INTO `phone` (`ID`, `DESCRIPTION`, `NUMBER`, `OWNER_ID`) VALUES (780, 'Mobil', '43079845', 393);
INSERT INTO `address` (`id`, `information`, `street`, `city_id`) VALUES (394, '284', 'Kullevej', 1216);
INSERT INTO `company` (`ID`, `name`, `email`, `ADDRESS_ID`, cvr, description, marketValue, numberOfEmployees) VALUES (394, 'Company #394', 'company-394364@outlook.dk', 394, '#96789224', 'Lorem ipsum dolor sit amet, consectetuer adipiscing elit. Nam quis nulla. Sed vel lectus. Donec odio tempus molestie, porttitor ut, iaculis quis, sem.', 47976321, 2264);
INSERT INTO `phone` (`ID`, `DESCRIPTION`, `NUMBER`, `OWNER_ID`) VALUES (781, 'Hjem', '59414294', 394);
INSERT INTO `address` (`id`, `information`, `street`, `city_id`) VALUES (395, '449', 'Møllevangen', 863);
INSERT INTO `company` (`ID`, `name`, `email`, `ADDRESS_ID`, cvr, description, marketValue, numberOfEmployees) VALUES (395, 'Company #395', 'company-395109@zoho.com', 395, '#4555705', 'Lorem ipsum dolor sit amet, consectetuer adipiscing elit. Nam quis nulla. Sed vel lectus. Donec odio tempus molestie, porttitor ut, iaculis quis, sem.', 11139533, 4713);
INSERT INTO `phone` (`ID`, `DESCRIPTION`, `NUMBER`, `OWNER_ID`) VALUES (782, 'Hjem', '62898989', 395);
INSERT INTO `phone` (`ID`, `DESCRIPTION`, `NUMBER`, `OWNER_ID`) VALUES (783, 'Arbejde', '16446480', 395);
INSERT INTO `phone` (`ID`, `DESCRIPTION`, `NUMBER`, `OWNER_ID`) VALUES (784, 'Mobil', '33324924', 395);
INSERT INTO `address` (`id`, `information`, `street`, `city_id`) VALUES (396, '220', 'Hjortekærsvej', 410);
INSERT INTO `company` (`ID`, `name`, `email`, `ADDRESS_ID`, cvr, description, marketValue, numberOfEmployees) VALUES (396, 'Company #396', 'company-396241@yahoo.com', 396, '#87659535', 'Lorem ipsum dolor sit amet, consectetuer adipiscing elit. Nam quis nulla. Sed vel lectus. Donec odio tempus molestie, porttitor ut, iaculis quis, sem.', 72210598, 1468);
INSERT INTO `phone` (`ID`, `DESCRIPTION`, `NUMBER`, `OWNER_ID`) VALUES (785, 'Mobil', '61793006', 396);
INSERT INTO `address` (`id`, `information`, `street`, `city_id`) VALUES (397, '444', 'Møllevangen', 1018);
INSERT INTO `company` (`ID`, `name`, `email`, `ADDRESS_ID`, cvr, description, marketValue, numberOfEmployees) VALUES (397, 'Company #397', 'company-397162@gmail.dk', 397, '#13000273', 'Lorem ipsum dolor sit amet, consectetuer adipiscing elit. Nam quis nulla. Sed vel lectus. Donec odio tempus molestie, porttitor ut, iaculis quis, sem.', 79369997, 3083);
INSERT INTO `phone` (`ID`, `DESCRIPTION`, `NUMBER`, `OWNER_ID`) VALUES (786, 'Bil', '79079757', 397);
INSERT INTO `phone` (`ID`, `DESCRIPTION`, `NUMBER`, `OWNER_ID`) VALUES (787, 'Arbejde', '87889355', 397);
INSERT INTO `phone` (`ID`, `DESCRIPTION`, `NUMBER`, `OWNER_ID`) VALUES (788, 'Hjem', '80280872', 397);
INSERT INTO `address` (`id`, `information`, `street`, `city_id`) VALUES (398, '214', 'Kullevej', 687);
INSERT INTO `company` (`ID`, `name`, `email`, `ADDRESS_ID`, cvr, description, marketValue, numberOfEmployees) VALUES (398, 'Company #398', 'company-398460@zoho.dk', 398, '#92637068', 'Lorem ipsum dolor sit amet, consectetuer adipiscing elit. Nam quis nulla. Sed vel lectus. Donec odio tempus molestie, porttitor ut, iaculis quis, sem.', 8550016, 788);
INSERT INTO `phone` (`ID`, `DESCRIPTION`, `NUMBER`, `OWNER_ID`) VALUES (789, 'Feriehjem', '20314523', 398);
INSERT INTO `phone` (`ID`, `DESCRIPTION`, `NUMBER`, `OWNER_ID`) VALUES (790, 'Mobil', '74896553', 398);
INSERT INTO `address` (`id`, `information`, `street`, `city_id`) VALUES (399, '129', 'Hjortekærsvej', 850);
INSERT INTO `company` (`ID`, `name`, `email`, `ADDRESS_ID`, cvr, description, marketValue, numberOfEmployees) VALUES (399, 'Company #399', 'company-399340@zoho.com', 399, '#90307356', 'Lorem ipsum dolor sit amet, consectetuer adipiscing elit. Nam quis nulla. Sed vel lectus. Donec odio tempus molestie, porttitor ut, iaculis quis, sem.', 69520968, 2188);
INSERT INTO `phone` (`ID`, `DESCRIPTION`, `NUMBER`, `OWNER_ID`) VALUES (791, 'Hjem', '8412795', 399);
INSERT INTO `phone` (`ID`, `DESCRIPTION`, `NUMBER`, `OWNER_ID`) VALUES (792, 'Feriehjem', '60707282', 399);
INSERT INTO `phone` (`ID`, `DESCRIPTION`, `NUMBER`, `OWNER_ID`) VALUES (793, 'Bil', '69886406', 399);
INSERT INTO `address` (`id`, `information`, `street`, `city_id`) VALUES (400, '450', 'Østgaardsvej', 777);
INSERT INTO `company` (`ID`, `name`, `email`, `ADDRESS_ID`, cvr, description, marketValue, numberOfEmployees) VALUES (400, 'Company #400', 'company-400353@protonmail.eu', 400, '#88119808', 'Lorem ipsum dolor sit amet, consectetuer adipiscing elit. Nam quis nulla. Sed vel lectus. Donec odio tempus molestie, porttitor ut, iaculis quis, sem.', 63996028, 1114);
INSERT INTO `phone` (`ID`, `DESCRIPTION`, `NUMBER`, `OWNER_ID`) VALUES (794, 'Bil', '97905943', 400);
INSERT INTO `phone` (`ID`, `DESCRIPTION`, `NUMBER`, `OWNER_ID`) VALUES (795, 'Arbejde', '85394272', 400);
INSERT INTO `phone` (`ID`, `DESCRIPTION`, `NUMBER`, `OWNER_ID`) VALUES (796, 'Mobil', '88428818', 400);
